-- --------------------------------------------------------
-- 主机:                           localhost
-- 服务器版本:                        5.7.19 - MySQL Community Server (GPL)
-- 服务器操作系统:                      Win64
-- HeidiSQL 版本:                  9.4.0.5125
-- --------------------------------------------------------

/*!40101 SET @OLD_CHARACTER_SET_CLIENT=@@CHARACTER_SET_CLIENT */;
/*!40101 SET NAMES utf8 */;
/*!50503 SET NAMES utf8mb4 */;
/*!40014 SET @OLD_FOREIGN_KEY_CHECKS=@@FOREIGN_KEY_CHECKS, FOREIGN_KEY_CHECKS=0 */;
/*!40101 SET @OLD_SQL_MODE=@@SQL_MODE, SQL_MODE='NO_AUTO_VALUE_ON_ZERO' */;

-- 导出  表 homestead.abilities 结构
CREATE TABLE IF NOT EXISTS `abilities` (
  `id` int(10) unsigned NOT NULL AUTO_INCREMENT,
  `name` varchar(150) COLLATE utf8_unicode_ci NOT NULL,
  `route_path` varchar(150) COLLATE utf8_unicode_ci NOT NULL,
  `title` varchar(255) COLLATE utf8_unicode_ci DEFAULT NULL,
  `entity_id` int(10) unsigned DEFAULT NULL,
  `entity_type` varchar(150) COLLATE utf8_unicode_ci DEFAULT NULL,
  `only_owned` tinyint(1) NOT NULL DEFAULT '0',
  `scope` int(11) DEFAULT NULL,
  `created_at` timestamp NULL DEFAULT NULL,
  `updated_at` timestamp NULL DEFAULT NULL,
  PRIMARY KEY (`id`),
  KEY `abilities_scope_index` (`scope`)
) ENGINE=InnoDB AUTO_INCREMENT=640 DEFAULT CHARSET=utf8 COLLATE=utf8_unicode_ci;

-- 正在导出表  homestead.abilities 的数据：~68 rows (大约)
/*!40000 ALTER TABLE `abilities` DISABLE KEYS */;
INSERT INTO `abilities` (`id`, `name`, `route_path`, `title`, `entity_id`, `entity_type`, `only_owned`, `scope`, `created_at`, `updated_at`) VALUES
	(1, '*', '', 'all abilities', NULL, '*', 0, NULL, '2018-07-27 09:37:18', '2018-08-06 16:22:43'),
	(556, 'welcome', '/', 'welcome', NULL, NULL, 0, NULL, '2018-08-06 10:24:57', '2018-08-06 10:24:57'),
	(557, 'home', '/home', 'home', NULL, NULL, 0, NULL, '2018-08-06 10:24:57', '2018-08-06 10:24:57'),
	(558, 'ro', '/ro', 'ro', NULL, NULL, 0, NULL, '2018-08-06 10:24:57', '2018-08-06 10:24:57'),
	(559, 'api.auth.login', '/auth/login', 'api auth login', NULL, NULL, 0, NULL, '2018-08-06 10:24:57', '2018-08-06 10:24:57'),
	(560, 'api.auth.logout', '/auth/logout', 'api auth logout', NULL, NULL, 0, NULL, '2018-08-06 10:24:57', '2018-08-06 10:24:57'),
	(561, 'api.auth.refresh', '/auth/refresh', 'api auth refresh', NULL, NULL, 0, NULL, '2018-08-06 10:24:57', '2018-08-06 10:24:57'),
	(562, 'api.auth.getUserInfo', '/auth/userinfo', 'api auth getUserInfo', NULL, NULL, 0, NULL, '2018-08-06 10:24:57', '2018-08-06 10:24:57'),
	(563, 'api.auth.saveUserInfo', '/auth/userinfo', 'api auth saveUserInfo', NULL, NULL, 0, NULL, '2018-08-06 10:24:57', '2018-08-06 10:24:57'),
	(565, 'api.users.index', '/users', 'api users index', NULL, NULL, 0, NULL, '2018-08-06 10:24:57', '2018-08-06 10:24:57'),
	(566, 'api.users.create', '/users/create', 'api users create', NULL, NULL, 0, NULL, '2018-08-06 10:24:57', '2018-08-06 10:24:57'),
	(567, 'api.users.store', '/users', 'api users store', NULL, NULL, 0, NULL, '2018-08-06 10:24:57', '2018-08-06 10:24:57'),
	(568, 'api.users.show', '/users/{users}', 'api users show', NULL, NULL, 0, NULL, '2018-08-06 10:24:57', '2018-08-06 10:24:57'),
	(569, 'api.users.edit', '/users/{users}/edit', 'api users edit', NULL, NULL, 0, NULL, '2018-08-06 10:24:57', '2018-08-06 10:24:57'),
	(570, 'api.users.update', '/users/{users}', 'api users update', NULL, NULL, 0, NULL, '2018-08-06 10:24:57', '2018-08-06 10:24:57'),
	(571, 'api.users.destroy', '/users/{users}', 'api users destroy', NULL, NULL, 0, NULL, '2018-08-06 10:24:57', '2018-08-06 10:24:57'),
	(572, 'api.user.getRoles', '/user/roles/{user}', 'api user getRoles', NULL, NULL, 0, NULL, '2018-08-06 10:24:57', '2018-08-06 10:24:57'),
	(573, 'api.user.updateRoles', '/user/roles', 'api user updateRoles', NULL, NULL, 0, NULL, '2018-08-06 10:24:57', '2018-08-06 10:24:57'),
	(574, 'api.roles.index', '/roles', 'api roles index', NULL, NULL, 0, NULL, '2018-08-06 10:24:57', '2018-08-06 10:24:57'),
	(575, 'api.roles.create', '/roles/create', 'api roles create', NULL, NULL, 0, NULL, '2018-08-06 10:24:57', '2018-08-06 10:24:57'),
	(576, 'api.roles.store', '/roles', 'api roles store', NULL, NULL, 0, NULL, '2018-08-06 10:24:57', '2018-08-06 10:24:57'),
	(577, 'api.roles.show', '/roles/{roles}', 'api roles show', NULL, NULL, 0, NULL, '2018-08-06 10:24:57', '2018-08-06 10:24:57'),
	(578, 'api.roles.edit', '/roles/{roles}/edit', 'api roles edit', NULL, NULL, 0, NULL, '2018-08-06 10:24:57', '2018-08-06 10:24:57'),
	(579, 'api.roles.update', '/roles/{roles}', 'api roles update', NULL, NULL, 0, NULL, '2018-08-06 10:24:57', '2018-08-06 10:24:57'),
	(580, 'api.roles.destroy', '/roles/{roles}', 'api roles destroy', NULL, NULL, 0, NULL, '2018-08-06 10:24:57', '2018-08-06 10:24:57'),
	(581, 'api.roles.ability', '/roles/{role}/ability', 'api roles ability', NULL, NULL, 0, NULL, '2018-08-06 10:24:57', '2018-08-06 10:24:57'),
	(582, 'api.permission.index', '/permission', 'api permission index', NULL, NULL, 0, NULL, '2018-08-06 10:24:57', '2018-08-06 10:24:57'),
	(583, 'api.permission.create', '/permission/create', 'api permission create', NULL, NULL, 0, NULL, '2018-08-06 10:24:57', '2018-08-06 10:24:57'),
	(584, 'api.permission.store', '/permission', 'api permission store', NULL, NULL, 0, NULL, '2018-08-06 10:24:57', '2018-08-06 10:24:57'),
	(585, 'api.permission.show', '/permission/{permission}', 'api permission show', NULL, NULL, 0, NULL, '2018-08-06 10:24:57', '2018-08-06 10:24:57'),
	(586, 'api.permission.edit', '/permission/{permission}/edit', 'api permission edit', NULL, NULL, 0, NULL, '2018-08-06 10:24:57', '2018-08-06 10:24:57'),
	(587, 'api.permission.update', '/permission/{permission}', 'api permission update', NULL, NULL, 0, NULL, '2018-08-06 10:24:57', '2018-08-06 10:24:57'),
	(588, 'api.permission.destroy', '/permission/{permission}', 'api permission destroy', NULL, NULL, 0, NULL, '2018-08-06 10:24:57', '2018-08-06 10:24:57'),
	(589, 'api.permission.search', '/permission/{name}/search', 'api permission search', NULL, NULL, 0, NULL, '2018-08-06 10:24:57', '2018-08-06 10:24:57'),
	(590, 'api.menu.index', '/menu', 'api menu index', NULL, NULL, 0, NULL, '2018-08-06 10:24:57', '2018-08-06 10:24:57'),
	(591, 'api.menu.create', '/menu/create', 'api menu create', NULL, NULL, 0, NULL, '2018-08-06 10:24:57', '2018-08-06 10:24:57'),
	(592, 'api.menu.store', '/menu', 'api menu store', NULL, NULL, 0, NULL, '2018-08-06 10:24:57', '2018-08-06 10:24:57'),
	(593, 'api.menu.show', '/menu/{menu}', 'api menu show', NULL, NULL, 0, NULL, '2018-08-06 10:24:57', '2018-08-06 10:24:57'),
	(594, 'api.menu.edit', '/menu/{menu}/edit', 'api menu edit', NULL, NULL, 0, NULL, '2018-08-06 10:24:57', '2018-08-06 10:24:57'),
	(595, 'api.menu.update', '/menu/{menu}', 'api menu update', NULL, NULL, 0, NULL, '2018-08-06 10:24:57', '2018-08-06 10:24:57'),
	(596, 'api.menu.destroy', '/menu/{menu}', 'api menu destroy', NULL, NULL, 0, NULL, '2018-08-06 10:24:57', '2018-08-06 10:24:57'),
	(597, 'api.menu.createButton', '/menu/{menu}/buttons', 'api menu createButton', NULL, NULL, 0, NULL, '2018-08-06 10:24:57', '2018-08-06 10:24:57'),
	(598, 'api.company.index', '/company', 'api company index', NULL, NULL, 0, NULL, '2018-08-06 10:24:57', '2018-08-06 10:24:57'),
	(599, 'api.company.create', '/company/create', 'api company create', NULL, NULL, 0, NULL, '2018-08-06 10:24:57', '2018-08-06 10:24:57'),
	(600, 'api.company.store', '/company', 'api company store', NULL, NULL, 0, NULL, '2018-08-06 10:24:57', '2018-08-06 10:24:57'),
	(601, 'api.company.show', '/company/{company}', 'api company show', NULL, NULL, 0, NULL, '2018-08-06 10:24:57', '2018-08-06 10:24:57'),
	(602, 'api.company.edit', '/company/{company}/edit', 'api company edit', NULL, NULL, 0, NULL, '2018-08-06 10:24:57', '2018-08-06 10:24:57'),
	(603, 'api.company.update', '/company/{company}', 'api company update', NULL, NULL, 0, NULL, '2018-08-06 10:24:57', '2018-08-06 10:24:57'),
	(604, 'api.company.destroy', '/company/{company}', 'api company destroy', NULL, NULL, 0, NULL, '2018-08-06 10:24:57', '2018-08-06 10:24:57'),
	(605, 'api.upload.store', '/upload', 'api upload store', NULL, NULL, 0, NULL, '2018-08-06 10:24:57', '2018-08-06 10:24:57'),
	(624, 'notification.index', '/notification', 'notification index', NULL, NULL, 0, NULL, '2018-08-07 15:40:35', '2018-08-07 15:40:35'),
	(625, 'notification.create', '/notification/create', 'notification create', NULL, NULL, 0, NULL, '2018-08-07 15:40:35', '2018-08-07 15:40:35'),
	(626, 'notification.store', '/notification', 'notification store', NULL, NULL, 0, NULL, '2018-08-07 15:40:35', '2018-08-07 15:40:35'),
	(627, 'notification.show', '/notification/{notification}', 'notification show', NULL, NULL, 0, NULL, '2018-08-07 15:40:35', '2018-08-07 15:40:35'),
	(628, 'notification.edit', '/notification/{notification}/edit', 'notification edit', NULL, NULL, 0, NULL, '2018-08-07 15:40:35', '2018-08-07 15:40:35'),
	(629, 'notification.update', '/notification/{notification}', 'notification update', NULL, NULL, 0, NULL, '2018-08-07 15:40:35', '2018-08-07 15:40:35'),
	(630, 'notification.destroy', '/notification/{notification}', 'notification destroy', NULL, NULL, 0, NULL, '2018-08-07 15:40:35', '2018-08-07 15:40:35'),
	(631, 'api.notification.index', '/notification', 'api notification index', NULL, NULL, 0, NULL, '2018-08-07 15:40:35', '2018-08-07 15:40:35'),
	(632, 'api.notification.create', '/notification/create', 'api notification create', NULL, NULL, 0, NULL, '2018-08-07 15:40:35', '2018-08-07 15:40:35'),
	(633, 'api.notification.store', '/notification', 'api notification store', NULL, NULL, 0, NULL, '2018-08-07 15:40:35', '2018-08-07 15:40:35'),
	(634, 'api.notification.show', '/notification/{notification}', 'api notification show', NULL, NULL, 0, NULL, '2018-08-07 15:40:35', '2018-08-07 15:40:35'),
	(635, 'api.notification.edit', '/notification/{notification}/edit', 'api notification edit', NULL, NULL, 0, NULL, '2018-08-07 15:40:35', '2018-08-07 15:40:35'),
	(636, 'api.notification.update', '/notification/{notification}', 'api notification update', NULL, NULL, 0, NULL, '2018-08-07 15:40:35', '2018-08-07 15:40:35'),
	(637, 'api.notification.destroy', '/notification/{notification}', 'api notification destroy', NULL, NULL, 0, NULL, '2018-08-07 15:40:35', '2018-08-07 15:40:35'),
	(638, 'api.notification.unread', '/notification/{notification}/unread', 'api notification unread', NULL, NULL, 0, NULL, '2018-08-07 15:40:35', '2018-08-07 15:40:35'),
	(639, 'api.notification.unreadAll', '/notification/unreadall', 'api notification unreadAll', NULL, NULL, 0, NULL, '2018-08-07 15:40:35', '2018-08-07 15:40:35');
/*!40000 ALTER TABLE `abilities` ENABLE KEYS */;

-- 导出  表 homestead.action_log 结构
CREATE TABLE IF NOT EXISTS `action_log` (
  `id` int(10) unsigned NOT NULL AUTO_INCREMENT,
  `uid` varchar(255) COLLATE utf8_unicode_ci NOT NULL COMMENT '用户id',
  `username` varchar(255) COLLATE utf8_unicode_ci NOT NULL COMMENT '姓名',
  `type` varchar(50) COLLATE utf8_unicode_ci NOT NULL COMMENT '操作类型',
  `ip` varchar(50) COLLATE utf8_unicode_ci NOT NULL COMMENT '操作者ip',
  `browser` varchar(150) COLLATE utf8_unicode_ci NOT NULL COMMENT '浏览器',
  `system` varchar(50) COLLATE utf8_unicode_ci NOT NULL COMMENT '操作系统',
  `url` varchar(150) COLLATE utf8_unicode_ci NOT NULL COMMENT 'url',
  `content` varchar(255) COLLATE utf8_unicode_ci NOT NULL COMMENT '操作描述',
  `created_at` timestamp NULL DEFAULT NULL,
  `updated_at` timestamp NULL DEFAULT NULL,
  PRIMARY KEY (`id`)
) ENGINE=InnoDB AUTO_INCREMENT=42 DEFAULT CHARSET=utf8 COLLATE=utf8_unicode_ci;

-- 正在导出表  homestead.action_log 的数据：~37 rows (大约)
/*!40000 ALTER TABLE `action_log` DISABLE KEYS */;
INSERT INTO `action_log` (`id`, `uid`, `username`, `type`, `ip`, `browser`, `system`, `url`, `content`, `created_at`, `updated_at`) VALUES
	(1, '0', '访客', 'update', '127.0.0.1', 'Chrome 67.0.3396.99', 'Windows 7', '/api/users/1', '更新的id:1', '2018-08-13 10:09:23', '2018-08-13 10:09:23'),
	(3, '0', '访客', 'update', '127.0.0.1', 'Chrome 67.0.3396.99', 'Windows 7', '/api/users/2', '更新的id:2', '2018-08-13 10:11:43', '2018-08-13 10:11:43'),
	(4, '0', '访客', 'update', '127.0.0.1', 'Chrome 67.0.3396.99', 'Windows 7', '/api/users/8', '更新的id:8', '2018-08-13 10:33:39', '2018-08-13 10:33:39'),
	(5, '0', '访客', 'update', '127.0.0.1', 'Chrome 67.0.3396.99', 'Windows 7', '/api/users/4', '更新的id:4', '2018-08-13 10:34:13', '2018-08-13 10:34:13'),
	(6, '0', '访客', 'update', '127.0.0.1', 'Chrome 67.0.3396.99', 'Windows 7', '/api/users/9', '更新的id:9', '2018-08-13 10:34:43', '2018-08-13 10:34:43'),
	(7, '0', '访客', 'update', '127.0.0.1', 'Chrome 67.0.3396.99', 'Windows 7', '/api/users/8', '更新的id:8', '2018-08-13 10:34:56', '2018-08-13 10:34:56'),
	(8, '0', '访客', 'update', '127.0.0.1', 'Chrome 67.0.3396.99', 'Windows 7', '/api/users/10', '更新的id:10', '2018-08-13 10:35:03', '2018-08-13 10:35:03'),
	(9, '0', '访客', 'update', '127.0.0.1', 'Chrome 67.0.3396.99', 'Windows 7', '/api/users/6', '更新的id:6', '2018-08-13 10:54:07', '2018-08-13 10:54:07'),
	(10, '0', '访客', 'update', '127.0.0.1', 'Chrome 67.0.3396.99', 'Windows 7', '/api/users/4', '更新的id:4', '2018-08-13 10:57:06', '2018-08-13 10:57:06'),
	(11, '0', '访客', 'update', '127.0.0.1', 'Chrome 67.0.3396.99', 'Windows 7', '/api/users/5', '更新的id:5', '2018-08-13 11:01:24', '2018-08-13 11:01:24'),
	(12, '0', '访客', 'add', '127.0.0.1', 'Chrome 67.0.3396.99', 'Windows 7', '/api/users', '添加的id:108', '2018-08-13 11:17:58', '2018-08-13 11:17:58'),
	(13, '0', '访客', 'update', '127.0.0.1', 'Chrome 67.0.3396.99', 'Windows 7', '/api/users/108', '更新的id:108', '2018-08-13 11:18:09', '2018-08-13 11:18:09'),
	(14, '0', '访客', 'add', '127.0.0.1', '', '', '/', '添加的id:110', '2018-08-13 14:34:58', '2018-08-13 14:34:58'),
	(15, '0', '访客', 'add', '127.0.0.1', '', '', '/', '添加的id:111', '2018-08-13 14:34:58', '2018-08-13 14:34:58'),
	(16, '0', '访客', 'add', '127.0.0.1', '', '', '/', '添加的id:112', '2018-08-13 14:34:58', '2018-08-13 14:34:58'),
	(17, '0', '访客', 'add', '127.0.0.1', '', '', '/', '添加的id:113', '2018-08-13 14:34:58', '2018-08-13 14:34:58'),
	(18, '0', '访客', 'add', '127.0.0.1', '', '', '/', '添加的id:114', '2018-08-13 14:34:58', '2018-08-13 14:34:58'),
	(19, '0', '访客', 'add', '127.0.0.1', '', '', '/', '添加的id:115', '2018-08-13 14:34:58', '2018-08-13 14:34:58'),
	(20, '0', '访客', 'add', '127.0.0.1', '', '', '/', '添加的id:116', '2018-08-13 14:34:58', '2018-08-13 14:34:58'),
	(21, '0', '访客', 'add', '127.0.0.1', '', '', '/', '添加的id:117', '2018-08-13 14:34:58', '2018-08-13 14:34:58'),
	(22, '0', '访客', 'add', '127.0.0.1', '', '', '/', '添加的id:118', '2018-08-13 14:34:58', '2018-08-13 14:34:58'),
	(23, '0', '访客', 'add', '127.0.0.1', '', '', '/', '添加的id:119', '2018-08-13 14:34:58', '2018-08-13 14:34:58'),
	(24, '0', '访客', 'add', '127.0.0.1', '', '', '/', '添加的id:120', '2018-08-13 14:37:36', '2018-08-13 14:37:36'),
	(25, '0', '访客', 'add', '127.0.0.1', '', '', '/', '添加的id:121', '2018-08-13 14:37:36', '2018-08-13 14:37:36'),
	(26, '0', '访客', 'add', '127.0.0.1', '', '', '/', '添加的id:122', '2018-08-13 14:37:36', '2018-08-13 14:37:36'),
	(27, '0', '访客', 'add', '127.0.0.1', '', '', '/', '添加的id:123', '2018-08-13 14:37:36', '2018-08-13 14:37:36'),
	(28, '0', '访客', 'add', '127.0.0.1', '', '', '/', '添加的id:124', '2018-08-13 14:37:36', '2018-08-13 14:37:36'),
	(29, '0', '访客', 'add', '127.0.0.1', '', '', '/', '添加的id:125', '2018-08-13 14:37:36', '2018-08-13 14:37:36'),
	(30, '0', '访客', 'add', '127.0.0.1', '', '', '/', '添加的id:126', '2018-08-13 14:37:36', '2018-08-13 14:37:36'),
	(31, '0', '访客', 'add', '127.0.0.1', '', '', '/', '添加的id:127', '2018-08-13 14:37:36', '2018-08-13 14:37:36'),
	(32, '0', '访客', 'add', '127.0.0.1', '', '', '/', '添加的id:128', '2018-08-13 14:37:36', '2018-08-13 14:37:36'),
	(33, '0', '访客', 'add', '127.0.0.1', '', '', '/', '添加的id:129', '2018-08-13 14:37:36', '2018-08-13 14:37:36'),
	(34, '0', '访客', 'update', '127.0.0.1', 'Chrome 67.0.3396.99', 'Windows 7', '/api/users/7', '更新的id:7', '2018-08-13 14:58:42', '2018-08-13 14:58:42'),
	(35, '0', '访客', 'update', '127.0.0.1', 'Chrome 67.0.3396.99', 'Windows 7', '/api/users/4', '更新的id:4', '2018-08-13 15:00:08', '2018-08-13 15:00:08'),
	(36, '0', '访客', 'update', '127.0.0.1', 'Chrome 67.0.3396.99', 'Windows 7', '/api/users/8', '更新的id:8', '2018-08-13 15:04:38', '2018-08-13 15:04:38'),
	(37, '1', 'Lauriane', 'update', '127.0.0.1', 'Chrome 67.0.3396.99', 'Windows 7', '/api/users/9', '更新的id:9', '2018-08-13 15:16:08', '2018-08-13 15:16:08'),
	(38, '1', 'Lauriane', 'update', '127.0.0.1', 'Chrome 67.0.3396.99', 'Windows 7', '/api/users/4', '更新的id:4', '2018-08-13 15:40:39', '2018-08-13 15:40:39'),
	(39, '1', 'Lauriane', 'update', '127.0.0.1', 'Chrome 67.0.3396.99', 'Windows 7', '/api/users/10', '更新的id:10', '2018-08-13 15:43:23', '2018-08-13 15:43:23'),
	(40, '1', 'Lauriane', 'update', '127.0.0.1', 'Chrome 67.0.3396.99', 'Windows 7', '/api/users/10', '更新的id:10', '2018-08-13 15:44:35', '2018-08-13 15:44:35'),
	(41, '1', 'Lauriane', 'update', '127.0.0.1', 'Chrome 67.0.3396.99', 'Windows 7', '/api/users/9', '更新的id:9', '2018-08-13 15:56:10', '2018-08-13 15:56:10');
/*!40000 ALTER TABLE `action_log` ENABLE KEYS */;

-- 导出  表 homestead.assigned_roles 结构
CREATE TABLE IF NOT EXISTS `assigned_roles` (
  `role_id` int(10) unsigned NOT NULL,
  `entity_id` int(10) unsigned NOT NULL,
  `entity_type` varchar(150) COLLATE utf8_unicode_ci NOT NULL,
  `scope` int(11) DEFAULT NULL,
  KEY `assigned_roles_entity_index` (`entity_id`,`entity_type`,`scope`),
  KEY `assigned_roles_role_id_index` (`role_id`),
  KEY `assigned_roles_scope_index` (`scope`),
  CONSTRAINT `assigned_roles_role_id_foreign` FOREIGN KEY (`role_id`) REFERENCES `roles` (`id`) ON DELETE CASCADE ON UPDATE CASCADE
) ENGINE=InnoDB DEFAULT CHARSET=utf8 COLLATE=utf8_unicode_ci;

-- 正在导出表  homestead.assigned_roles 的数据：~10 rows (大约)
/*!40000 ALTER TABLE `assigned_roles` DISABLE KEYS */;
INSERT INTO `assigned_roles` (`role_id`, `entity_id`, `entity_type`, `scope`) VALUES
	(3, 1, 'App\\User', NULL),
	(1, 1, 'App\\SyUser', NULL),
	(15, 2, 'App\\User', NULL),
	(16, 3, 'App\\User', NULL),
	(17, 4, 'App\\User', NULL),
	(17, 3, 'App\\User', NULL),
	(4, 2, 'App\\User', NULL),
	(4, 3, 'App\\User', NULL),
	(15, 2, 'App\\SyUser', NULL),
	(4, 2, 'App\\SyUser', NULL),
	(20, 11, 'App\\SyUser', NULL),
	(1, 1, 'App\\User', NULL);
/*!40000 ALTER TABLE `assigned_roles` ENABLE KEYS */;

-- 导出  表 homestead.companies 结构
CREATE TABLE IF NOT EXISTS `companies` (
  `id` int(10) unsigned NOT NULL AUTO_INCREMENT,
  `name` varchar(100) COLLATE utf8_unicode_ci NOT NULL,
  `province` varchar(100) COLLATE utf8_unicode_ci DEFAULT NULL,
  `city` varchar(100) COLLATE utf8_unicode_ci DEFAULT NULL,
  `district` varchar(100) COLLATE utf8_unicode_ci DEFAULT NULL,
  `address` varchar(255) COLLATE utf8_unicode_ci DEFAULT NULL,
  `logo` varchar(150) COLLATE utf8_unicode_ci NOT NULL,
  `created_at` timestamp NULL DEFAULT NULL,
  `updated_at` timestamp NULL DEFAULT NULL,
  PRIMARY KEY (`id`)
) ENGINE=InnoDB AUTO_INCREMENT=21 DEFAULT CHARSET=utf8 COLLATE=utf8_unicode_ci;

-- 正在导出表  homestead.companies 的数据：~8 rows (大约)
/*!40000 ALTER TABLE `companies` DISABLE KEYS */;
INSERT INTO `companies` (`id`, `name`, `province`, `city`, `district`, `address`, `logo`, `created_at`, `updated_at`) VALUES
	(9, 'dfgdefg8', '黑龙江省', '双鸭山市', '友谊县', '大龙江河十号', 'attach/20180804/5b655c12130b0.jpg', '2018-08-04 15:26:33', '2018-08-04 17:08:29'),
	(10, 'sdfgsdfg', '吉林省', '通化市', '辉南县', 'sdrg', 'attach/20180804/5b655e7c91820.jpg', '2018-08-04 16:06:27', '2018-08-04 16:11:00'),
	(11, 'sdfgsdfg', '山西省', '长治市', '平顺县', 'sdrg', 'attach/20180804/5b655e7c91820.jpg', '2018-08-04 16:45:41', '2018-08-04 17:08:49'),
	(16, 'sdfgsdfg', '北京市', '北京城区', '海淀区', 'sdrg', 'attach/20180804/5b655e7c91820.jpg', '2018-08-04 16:50:33', '2018-08-04 17:10:23'),
	(17, 'dxcfsdfsdf', '河北省', '唐山市', '路北区', 'xdcv', '', '2018-08-06 16:29:46', '2018-08-06 17:22:09'),
	(18, 'sdfsdf', '河北省', '秦皇岛市', '北戴河区', 'dfsdf', '', '2018-08-06 16:30:37', '2018-08-06 16:30:37'),
	(20, 'ererterte', '山西省', '朔州市', '怀仁县', 'edrtert', '', '2018-08-06 16:34:37', '2018-08-06 17:22:15');
/*!40000 ALTER TABLE `companies` ENABLE KEYS */;

-- 导出  表 homestead.failed_jobs 结构
CREATE TABLE IF NOT EXISTS `failed_jobs` (
  `id` int(10) unsigned NOT NULL AUTO_INCREMENT,
  `connection` text COLLATE utf8_unicode_ci NOT NULL,
  `queue` text COLLATE utf8_unicode_ci NOT NULL,
  `payload` longtext COLLATE utf8_unicode_ci NOT NULL,
  `failed_at` timestamp NOT NULL DEFAULT CURRENT_TIMESTAMP,
  PRIMARY KEY (`id`)
) ENGINE=InnoDB DEFAULT CHARSET=utf8 COLLATE=utf8_unicode_ci;

-- 正在导出表  homestead.failed_jobs 的数据：~0 rows (大约)
/*!40000 ALTER TABLE `failed_jobs` DISABLE KEYS */;
/*!40000 ALTER TABLE `failed_jobs` ENABLE KEYS */;

-- 导出  表 homestead.jobs 结构
CREATE TABLE IF NOT EXISTS `jobs` (
  `id` bigint(20) unsigned NOT NULL AUTO_INCREMENT,
  `queue` varchar(255) COLLATE utf8_unicode_ci NOT NULL,
  `payload` longtext COLLATE utf8_unicode_ci NOT NULL,
  `attempts` tinyint(3) unsigned NOT NULL,
  `reserved` tinyint(3) unsigned NOT NULL,
  `reserved_at` int(10) unsigned DEFAULT NULL,
  `available_at` int(10) unsigned NOT NULL,
  `created_at` int(10) unsigned NOT NULL,
  PRIMARY KEY (`id`),
  KEY `jobs_queue_reserved_reserved_at_index` (`queue`,`reserved`,`reserved_at`)
) ENGINE=InnoDB DEFAULT CHARSET=utf8 COLLATE=utf8_unicode_ci;

-- 正在导出表  homestead.jobs 的数据：~0 rows (大约)
/*!40000 ALTER TABLE `jobs` DISABLE KEYS */;
/*!40000 ALTER TABLE `jobs` ENABLE KEYS */;

-- 导出  表 homestead.menus 结构
CREATE TABLE IF NOT EXISTS `menus` (
  `id` int(10) unsigned NOT NULL AUTO_INCREMENT,
  `pid` int(11) NOT NULL DEFAULT '0',
  `route_path` varchar(100) COLLATE utf8_unicode_ci NOT NULL,
  `route_name` varchar(100) COLLATE utf8_unicode_ci NOT NULL,
  `component` varchar(100) COLLATE utf8_unicode_ci NOT NULL,
  `redirect` varchar(100) COLLATE utf8_unicode_ci DEFAULT NULL,
  `meta` text COLLATE utf8_unicode_ci,
  `created_at` timestamp NULL DEFAULT NULL,
  `updated_at` timestamp NULL DEFAULT NULL,
  `path` varchar(255) COLLATE utf8_unicode_ci NOT NULL DEFAULT '0',
  `name` varchar(100) COLLATE utf8_unicode_ci NOT NULL,
  `hidden` tinyint(1) NOT NULL DEFAULT '0',
  `buttons` varchar(255) COLLATE utf8_unicode_ci NOT NULL,
  `always_show` tinyint(1) NOT NULL DEFAULT '0',
  PRIMARY KEY (`id`)
) ENGINE=InnoDB AUTO_INCREMENT=56 DEFAULT CHARSET=utf8 COLLATE=utf8_unicode_ci;

-- 正在导出表  homestead.menus 的数据：~39 rows (大约)
/*!40000 ALTER TABLE `menus` DISABLE KEYS */;
INSERT INTO `menus` (`id`, `pid`, `route_path`, `route_name`, `component`, `redirect`, `meta`, `created_at`, `updated_at`, `path`, `name`, `hidden`, `buttons`, `always_show`) VALUES
	(6, 0, '/permission', '*', 'layout/Layout', '/permission/index', '{"title":"权限管理","icon":"privillege"}', '2018-08-01 16:34:19', '2018-08-03 14:06:35', '0-6', '权限管理', 0, '', 0),
	(10, 6, '/permission/index', 'api.permission.index', 'permission/index', '', '{"title":"权限列表","icon":""}', '2018-08-02 09:29:30', '2018-08-03 09:56:35', '0-6-10', '权限列表', 0, '{"edit":"api.permission.store"}', 0),
	(11, 6, '/roles/index', 'api.roles.index', 'roles/index', '', '{"title":"角色列表","icon":""}', '2018-08-02 14:48:06', '2018-08-06 11:33:44', '0-6-11', '角色列表', 0, '{"edit":"api.roles.store"}', 0),
	(12, 6, '/users/index', 'api.users.index', 'users/index', '', '{"title":"用户列表","icon":""}', '2018-08-02 14:49:09', '2018-08-03 10:11:44', '0-6-12', '用户列表', 0, '', 0),
	(13, 6, '/menu/index', 'api.menu.index', 'menu/index', NULL, '{"title":"菜单列表","icon":""}', '2018-08-02 17:15:04', '2018-08-03 13:09:14', '0-6-13', '菜单列表', 0, '{"edit":"api.menu.store"}', 0),
	(14, 0, '/company', '*', 'layout/Layout', NULL, '{"title":"公司信息","icon":"company"}', '2018-08-04 08:53:55', '2018-08-04 09:24:29', '0-14', '公司信息', 0, '', 1),
	(15, 14, '/company/index', 'api.company.index', 'company/index', NULL, '{"title":"公司列表","icon":""}', '2018-08-04 08:56:04', '2018-08-04 09:20:25', '0-14-15', '公司列表', 0, '', 0),
	(16, 0, '/auth', '*', 'layout/Layout', '/auth/userinfo', '{"title":"个人管理","icon":"user"}', '2018-08-06 10:36:23', '2018-08-06 10:40:43', '0-16', '个人管理', 1, '', 0),
	(17, 16, '/auth/password', 'api.auth.modifyPassword', 'auth/password', NULL, '{"title":"修改密码","icon":"password"}', '2018-08-06 10:38:02', '2018-08-06 10:38:14', '0-16-17', '修改密码', 0, '', 0),
	(18, 16, '/auth/userinfo', 'api.auth.getUserInfo', 'auth/userinfo', NULL, '{"title":"个人中心","icon":"profile"}', '2018-08-06 10:50:32', '2018-08-06 10:50:32', '0-16-18', '个人中心', 0, '', 0),
	(19, 6, '/roles/:role/ability', 'api.roles.ability', 'roles/ability', NULL, '{"title":"角色授权","icon":""}', '2018-08-06 11:27:43', '2018-08-06 17:21:20', '0-6-19', '角色授权', 1, '', 0),
	(25, 0, '/notification', '*', 'layout/Layout', '/notification/index', '{"title":"消息通知","icon":"message"}', '2018-08-07 15:42:19', '2018-08-07 15:44:02', '0-25', '消息通知', 0, '', 1),
	(26, 25, '/notification/index', 'notification.index', 'notification/index', NULL, '{"title":"消息列表","icon":""}', '2018-08-07 15:43:00', '2018-08-07 15:45:47', '0-25-26', '消息列表', 0, '', 0),
	(27, 0, '/devicetype', '*', 'layout/Layout', '/devicetype/index', '{"title":"设备管理","icon":"shebei"}', '2018-08-14 14:27:39', '2018-08-14 15:05:49', '0-27', '设备管理', 0, '', 1),
	(28, 27, '/devicetype/index', 'api.devicetype.index', 'devicetype/index', NULL, '{"title":"设备分类","icon":""}', '2018-08-14 14:31:28', '2018-08-14 14:31:28', '0-27-28', '设备分类', 0, '', 0),
	(29, 27, '/deviceinfo/index', 'api.deviceinfo.index', 'deviceinfo/index', NULL, '{"title":"设备列表","icon":""}', '2018-08-14 16:32:15', '2018-08-14 16:32:15', '0-27-29', '设备列表', 0, '', 0),
	(30, 27, '/area/index', 'api.area.index', 'area/index', NULL, '{"title":"区域管理","icon":""}', '2018-08-15 09:26:36', '2018-08-15 09:26:36', '0-27-30', '区域管理', 0, '', 0),
	(31, 27, '/data/index/:table/:typeid', 'api.data.index', 'data/index', NULL, '{"title":"","icon":""}', '2018-08-20 14:30:26', '2018-08-20 15:13:42', '0-27-31', '数据显示', 1, '', 0),
	(32, 14, '/company/:company/edit', 'api.company.edit', 'company/edit', NULL, '{"title":"公司设置","icon":""}', '2018-08-21 14:05:03', '2018-08-21 14:05:03', '0-14-32', '公司设置', 1, '', 0),
	(33, 0, '/monitor', '*', 'layout/Layout', '/monitor/index', '{"title":"实时监测","icon":"monitor"}', '2018-08-22 11:47:45', '2018-08-22 12:01:00', '0-33', '实时监测', 0, '', 1),
	(34, 33, '/monitor/index', 'api.monitor.index', 'monitor/index', NULL, '{"title":"监控中心","icon":""}', '2018-08-22 11:52:48', '2018-09-10 09:07:24', '0-33-34', '监控中心', 0, '', 0),
	(35, 0, '/statistic', '*', 'layout/Layout', '/statistic/index', '{"title":"统计管理","icon":"statistic"}', '2018-08-22 11:56:00', '2018-08-22 11:56:00', '0-35', '统计管理', 0, '', 1),
	(36, 35, '/statistic/index', 'api.statistic.index', 'statistic/index', NULL, '{"title":"趋势分析","icon":""}', '2018-08-22 11:59:25', '2018-09-10 17:27:25', '0-35-36', '趋势分析', 0, '', 0),
	(37, 0, '/alarm', '*', 'layout/Layout', '/alarm/index', '{"title":"告警管理","icon":"alarm"}', '2018-08-22 12:02:57', '2018-08-22 12:02:57', '0-37', '告警管理', 0, '', 1),
	(38, 37, '/alarm/index', 'api.alarm.index', 'alarm/index', NULL, '{"title":"告警中心","icon":""}', '2018-08-22 12:06:03', '2018-09-14 09:13:47', '0-37-38', '告警中心', 0, '', 0),
	(39, 0, '/report', '*', 'layout/Layout', '/report/index', '{"title":"报表管理","icon":"report"}', '2018-08-22 12:08:12', '2018-08-22 12:08:12', '0-39', '报表管理', 0, '', 1),
	(40, 39, '/report/index', 'api.report.index', 'report/index', NULL, '{"title":"历史告警查询","icon":""}', '2018-08-22 12:08:58', '2018-09-25 09:23:35', '0-39-40', '历史告警查询', 0, '', 0),
	(41, 0, '/control', '*', 'layout/Layout', '/control', '{"title":"控制管理","icon":"control"}', '2018-08-22 14:07:59', '2018-08-22 14:07:59', '0-41', '控制管理', 0, '', 1),
	(42, 41, '/control/index', 'api.control.index', 'control/index', NULL, '{"title":"控制中心","icon":""}', '2018-08-22 14:09:52', '2018-09-20 10:30:39', '0-41-42', '控制中心', 0, '', 0),
	(43, 0, '/video', '*', 'layout/Layout', '/video/index', '{"title":"视频管理","icon":"video"}', '2018-08-22 14:13:36', '2018-08-22 14:13:36', '0-43', '视频管理', 0, '', 1),
	(44, 43, '/video/index', 'api.video.index', 'video/index', NULL, '{"title":"视频中心","icon":""}', '2018-08-22 14:15:29', '2018-09-27 11:28:45', '0-43-44', '视频中心', 0, '', 0),
	(45, 0, '/log', '*', 'layout/Layout', '/log/index', '{"title":"日志管理","icon":"log"}', '2018-08-22 14:17:20', '2018-08-22 14:17:20', '0-45', '日志管理', 0, '', 1),
	(46, 45, '/log/index', 'api.log.index', 'log/index', NULL, '{"title":"操作日志","icon":""}', '2018-08-22 14:18:11', '2018-09-27 15:01:45', '0-45-46', '操作日志', 0, '', 0),
	(50, 37, '/alarm/warndefine', 'api.warndefine.index', 'alarm/warndefine', NULL, '{"title":"告警定义","icon":""}', '2018-09-14 09:09:13', '2018-09-14 09:09:57', '0-37-50', '告警定义', 0, '', 0),
	(51, 37, '/alarm/realwarn', 'api.realwarn.index', 'alarm/realwarn', NULL, '{"title":"实时告警","icon":""}', '2018-09-17 12:12:54', '2018-09-28 10:54:44', '0-37-51', '实时告警', 0, '', 0),
	(52, 37, '/alarm/warnnotify', 'api.warnnotify.index', 'alarm/warnnotify', NULL, '{"title":"告警配置","icon":""}', '2018-09-17 17:25:46', '2018-09-17 17:25:46', '0-37-52', '告警配置', 0, '', 0),
	(53, 37, '/alarm/warnuser', 'api.warnuser.index', 'alarm/warnuser', '', '{"title":"告警用户","icon":""}', '2018-09-18 14:36:21', '2018-09-18 14:37:01', '0-37-53', '告警用户', 0, '', 0),
	(54, 39, '/report/historysum', 'api.report.historysum', 'report/historysum', NULL, '{"title":"历史告警统计","icon":""}', '2018-09-25 09:58:32', '2018-09-25 09:58:32', '0-39-54', '历史告警统计', 0, '', 0),
	(55, 39, '/report/asset', 'api.report.asset', 'report/asset', NULL, '{"title":"设备资产统计","icon":""}', '2018-09-25 10:04:39', '2018-09-25 10:04:39', '0-39-55', '设备资产统计', 0, '', 0);
/*!40000 ALTER TABLE `menus` ENABLE KEYS */;

-- 导出  表 homestead.migrations 结构
CREATE TABLE IF NOT EXISTS `migrations` (
  `migration` varchar(255) COLLATE utf8_unicode_ci NOT NULL,
  `batch` int(11) NOT NULL
) ENGINE=InnoDB DEFAULT CHARSET=utf8 COLLATE=utf8_unicode_ci;

-- 正在导出表  homestead.migrations 的数据：~20 rows (大约)
/*!40000 ALTER TABLE `migrations` DISABLE KEYS */;
INSERT INTO `migrations` (`migration`, `batch`) VALUES
	('2014_10_12_000000_create_users_table', 1),
	('2014_10_12_100000_create_password_resets_table', 1),
	('2018_07_26_154624_create_bouncer_tables', 1),
	('2018_08_01_143822_create_menus_table', 2),
	('2018_08_01_200800_add_column_route_path_to_abilities', 3),
	('2018_08_01_233116_add_path_to_menus_table', 3),
	('2018_08_02_172841_add_hidden_to_menu', 4),
	('2018_08_03_084517_add_buttons_to_menus', 5),
	('2018_08_03_203646_create_companies_table', 6),
	('2018_08_04_091049_add_always_show_to_menus', 7),
	('2018_08_05_134047_add_avatar_to_users', 8),
	('2018_08_07_103548_create_jobs_table', 9),
	('2018_08_07_112428_create_failed_jobs_table', 10),
	('2018_08_07_124335_create_notifications_table', 11),
	('2018_08_08_085007_add_company_id_to_users', 12),
	('2016_07_07_025112_crate_action_log_table', 13),
	('2018_08_13_155920_create_user_logs_table', 14),
	('2018_08_13_164532_create_sy_users_table', 15),
	('2018_08_14_085159_create_t_companycnfo', 15),
	('2018_08_27_114952_create_air_temp_table', 16),
	('2018_09_20_104205_create_control_device', 17);
/*!40000 ALTER TABLE `migrations` ENABLE KEYS */;

-- 导出  表 homestead.notifications 结构
CREATE TABLE IF NOT EXISTS `notifications` (
  `id` varchar(255) COLLATE utf8_unicode_ci NOT NULL,
  `type` varchar(255) COLLATE utf8_unicode_ci NOT NULL,
  `notifiable_id` int(10) unsigned NOT NULL,
  `notifiable_type` varchar(255) COLLATE utf8_unicode_ci NOT NULL,
  `data` text COLLATE utf8_unicode_ci NOT NULL,
  `read_at` timestamp NULL DEFAULT NULL,
  `created_at` timestamp NULL DEFAULT NULL,
  `updated_at` timestamp NULL DEFAULT NULL,
  PRIMARY KEY (`id`),
  KEY `notifications_notifiable_id_notifiable_type_index` (`notifiable_id`,`notifiable_type`)
) ENGINE=InnoDB DEFAULT CHARSET=utf8 COLLATE=utf8_unicode_ci;

-- 正在导出表  homestead.notifications 的数据：~1 rows (大约)
/*!40000 ALTER TABLE `notifications` DISABLE KEYS */;
INSERT INTO `notifications` (`id`, `type`, `notifiable_id`, `notifiable_type`, `data`, `read_at`, `created_at`, `updated_at`) VALUES
	('a4e888f5-410d-4435-a561-936db6398c70', 'App\\Notifications\\AlarmNotice', 2, 'App\\User', '{"content":"\\u673a\\u623f\\u4e3b\\u673a\\u51fa\\u73b0\\u91cd\\u8981\\u6545\\u969c\\uff0c\\u8bf7\\u901f\\u67e5\\u770b","status":"enemegy"}', NULL, '2018-08-07 14:37:00', '2018-08-07 14:37:00');
/*!40000 ALTER TABLE `notifications` ENABLE KEYS */;

-- 导出  表 homestead.password_resets 结构
CREATE TABLE IF NOT EXISTS `password_resets` (
  `email` varchar(255) COLLATE utf8_unicode_ci NOT NULL,
  `token` varchar(255) COLLATE utf8_unicode_ci NOT NULL,
  `created_at` timestamp NOT NULL,
  KEY `password_resets_email_index` (`email`),
  KEY `password_resets_token_index` (`token`)
) ENGINE=InnoDB DEFAULT CHARSET=utf8 COLLATE=utf8_unicode_ci;

-- 正在导出表  homestead.password_resets 的数据：~2 rows (大约)
/*!40000 ALTER TABLE `password_resets` DISABLE KEYS */;
INSERT INTO `password_resets` (`email`, `token`, `created_at`) VALUES
	('feffertz@example.com', '372fb5e64c6b2f8917d5cb6e59abc9cd3122a4c8eeaba44d360d82fc94e2a88e', '2018-08-07 10:22:49'),
	('395458341@qq.com', 'cbea2521990e632d73d29b4ef79ba877968574b1655f04c168ea4c5b802d5a47', '2018-08-07 10:27:02');
/*!40000 ALTER TABLE `password_resets` ENABLE KEYS */;

-- 导出  表 homestead.permissions 结构
CREATE TABLE IF NOT EXISTS `permissions` (
  `ability_id` int(10) unsigned NOT NULL,
  `entity_id` int(10) unsigned NOT NULL,
  `entity_type` varchar(150) COLLATE utf8_unicode_ci NOT NULL,
  `forbidden` tinyint(1) NOT NULL DEFAULT '0',
  `scope` int(11) DEFAULT NULL,
  KEY `permissions_entity_index` (`entity_id`,`entity_type`,`scope`),
  KEY `permissions_ability_id_index` (`ability_id`),
  KEY `permissions_scope_index` (`scope`),
  CONSTRAINT `permissions_ability_id_foreign` FOREIGN KEY (`ability_id`) REFERENCES `abilities` (`id`) ON DELETE CASCADE ON UPDATE CASCADE
) ENGINE=InnoDB DEFAULT CHARSET=utf8 COLLATE=utf8_unicode_ci;

-- 正在导出表  homestead.permissions 的数据：~28 rows (大约)
/*!40000 ALTER TABLE `permissions` DISABLE KEYS */;
INSERT INTO `permissions` (`ability_id`, `entity_id`, `entity_type`, `forbidden`, `scope`) VALUES
	(565, 16, 'roles', 0, 9),
	(574, 17, 'roles', 0, 9),
	(562, 4, 'roles', 0, NULL),
	(563, 4, 'roles', 0, NULL),
	(605, 4, 'roles', 0, NULL),
	(562, 20, 'roles', 0, 2),
	(563, 20, 'roles', 0, 2),
	(605, 20, 'roles', 0, 2),
	(565, 15, 'roles', 0, NULL),
	(566, 15, 'roles', 0, NULL),
	(567, 15, 'roles', 0, NULL),
	(568, 15, 'roles', 0, NULL),
	(569, 15, 'roles', 0, NULL),
	(570, 15, 'roles', 0, NULL),
	(571, 15, 'roles', 0, NULL),
	(572, 15, 'roles', 0, NULL),
	(573, 15, 'roles', 0, NULL),
	(574, 15, 'roles', 0, NULL),
	(575, 15, 'roles', 0, NULL),
	(576, 15, 'roles', 0, NULL),
	(577, 15, 'roles', 0, NULL),
	(578, 15, 'roles', 0, NULL),
	(579, 15, 'roles', 0, NULL),
	(580, 15, 'roles', 0, NULL),
	(581, 15, 'roles', 0, NULL),
	(598, 15, 'roles', 0, NULL),
	(602, 15, 'roles', 0, NULL),
	(603, 15, 'roles', 0, NULL);
/*!40000 ALTER TABLE `permissions` ENABLE KEYS */;

-- 导出  表 homestead.roles 结构
CREATE TABLE IF NOT EXISTS `roles` (
  `id` int(10) unsigned NOT NULL AUTO_INCREMENT,
  `name` varchar(150) COLLATE utf8_unicode_ci NOT NULL,
  `title` varchar(255) COLLATE utf8_unicode_ci DEFAULT NULL,
  `level` int(10) unsigned DEFAULT NULL,
  `scope` int(11) DEFAULT NULL,
  `created_at` timestamp NULL DEFAULT NULL,
  `updated_at` timestamp NULL DEFAULT NULL,
  PRIMARY KEY (`id`),
  UNIQUE KEY `roles_name_unique` (`name`,`scope`),
  KEY `roles_scope_index` (`scope`)
) ENGINE=InnoDB AUTO_INCREMENT=21 DEFAULT CHARSET=utf8 COLLATE=utf8_unicode_ci;

-- 正在导出表  homestead.roles 的数据：~7 rows (大约)
/*!40000 ALTER TABLE `roles` DISABLE KEYS */;
INSERT INTO `roles` (`id`, `name`, `title`, `level`, `scope`, `created_at`, `updated_at`) VALUES
	(1, 'superadmin', 'Superadmin', NULL, NULL, '2018-07-27 09:37:18', '2018-07-27 09:37:18'),
	(2, 'admin', 'Admin', NULL, NULL, '2018-07-27 09:37:18', '2018-07-27 09:37:18'),
	(3, 'editor', 'Editor', NULL, NULL, '2018-07-27 09:38:18', '2018-07-27 09:38:18'),
	(4, 'member', '会员', NULL, NULL, '2018-08-06 14:06:02', '2018-08-06 14:06:02'),
	(15, 'company_admin', '公司管理员', NULL, NULL, '2018-08-08 09:18:35', '2018-08-08 11:25:20'),
	(16, 'scope_company', 'scope_company', NULL, 9, '2018-08-08 09:37:29', '2018-08-08 09:37:29'),
	(17, 'scope_company2', 'scope_company2', NULL, 9, '2018-08-08 10:01:58', '2018-08-08 10:01:58'),
	(19, 'ufo', 'ufo', NULL, NULL, '2018-08-09 16:03:05', '2018-08-09 16:03:05'),
	(20, 'aa', 'dd', NULL, 2, '2018-08-21 10:21:06', '2018-08-21 10:21:06');
/*!40000 ALTER TABLE `roles` ENABLE KEYS */;

-- 导出  表 homestead.sy_area 结构
CREATE TABLE IF NOT EXISTS `sy_area` (
  `AreaId` int(10) NOT NULL AUTO_INCREMENT,
  `Fid` int(10) NOT NULL DEFAULT '0',
  `AreaName` varchar(60) NOT NULL DEFAULT '',
  `AreaProperty` int(4) DEFAULT '1',
  `area_number` varchar(30) DEFAULT NULL,
  `area_manager` varchar(30) DEFAULT NULL,
  `connect_phone` varchar(30) DEFAULT NULL,
  `area_img` varchar(60) DEFAULT NULL,
  `area_order` int(6) DEFAULT NULL,
  `area_text` text,
  `isJF` int(1) NOT NULL DEFAULT '0',
  `Co_ID` varchar(200) DEFAULT '',
  PRIMARY KEY (`AreaId`)
) ENGINE=MyISAM AUTO_INCREMENT=287 DEFAULT CHARSET=utf8;

-- 正在导出表  homestead.sy_area 的数据：15 rows
/*!40000 ALTER TABLE `sy_area` DISABLE KEYS */;
INSERT INTO `sy_area` (`AreaId`, `Fid`, `AreaName`, `AreaProperty`, `area_number`, `area_manager`, `connect_phone`, `area_img`, `area_order`, `area_text`, `isJF`, `Co_ID`) VALUES
	(271, 0, '河北省', 1, NULL, NULL, NULL, NULL, NULL, NULL, 0, '1'),
	(270, 0, '辽宁省', 1, NULL, NULL, NULL, NULL, NULL, NULL, 0, '4'),
	(273, 0, '湖北省', 1, NULL, '', '', NULL, NULL, NULL, 0, '4'),
	(274, 0, '河北省', 1, NULL, NULL, NULL, NULL, NULL, NULL, 0, '4'),
	(276, 0, '江苏省', 1, NULL, NULL, NULL, NULL, NULL, NULL, 0, '4'),
	(278, 0, '天津市', 1, NULL, '', NULL, NULL, NULL, NULL, 0, '4'),
	(280, 0, '吉林省', 1, NULL, NULL, NULL, NULL, NULL, NULL, 0, '4'),
	(284, 271, '唐山市', 1, NULL, NULL, NULL, NULL, NULL, NULL, 0, '1'),
	(282, 274, '秦皇岛市', 1, NULL, NULL, NULL, NULL, NULL, NULL, 0, '4'),
	(250, 0, '广东省', 1, NULL, '111', '1111', '', 0, '', 0, '1'),
	(252, 0, '广东省1', 1, NULL, '66', '66', '', 0, '', 0, '2'),
	(260, 250, '广州', 1, NULL, '551', '551', '', 0, '', 1, '1'),
	(254, 252, '广州市', 1, NULL, '666', '666', '', 0, '', 1, '2'),
	(285, 271, '保定市', 1, NULL, NULL, NULL, NULL, NULL, NULL, 0, '1'),
	(286, 271, '张家口市', 1, NULL, NULL, NULL, NULL, NULL, NULL, 0, '1');
/*!40000 ALTER TABLE `sy_area` ENABLE KEYS */;

-- 导出  表 homestead.sy_user 结构
CREATE TABLE IF NOT EXISTS `sy_user` (
  `userid` int(10) unsigned NOT NULL AUTO_INCREMENT,
  `username` varchar(30) COLLATE utf8_unicode_ci NOT NULL COMMENT '用户账号',
  `userpwd` varchar(32) COLLATE utf8_unicode_ci NOT NULL COMMENT '用户密码',
  `avatar` varchar(150) COLLATE utf8_unicode_ci DEFAULT NULL,
  `Co_ID` int(10) unsigned DEFAULT NULL,
  `created_at` timestamp NULL DEFAULT NULL,
  `updated_at` timestamp NULL DEFAULT NULL,
  PRIMARY KEY (`userid`)
) ENGINE=InnoDB AUTO_INCREMENT=14 DEFAULT CHARSET=utf8 COLLATE=utf8_unicode_ci;

-- 正在导出表  homestead.sy_user 的数据：~13 rows (大约)
/*!40000 ALTER TABLE `sy_user` DISABLE KEYS */;
INSERT INTO `sy_user` (`userid`, `username`, `userpwd`, `avatar`, `Co_ID`, `created_at`, `updated_at`) VALUES
	(1, 'Cynthia Lindgren', 'e10adc3949ba59abbe56e057f20f883e', 'attach/20180818/5b77dc428bb28.jpg', 1, '2018-08-14 09:35:03', '2018-08-23 17:35:26'),
	(2, 'Kaia Lebsack', 'e10adc3949ba59abbe56e057f20f883e', 'attach/20180821/5b7b750919fa0.jpg', 2, '2018-08-14 09:35:03', '2018-08-21 10:12:26'),
	(3, 'Adrien Haag', 'e10adc3949ba59abbe56e057f20f883e', NULL, NULL, '2018-08-14 09:35:03', '2018-08-14 09:35:03'),
	(4, 'Mrs. Hope Mayer MD', 'e10adc3949ba59abbe56e057f20f883e', NULL, NULL, '2018-08-14 09:35:03', '2018-08-14 09:35:03'),
	(5, 'Dr. Micaela Windler', 'e10adc3949ba59abbe56e057f20f883e', NULL, NULL, '2018-08-14 09:35:03', '2018-08-14 09:35:03'),
	(6, 'Francisca Beahan', 'e10adc3949ba59abbe56e057f20f883e', NULL, NULL, '2018-08-14 09:35:03', '2018-08-14 09:35:03'),
	(7, 'Madonna Rowe', 'e10adc3949ba59abbe56e057f20f883e', NULL, NULL, '2018-08-14 09:35:03', '2018-08-14 09:35:03'),
	(8, 'Ms. Thelma Kirlin DVM', 'e10adc3949ba59abbe56e057f20f883e', NULL, NULL, '2018-08-14 09:35:03', '2018-08-14 09:35:03'),
	(9, 'Aiyana Leuschke DVM', 'e10adc3949ba59abbe56e057f20f883e', NULL, NULL, '2018-08-14 09:35:03', '2018-08-14 09:35:03'),
	(10, 'Laurence Mann II', 'e10adc3949ba59abbe56e057f20f883e', NULL, NULL, '2018-08-14 09:35:03', '2018-08-14 09:35:03'),
	(11, 'you', 'e10adc3949ba59abbe56e057f20f883e', 'attach/20180821/5b7bb9e64f588.jpg', 2, '2018-08-21 08:59:04', '2018-08-21 15:06:15'),
	(12, 'sdfg', 'e10adc3949ba59abbe56e057f20f883e', NULL, 2, '2018-08-21 09:38:23', '2018-08-21 09:38:23'),
	(13, 'sdfgsd', 'e10adc3949ba59abbe56e057f20f883e', NULL, 4, '2018-08-21 09:41:22', '2018-08-21 09:41:47');
/*!40000 ALTER TABLE `sy_user` ENABLE KEYS */;

-- 导出  表 homestead.t_companycnfo 结构
CREATE TABLE IF NOT EXISTS `t_companycnfo` (
  `Co_ID` int(10) unsigned NOT NULL AUTO_INCREMENT,
  `Co_Name` varchar(150) COLLATE utf8_unicode_ci NOT NULL COMMENT '公司名',
  `Co_ConnectionsNumber` varchar(60) COLLATE utf8_unicode_ci NOT NULL COMMENT '公司联系电话',
  `Co_Logo` varchar(100) COLLATE utf8_unicode_ci DEFAULT NULL COMMENT '公司logo',
  `created_at` timestamp NULL DEFAULT NULL,
  `updated_at` timestamp NULL DEFAULT NULL,
  PRIMARY KEY (`Co_ID`)
) ENGINE=InnoDB AUTO_INCREMENT=5 DEFAULT CHARSET=utf8 COLLATE=utf8_unicode_ci;

-- 正在导出表  homestead.t_companycnfo 的数据：~2 rows (大约)
/*!40000 ALTER TABLE `t_companycnfo` DISABLE KEYS */;
INSERT INTO `t_companycnfo` (`Co_ID`, `Co_Name`, `Co_ConnectionsNumber`, `Co_Logo`, `created_at`, `updated_at`) VALUES
	(1, '广州奥天', '11', 'attach/20180824/5b7fa3422e248.png', '2018-08-15 09:45:48', '2018-08-24 14:18:43'),
	(2, '广州奥天3', '11', 'attach/20180821/5b7bb7c7595b0.jpg', '2018-08-15 09:45:48', '2018-08-21 15:15:12'),
	(4, '广州奥天2', '98', 'attach/20180815/5b738cba6a338.jpg', '2018-08-15 10:15:23', '2018-08-22 08:57:35');
/*!40000 ALTER TABLE `t_companycnfo` ENABLE KEYS */;

-- 导出  表 homestead.t_deviceparam 结构
CREATE TABLE IF NOT EXISTS `t_deviceparam` (
  `Dp_index` bigint(20) NOT NULL,
  `Dp_id` bigint(20) NOT NULL DEFAULT '0',
  `dt_typeid` int(11) NOT NULL DEFAULT '0',
  `dp_cmdup` int(11) NOT NULL DEFAULT '0',
  `dp_cmddown` int(11) NOT NULL DEFAULT '0',
  `dp_paramname` varchar(64) NOT NULL DEFAULT '',
  `dp_paramdesc` varchar(64) NOT NULL DEFAULT '',
  `dp_type` int(11) NOT NULL DEFAULT '0',
  `dp_datatype` int(11) NOT NULL DEFAULT '0',
  `dp_adjustk` double(15,3) NOT NULL DEFAULT '0.000',
  `dp_adjustb` double(15,3) NOT NULL DEFAULT '0.000',
  `dp_unit` varchar(8) NOT NULL DEFAULT '',
  `dp_memo` varchar(255) DEFAULT NULL,
  `dp_func_typeid` varchar(100) NOT NULL DEFAULT '0',
  `dp_warnid` varchar(10) DEFAULT NULL,
  PRIMARY KEY (`Dp_index`),
  UNIQUE KEY `Dp_index` (`Dp_index`)
) ENGINE=MyISAM AUTO_INCREMENT=1983190146 DEFAULT CHARSET=utf8;

-- 正在导出表  homestead.t_deviceparam 的数据：30 rows
/*!40000 ALTER TABLE `t_deviceparam` DISABLE KEYS */;
INSERT INTO `t_deviceparam` (`Dp_index`, `Dp_id`, `dt_typeid`, `dp_cmdup`, `dp_cmddown`, `dp_paramname`, `dp_paramdesc`, `dp_type`, `dp_datatype`, `dp_adjustk`, `dp_adjustb`, `dp_unit`, `dp_memo`, `dp_func_typeid`, `dp_warnid`) VALUES
	(2035717, 987141, 1, 15, 3, 'NetCom', '网络通讯状态', 2, 3, 1.000, 0.000, '', '', '0', NULL),
	(1474591, 426015, 1, 6, 3, 'upsdisconn', 'UPS连线状态', 2, 3, 1.000, 0.000, '', '', '0', NULL),
	(1474564, 425988, 1, 6, 3, 'upsfailstat', 'UPS故障状态', 2, 3, 1.000, 0.000, '', '', '0', NULL),
	(1474565, 425989, 1, 6, 3, 'upsbypassstat', 'UPS旁路状态', 2, 3, 1.000, 0.000, '', '', '0', NULL),
	(1474566, 425990, 1, 6, 3, 'upsbatvollow', 'UPS电池电压状态', 2, 3, 1.000, 0.000, '', '', '0', NULL),
	(1474567, 425991, 1, 6, 3, 'upsacfail', 'UPS市电状态', 2, 3, 1.000, 0.000, '', '', '0', NULL),
	(1474568, 425992, 1, 6, 3, 'LoadAlarm', '负载状态', 2, 3, 1.000, 0.000, '', '', '0', NULL),
	(1474562, 425986, 1, 6, 3, 'upstest', 'UPS测试状态', 2, 3, 1.000, 0.000, '', '', '0', NULL),
	(1441810, 393234, 1, 6, 3, 'ReTime', '剩余时间', 1, 7, 0.010, 0.000, '', '', '0', NULL),
	(1474561, 425985, 1, 6, 3, 'upspoweroff', 'UPS开关机状态', 2, 3, 1.000, 0.000, '', '', '0', NULL),
	(1474560, 425984, 1, 6, 3, 'upssound', 'UPS喇叭的开关状态', 2, 3, 1.000, 0.000, '', '', '0', NULL),
	(1441803, 393227, 1, 6, 3, 'BatTemp', '电池温度', 1, 7, 0.010, 0.000, '', '', '0', NULL),
	(1441804, 393228, 1, 6, 3, 'BatAllVol', '电池总电压', 1, 7, 0.010, 0.000, '', '', '0', NULL),
	(1441800, 393224, 1, 6, 3, 'BattCap', '电池容量', 1, 7, 0.010, 0.000, '', '', '0', NULL),
	(1441802, 393226, 1, 6, 3, 'OutMinVol', '输出最小电压', 1, 7, 0.010, 0.000, '', '', '0', NULL),
	(1441801, 393225, 1, 6, 3, 'OutMaxVol', '输出最大电压', 1, 7, 0.010, 0.000, '', '', '0', NULL),
	(1441799, 393223, 1, 6, 3, 'upstemp', 'UPS的温度', 1, 7, 0.010, 0.000, '', '', '0', NULL),
	(1441797, 393221, 1, 6, 3, 'upsinfreq', 'UPS输入频率', 1, 7, 0.010, 0.000, '', '', '0', NULL),
	(1441798, 393222, 1, 6, 3, 'ups1batvol', 'UPS电池单体电压', 1, 7, 0.010, 0.000, '', '', '0', NULL),
	(1441796, 393220, 1, 6, 3, 'upscurload', 'UPS当前负载', 1, 7, 0.010, 0.000, '', '', '0', NULL),
	(1441795, 393219, 1, 6, 3, 'upsoutvol', 'UPS输出电压', 1, 7, 0.010, 0.000, '', '', '0', NULL),
	(1441793, 393217, 1, 6, 3, 'upsinvol', 'UPS输入电压', 1, 7, 0.010, 0.000, '', '', '0', NULL),
	(1441794, 393218, 1, 6, 3, 'upsdefvol', 'UPS输入缺省电压', 1, 7, 0.010, 0.000, '', '', '0', NULL),
	(1376263, 327687, 1, 5, 1, 'upsfreqr', 'UPS额定输入频率', 3, 11, 1.000, 0.000, '', '', '0', NULL),
	(1376261, 327685, 1, 5, 1, 'upscurr', 'UPS额定电流', 3, 11, 1.000, 0.000, '', '', '0', NULL),
	(1376262, 327686, 1, 5, 1, 'upsbatvolr', 'UPS额定电池电压', 3, 11, 1.000, 0.000, '', '', '0', NULL),
	(1376260, 327684, 1, 5, 1, 'upsvolr', 'UPS额定电压', 3, 11, 1.000, 0.000, '', '', '0', NULL),
	(1376259, 327683, 1, 5, 1, 'upsver', 'UPS版本', 3, 11, 1.000, 0.000, '', '', '0', NULL),
	(1376258, 327682, 1, 5, 1, 'upsmactype', 'UPS机型', 3, 11, 1.000, 0.000, '', '', '0', NULL),
	(1376257, 327681, 1, 5, 1, 'upsmanuinfo', 'UPS的厂商信息', 3, 11, 1.000, 0.000, '', '', '0', NULL);
/*!40000 ALTER TABLE `t_deviceparam` ENABLE KEYS */;

-- 导出  表 homestead.t_devicetype 结构
CREATE TABLE IF NOT EXISTS `t_devicetype` (
  `dt_index` int(10) NOT NULL AUTO_INCREMENT,
  `dt_typeid` int(10) NOT NULL DEFAULT '0',
  `dt_typename` varchar(64) NOT NULL DEFAULT '',
  `dt_issupportext` tinyint(1) NOT NULL DEFAULT '0',
  `dt_isenable` tinyint(1) NOT NULL DEFAULT '0',
  `dt_rtdata_table` varchar(64) NOT NULL DEFAULT '',
  `dt_hisdata_table` varchar(64) NOT NULL DEFAULT '',
  `dt_typememo` varchar(255) DEFAULT NULL,
  `dt_page` varchar(255) NOT NULL DEFAULT '',
  `dt_pre` varchar(255) NOT NULL DEFAULT '',
  `dt_icon` varchar(255) NOT NULL DEFAULT '',
  `haschildType` int(11) DEFAULT '0',
  `dt_MoniType` int(10) NOT NULL,
  PRIMARY KEY (`dt_index`)
) ENGINE=MyISAM AUTO_INCREMENT=141 DEFAULT CHARSET=utf8;

-- 正在导出表  homestead.t_devicetype 的数据：12 rows
/*!40000 ALTER TABLE `t_devicetype` DISABLE KEYS */;
INSERT INTO `t_devicetype` (`dt_index`, `dt_typeid`, `dt_typename`, `dt_issupportext`, `dt_isenable`, `dt_rtdata_table`, `dt_hisdata_table`, `dt_typememo`, `dt_page`, `dt_pre`, `dt_icon`, `haschildType`, `dt_MoniType`) VALUES
	(135, 81, 'MR-Guard', 0, 1, 't_realdata_CO2Concentration', 't_hisdata_CO2Concentration', '二氧化碳浓度', 'all1', 'rd_', '1.jpg', 0, 0),
	(134, 122, 'buguang', 0, 1, 't_realdata_buguang', 't_hisdata_buguang', '补光', '', '', '', 0, 0),
	(133, 121, 'tongfei', 0, 1, 't_realdata_tongfei', 't_hisdata_tongfei', '通风', '', '', '', 0, 0),
	(132, 120, 'tiaowen', 0, 1, 't_realdata_tiaowen', 't_hisdata_tiaowen', '调温', '', '', '', 0, 0),
	(131, 119, 'shifei', 0, 1, 't_realdata_shifei', 't_hisdata_shifei', '施肥', '', '', '', 0, 0),
	(130, 118, 'guangai', 0, 1, 't_realdata_guangai', 't_hisdata_guangai', '灌溉', '', '', '', 0, 0),
	(129, 117, 'juanlian', 0, 1, 't_realdata_juanlian', 't_hisdata_juanlian', '卷帘', '', '', '', 0, 0),
	(128, 116, 'Video', 0, 1, 't_realdata_video', 't_hisdata_video', 'IP摄像头', '', '', '', 0, 0),
	(136, 83, 'MR-Guard', 0, 1, 't_realdata_LightIntensity', 't_hisdata_LightIntensity', '光照强度', 'all1', 'rd_', '1.jpg', 0, 0),
	(137, 80, 'MR-Guard', 0, 1, 't_realdata_EnvTempHumi', 't_hisdata_EnvTempHumi', '环境温湿度', 'all1', 'rd_', '1.jpg', 0, 0),
	(139, 82, 'MR-Guard', 0, 1, 't_realdata_LevelValue', 't_hisdata_LevelValue', '液位高度', 'all1', 'rd_', '1.jpg', 0, 0),
	(140, 84, 'MR-Guard', 0, 1, 't_realdata_SoilCondTH', 't_hisdata_SoilCondTH', '土壤温度电导率', 'all1', 'rd_', '1.jpg', 0, 0);
/*!40000 ALTER TABLE `t_devicetype` ENABLE KEYS */;

-- 导出  表 homestead.t_hisdata_air 结构
CREATE TABLE IF NOT EXISTS `t_hisdata_air` (
  `hd_index` int(10) unsigned NOT NULL AUTO_INCREMENT,
  `rd_updatetime` datetime DEFAULT NULL,
  `hd_datetime` datetime DEFAULT NULL,
  `pdi_index` int(11) NOT NULL DEFAULT '0',
  `hd_temp` double(9,2) NOT NULL DEFAULT '0.00' COMMENT '温度',
  `hd_wet` double(9,2) NOT NULL DEFAULT '0.00' COMMENT '湿度',
  PRIMARY KEY (`hd_index`)
) ENGINE=InnoDB AUTO_INCREMENT=101 DEFAULT CHARSET=utf8 COLLATE=utf8_unicode_ci;

-- 正在导出表  homestead.t_hisdata_air 的数据：~100 rows (大约)
/*!40000 ALTER TABLE `t_hisdata_air` DISABLE KEYS */;
INSERT INTO `t_hisdata_air` (`hd_index`, `rd_updatetime`, `hd_datetime`, `pdi_index`, `hd_temp`, `hd_wet`) VALUES
	(1, '2018-08-25 01:26:19', '2018-08-26 23:35:15', 886738701, 16.00, 26.00),
	(2, '2018-08-25 05:11:31', '2018-08-22 18:39:37', 886738701, 3.00, 22.00),
	(3, '2018-08-25 01:10:26', '2018-08-24 03:30:32', 886738701, 20.00, 14.00),
	(4, '2018-08-26 07:45:44', '2018-08-25 17:13:06', 886738730, 9.00, 21.00),
	(5, '2018-08-24 18:22:18', '2018-08-25 14:50:51', 886738701, 12.00, 4.00),
	(6, '2018-08-23 21:59:37', '2018-08-24 03:12:26', 886738730, 21.00, 19.00),
	(7, '2018-08-23 17:52:11', '2018-08-23 00:03:42', 886738730, 22.00, 29.00),
	(8, '2018-08-24 15:20:11', '2018-08-24 02:28:31', 886738730, 25.00, 29.00),
	(9, '2018-08-24 05:12:59', '2018-08-24 18:53:32', 886738730, 9.00, 29.00),
	(10, '2018-08-26 11:44:55', '2018-08-24 13:16:48', 886738730, 27.00, 2.00),
	(11, '2018-08-22 18:43:41', '2018-08-24 13:31:27', 886738730, 3.00, 26.00),
	(12, '2018-08-23 11:56:18', '2018-08-26 12:19:51', 886738701, 14.00, 22.00),
	(13, '2018-08-23 23:15:37', '2018-08-23 08:17:47', 886738730, 16.00, 17.00),
	(14, '2018-08-25 11:25:20', '2018-08-27 06:25:40', 886738701, 29.00, 20.00),
	(15, '2018-08-22 21:47:24', '2018-08-26 18:56:40', 886738730, 9.00, 17.00),
	(16, '2018-08-23 08:42:41', '2018-08-23 22:02:39', 886738701, 8.00, 30.00),
	(17, '2018-08-23 03:30:52', '2018-08-24 18:51:25', 886738701, 20.00, 17.00),
	(18, '2018-08-23 23:23:24', '2018-08-25 17:42:53', 886738730, 3.00, 1.00),
	(19, '2018-08-27 14:00:47', '2018-08-26 21:09:28', 886738701, 12.00, 4.00),
	(20, '2018-08-26 01:51:02', '2018-08-22 20:53:59', 886738730, 20.00, 7.00),
	(21, '2018-08-25 09:53:28', '2018-08-25 01:17:22', 886738701, 18.00, 7.00),
	(22, '2018-08-25 07:08:00', '2018-08-25 13:04:05', 886738701, 18.00, 17.00),
	(23, '2018-08-22 23:53:44', '2018-08-23 22:51:14', 886738701, 6.00, 20.00),
	(24, '2018-08-23 11:25:37', '2018-08-26 05:19:14', 886738730, 27.00, 2.00),
	(25, '2018-08-24 01:27:20', '2018-08-27 08:49:51', 886738701, 29.00, 29.00),
	(26, '2018-08-25 09:41:04', '2018-08-25 02:57:18', 886738730, 11.00, 9.00),
	(27, '2018-08-23 16:33:48', '2018-08-26 19:30:06', 886738701, 19.00, 14.00),
	(28, '2018-08-23 21:33:40', '2018-08-23 22:09:58', 886738701, 27.00, 21.00),
	(29, '2018-08-24 17:52:08', '2018-08-23 17:15:31', 886738730, 9.00, 14.00),
	(30, '2018-08-26 22:46:14', '2018-08-25 05:53:02', 886738701, 18.00, 13.00),
	(31, '2018-08-24 18:46:26', '2018-08-24 13:02:58', 886738730, 12.00, 16.00),
	(32, '2018-08-25 19:25:22', '2018-08-22 18:01:55', 886738701, 23.00, 6.00),
	(33, '2018-08-24 04:13:07', '2018-08-25 20:03:50', 886738701, 14.00, 3.00),
	(34, '2018-08-24 08:26:10', '2018-08-25 18:16:37', 886738701, 2.00, 30.00),
	(35, '2018-08-25 19:19:54', '2018-08-26 19:28:36', 886738701, 23.00, 12.00),
	(36, '2018-08-23 07:57:09', '2018-08-27 04:07:18', 886738730, 10.00, 18.00),
	(37, '2018-08-25 15:06:51', '2018-08-26 01:07:21', 886738730, 21.00, 24.00),
	(38, '2018-08-23 05:04:00', '2018-08-26 00:05:59', 886738730, 10.00, 23.00),
	(39, '2018-08-27 06:28:58', '2018-08-23 03:44:05', 886738730, 22.00, 1.00),
	(40, '2018-08-22 17:57:57', '2018-08-26 06:52:12', 886738730, 8.00, 24.00),
	(41, '2018-08-24 06:17:02', '2018-08-25 12:06:36', 886738701, 6.00, 15.00),
	(42, '2018-08-23 20:23:55', '2018-08-24 02:06:19', 886738730, 13.00, 9.00),
	(43, '2018-08-24 06:37:25', '2018-08-27 04:36:04', 886738701, 10.00, 11.00),
	(44, '2018-08-25 08:08:42', '2018-08-25 18:06:51', 886738701, 6.00, 30.00),
	(45, '2018-08-26 22:26:11', '2018-08-25 06:44:30', 886738730, 8.00, 28.00),
	(46, '2018-08-23 19:41:25', '2018-08-26 20:24:55', 886738730, 6.00, 12.00),
	(47, '2018-08-24 10:21:19', '2018-08-27 04:17:25', 886738730, 12.00, 9.00),
	(48, '2018-08-26 15:13:46', '2018-08-26 21:21:05', 886738730, 20.00, 14.00),
	(49, '2018-08-26 09:11:10', '2018-08-25 23:40:23', 886738730, 19.00, 15.00),
	(50, '2018-08-25 09:30:53', '2018-08-23 10:53:16', 886738701, 27.00, 18.00),
	(51, '2018-08-27 00:08:58', '2018-08-22 20:45:12', 886738730, 27.00, 1.00),
	(52, '2018-08-23 11:49:21', '2018-08-23 06:02:44', 886738701, 25.00, 13.00),
	(53, '2018-08-23 04:55:37', '2018-08-25 11:16:15', 886738701, 30.00, 22.00),
	(54, '2018-08-27 07:34:40', '2018-08-24 17:03:38', 886738730, 21.00, 27.00),
	(55, '2018-08-26 04:00:00', '2018-08-27 14:20:35', 886738730, 19.00, 19.00),
	(56, '2018-08-27 05:10:59', '2018-08-27 03:29:56', 886738730, 27.00, 24.00),
	(57, '2018-08-25 20:52:19', '2018-08-24 06:48:46', 886738701, 11.00, 17.00),
	(58, '2018-08-24 17:28:38', '2018-08-27 08:59:34', 886738730, 7.00, 12.00),
	(59, '2018-08-25 18:03:14', '2018-08-25 19:37:02', 886738701, 24.00, 21.00),
	(60, '2018-08-25 01:55:14', '2018-08-23 21:44:42', 886738730, 26.00, 16.00),
	(61, '2018-08-25 07:51:33', '2018-08-24 01:09:41', 886738701, 7.00, 30.00),
	(62, '2018-08-26 01:46:47', '2018-08-27 10:27:41', 886738701, 18.00, 1.00),
	(63, '2018-08-25 02:36:59', '2018-08-25 17:18:30', 886738701, 15.00, 19.00),
	(64, '2018-08-26 03:50:03', '2018-08-23 19:00:36', 886738730, 25.00, 11.00),
	(65, '2018-08-24 14:51:27', '2018-08-24 16:20:41', 886738701, 8.00, 12.00),
	(66, '2018-08-24 19:57:40', '2018-08-24 07:07:50', 886738701, 12.00, 26.00),
	(67, '2018-08-27 05:24:40', '2018-08-26 04:47:33', 886738701, 27.00, 8.00),
	(68, '2018-08-25 22:20:24', '2018-08-26 03:31:01', 886738730, 19.00, 18.00),
	(69, '2018-08-25 18:01:52', '2018-08-27 10:28:59', 886738701, 18.00, 9.00),
	(70, '2018-08-25 20:18:05', '2018-08-26 23:35:23', 886738701, 30.00, 14.00),
	(71, '2018-08-24 06:15:53', '2018-08-25 23:59:43', 886738701, 14.00, 15.00),
	(72, '2018-08-22 17:27:12', '2018-08-23 20:49:55', 886738730, 4.00, 23.00),
	(73, '2018-08-27 15:23:57', '2018-08-23 15:37:36', 886738730, 6.00, 27.00),
	(74, '2018-08-26 03:17:25', '2018-08-26 16:05:35', 886738701, 12.00, 25.00),
	(75, '2018-08-24 07:11:59', '2018-08-27 01:41:47', 886738730, 8.00, 22.00),
	(76, '2018-08-26 06:59:19', '2018-08-23 02:06:45', 886738730, 12.00, 14.00),
	(77, '2018-08-25 08:48:49', '2018-08-27 01:21:44', 886738730, 22.00, 21.00),
	(78, '2018-08-26 14:26:38', '2018-08-23 15:04:33', 886738730, 3.00, 24.00),
	(79, '2018-08-26 19:56:27', '2018-08-23 19:01:55', 886738701, 9.00, 11.00),
	(80, '2018-08-22 22:35:39', '2018-08-24 03:44:04', 886738701, 5.00, 13.00),
	(81, '2018-08-24 06:15:46', '2018-08-24 01:47:41', 886738701, 17.00, 5.00),
	(82, '2018-08-25 16:12:54', '2018-08-23 21:53:48', 886738730, 13.00, 21.00),
	(83, '2018-08-26 06:23:09', '2018-08-26 22:06:09', 886738730, 22.00, 13.00),
	(84, '2018-08-23 01:44:05', '2018-08-26 06:44:33', 886738701, 14.00, 5.00),
	(85, '2018-08-26 18:21:55', '2018-08-26 04:37:37', 886738701, 15.00, 25.00),
	(86, '2018-08-24 07:30:40', '2018-08-24 12:32:30', 886738701, 2.00, 25.00),
	(87, '2018-08-24 02:16:08', '2018-08-27 10:22:49', 886738701, 22.00, 10.00),
	(88, '2018-08-27 11:45:43', '2018-08-23 15:56:32', 886738701, 12.00, 20.00),
	(89, '2018-08-26 12:47:34', '2018-08-23 12:07:55', 886738730, 15.00, 5.00),
	(90, '2018-08-25 08:24:08', '2018-08-26 17:13:10', 886738730, 15.00, 25.00),
	(91, '2018-08-25 06:29:30', '2018-08-24 18:18:46', 886738730, 21.00, 19.00),
	(92, '2018-08-23 12:38:06', '2018-08-25 18:50:13', 886738701, 4.00, 7.00),
	(93, '2018-08-27 16:21:52', '2018-08-24 05:09:50', 886738730, 2.00, 19.00),
	(94, '2018-08-24 15:58:52', '2018-08-24 14:49:26', 886738730, 25.00, 22.00),
	(95, '2018-08-24 14:13:54', '2018-08-24 01:28:48', 886738701, 28.00, 3.00),
	(96, '2018-08-23 05:42:24', '2018-08-27 14:53:03', 886738730, 27.00, 3.00),
	(97, '2018-08-26 05:33:01', '2018-08-26 19:17:05', 886738701, 15.00, 29.00),
	(98, '2018-08-24 13:20:27', '2018-08-25 15:51:45', 886738730, 21.00, 21.00),
	(99, '2018-08-23 09:38:15', '2018-08-26 04:07:21', 886738701, 1.00, 8.00),
	(100, '2018-08-25 08:15:03', '2018-08-25 05:41:01', 886738730, 17.00, 19.00);
/*!40000 ALTER TABLE `t_hisdata_air` ENABLE KEYS */;

-- 导出  表 homestead.t_hisdata_buguang 结构
CREATE TABLE IF NOT EXISTS `t_hisdata_buguang` (
  `hd_index` int(10) unsigned NOT NULL AUTO_INCREMENT,
  `rd_updatetime` datetime DEFAULT NULL,
  `hd_datetime` datetime DEFAULT NULL,
  `device_status` tinyint(4) NOT NULL DEFAULT '1' COMMENT '设备状态 1=停止 0=正常',
  `running_status` tinyint(4) NOT NULL DEFAULT '1' COMMENT '运行状态 1=关闭 0=打开',
  PRIMARY KEY (`hd_index`)
) ENGINE=InnoDB DEFAULT CHARSET=utf8 COLLATE=utf8_unicode_ci;

-- 正在导出表  homestead.t_hisdata_buguang 的数据：~0 rows (大约)
/*!40000 ALTER TABLE `t_hisdata_buguang` DISABLE KEYS */;
/*!40000 ALTER TABLE `t_hisdata_buguang` ENABLE KEYS */;

-- 导出  表 homestead.t_hisdata_co2 结构
CREATE TABLE IF NOT EXISTS `t_hisdata_co2` (
  `hd_index` int(10) unsigned NOT NULL AUTO_INCREMENT,
  `rd_updatetime` datetime DEFAULT NULL,
  `hd_datetime` datetime DEFAULT NULL,
  `pdi_index` int(11) NOT NULL DEFAULT '0',
  `hd_co2_concentration` double(9,2) NOT NULL DEFAULT '0.00' COMMENT '二氧化碳浓度',
  PRIMARY KEY (`hd_index`)
) ENGINE=InnoDB DEFAULT CHARSET=utf8 COLLATE=utf8_unicode_ci;

-- 正在导出表  homestead.t_hisdata_co2 的数据：~0 rows (大约)
/*!40000 ALTER TABLE `t_hisdata_co2` DISABLE KEYS */;
/*!40000 ALTER TABLE `t_hisdata_co2` ENABLE KEYS */;

-- 导出  表 homestead.t_hisdata_co2concentration 结构
CREATE TABLE IF NOT EXISTS `t_hisdata_co2concentration` (
  `hd_index` int(10) NOT NULL AUTO_INCREMENT,
  `rd_updatetime` datetime NOT NULL DEFAULT '0000-00-00 00:00:00',
  `hd_datetime` datetime NOT NULL DEFAULT '0000-00-00 00:00:00',
  `pdi_index` int(11) NOT NULL DEFAULT '0',
  `hd_Concentration1` float(9,2) DEFAULT '0.00',
  `hd_Concentration2` float(9,2) DEFAULT '0.00',
  `hd_Concentration3` float(9,2) DEFAULT '0.00',
  `hd_Concentration4` float(9,2) DEFAULT '0.00',
  `hd_Concentration5` float(9,2) DEFAULT '0.00',
  `hd_Concentration6` float(9,2) DEFAULT '0.00',
  `hd_Concentration7` float(9,2) DEFAULT '0.00',
  `hd_Concentration8` float(9,2) DEFAULT '0.00',
  `hd_Concentration9` float(9,2) DEFAULT '0.00',
  `hd_Concentration10` float(9,2) DEFAULT '0.00',
  `hd_Concentration_num` float(9,2) DEFAULT '0.00',
  `hd_Concentration1hwarn` tinyint(2) DEFAULT '0',
  `hd_Concentration2hwarn` tinyint(2) DEFAULT '0',
  `hd_Concentration3hwarn` tinyint(2) DEFAULT '0',
  `hd_Concentration4hwarn` tinyint(2) DEFAULT '0',
  `hd_Concentration5hwarn` tinyint(2) DEFAULT '0',
  `hd_Concentration6hwarn` tinyint(2) DEFAULT '0',
  `hd_Concentration7hwarn` tinyint(2) DEFAULT '0',
  `hd_Concentration8hwarn` tinyint(2) DEFAULT '0',
  `hd_Concentration9hwarn` tinyint(2) DEFAULT '0',
  `hd_Concentration10hwarn` tinyint(2) DEFAULT '0',
  `hd_Concentration1lwarn` tinyint(2) DEFAULT '0',
  `hd_Concentration2lwarn` tinyint(2) DEFAULT '0',
  `hd_Concentration3lwarn` tinyint(2) DEFAULT '0',
  `hd_Concentration4lwarn` tinyint(2) DEFAULT '0',
  `hd_Concentration5lwarn` tinyint(2) DEFAULT '0',
  `hd_Concentration6lwarn` tinyint(2) DEFAULT '0',
  `hd_Concentration7lwarn` tinyint(2) DEFAULT '0',
  `hd_Concentration8lwarn` tinyint(2) DEFAULT '0',
  `hd_Concentration9lwarn` tinyint(2) DEFAULT '0',
  `hd_Concentration10lwarn` tinyint(2) DEFAULT '0',
  `hd_Concentration1consta` tinyint(2) DEFAULT '0',
  `hd_Concentration2consta` tinyint(2) DEFAULT '0',
  `hd_Concentration3consta` tinyint(2) DEFAULT '0',
  `hd_Concentration4consta` tinyint(2) DEFAULT '0',
  `hd_Concentration5consta` tinyint(2) DEFAULT '0',
  `hd_Concentration6consta` tinyint(2) DEFAULT '0',
  `hd_Concentration7consta` tinyint(2) DEFAULT '0',
  `hd_Concentration8consta` tinyint(2) DEFAULT '0',
  `hd_Concentration9consta` tinyint(2) DEFAULT '0',
  `hd_Concentration10consta` tinyint(2) DEFAULT '0',
  `hd_NetCom` tinyint(2) DEFAULT '0',
  UNIQUE KEY `hd_index` (`hd_index`)
) ENGINE=MyISAM DEFAULT CHARSET=utf8;

-- 正在导出表  homestead.t_hisdata_co2concentration 的数据：0 rows
/*!40000 ALTER TABLE `t_hisdata_co2concentration` DISABLE KEYS */;
/*!40000 ALTER TABLE `t_hisdata_co2concentration` ENABLE KEYS */;

-- 导出  表 homestead.t_hisdata_envtemphumi 结构
CREATE TABLE IF NOT EXISTS `t_hisdata_envtemphumi` (
  `hd_index` int(10) NOT NULL AUTO_INCREMENT,
  `rd_updatetime` datetime NOT NULL DEFAULT '0000-00-00 00:00:00',
  `hd_datetime` datetime NOT NULL DEFAULT '0000-00-00 00:00:00',
  `pdi_index` int(11) NOT NULL DEFAULT '0',
  `hd_envitemp1` float(9,2) DEFAULT '0.00',
  `hd_envitemp2` float(9,2) DEFAULT '0.00',
  `hd_envitemp3` float(9,2) DEFAULT '0.00',
  `hd_envitemp4` float(9,2) DEFAULT '0.00',
  `hd_envitemp5` float(9,2) DEFAULT '0.00',
  `hd_envitemp6` float(9,2) DEFAULT '0.00',
  `hd_envitemp7` float(9,2) DEFAULT '0.00',
  `hd_envitemp8` float(9,2) DEFAULT '0.00',
  `hd_envitemp9` float(9,2) DEFAULT '0.00',
  `hd_envitemp10` float(9,2) DEFAULT '0.00',
  `hd_envihumi1` float(9,2) DEFAULT '0.00',
  `hd_envihumi2` float(9,2) DEFAULT '0.00',
  `hd_envihumi3` float(9,2) DEFAULT '0.00',
  `hd_envihumi4` float(9,2) DEFAULT '0.00',
  `hd_envihumi5` float(9,2) DEFAULT '0.00',
  `hd_envihumi6` float(9,2) DEFAULT '0.00',
  `hd_envihumi7` float(9,2) DEFAULT '0.00',
  `hd_envihumi8` float(9,2) DEFAULT '0.00',
  `hd_envihumi9` float(9,2) DEFAULT '0.00',
  `hd_envihumi10` float(9,2) DEFAULT '0.00',
  `hd_envihumi_num` float(9,2) DEFAULT '0.00',
  `hd_envitemp1hwarn` tinyint(2) DEFAULT '0',
  `hd_envitemp2hwarn` tinyint(2) DEFAULT '0',
  `hd_envitemp3hwarn` tinyint(2) DEFAULT '0',
  `hd_envitemp4hwarn` tinyint(2) DEFAULT '0',
  `hd_envitemp5hwarn` tinyint(2) DEFAULT '0',
  `hd_envitemp6hwarn` tinyint(2) DEFAULT '0',
  `hd_envitemp7hwarn` tinyint(2) DEFAULT '0',
  `hd_envitemp8hwarn` tinyint(2) DEFAULT '0',
  `hd_envitemp9hwarn` tinyint(2) DEFAULT '0',
  `hd_envitemp10hwarn` tinyint(2) DEFAULT '0',
  `hd_envitemp1lwarn` tinyint(2) DEFAULT '0',
  `hd_envitemp2lwarn` tinyint(2) DEFAULT '0',
  `hd_envitemp3lwarn` tinyint(2) DEFAULT '0',
  `hd_envitemp4lwarn` tinyint(2) DEFAULT '0',
  `hd_envitemp5lwarn` tinyint(2) DEFAULT '0',
  `hd_envitemp6lwarn` tinyint(2) DEFAULT '0',
  `hd_envitemp7lwarn` tinyint(2) DEFAULT '0',
  `hd_envitemp8lwarn` tinyint(2) DEFAULT '0',
  `hd_envitemp9lwarn` tinyint(2) DEFAULT '0',
  `hd_envitemp10lwarn` tinyint(2) DEFAULT '0',
  `hd_envihumi1hwarn` tinyint(2) DEFAULT '0',
  `hd_envihumi2hwarn` tinyint(2) DEFAULT '0',
  `hd_envihumi3hwarn` tinyint(2) DEFAULT '0',
  `hd_envihumi4hwarn` tinyint(2) DEFAULT '0',
  `hd_envihumi5hwarn` tinyint(2) DEFAULT '0',
  `hd_envihumi6hwarn` tinyint(2) DEFAULT '0',
  `hd_envihumi7hwarn` tinyint(2) DEFAULT '0',
  `hd_envihumi8hwarn` tinyint(2) DEFAULT '0',
  `hd_envihumi9hwarn` tinyint(2) DEFAULT '0',
  `hd_envihumi10hwarn` tinyint(2) DEFAULT '0',
  `hd_envihumi1lwarn` tinyint(2) DEFAULT '0',
  `hd_envihumi2lwarn` tinyint(2) DEFAULT '0',
  `hd_envihumi3lwarn` tinyint(2) DEFAULT '0',
  `hd_envihumi4lwarn` tinyint(2) DEFAULT '0',
  `hd_envihumi5lwarn` tinyint(2) DEFAULT '0',
  `hd_envihumi6lwarn` tinyint(2) DEFAULT '0',
  `hd_envihumi7lwarn` tinyint(2) DEFAULT '0',
  `hd_envihumi8lwarn` tinyint(2) DEFAULT '0',
  `hd_envihumi9lwarn` tinyint(2) DEFAULT '0',
  `hd_envihumi10lwarn` tinyint(2) DEFAULT '0',
  `hd_envihumi1consta` tinyint(2) DEFAULT '0',
  `hd_envihumi2consta` tinyint(2) DEFAULT '0',
  `hd_envihumi3consta` tinyint(2) DEFAULT '0',
  `hd_envihumi4consta` tinyint(2) DEFAULT '0',
  `hd_envihumi5consta` tinyint(2) DEFAULT '0',
  `hd_envihumi6consta` tinyint(2) DEFAULT '0',
  `hd_envihumi7consta` tinyint(2) DEFAULT '0',
  `hd_envihumi8consta` tinyint(2) DEFAULT '0',
  `hd_envihumi9consta` tinyint(2) DEFAULT '0',
  `hd_envihumi10consta` tinyint(2) DEFAULT '0',
  `hd_NetCom` tinyint(2) DEFAULT '0',
  UNIQUE KEY `hd_index` (`hd_index`)
) ENGINE=MyISAM AUTO_INCREMENT=41 DEFAULT CHARSET=utf8;

-- 正在导出表  homestead.t_hisdata_envtemphumi 的数据：40 rows
/*!40000 ALTER TABLE `t_hisdata_envtemphumi` DISABLE KEYS */;
INSERT INTO `t_hisdata_envtemphumi` (`hd_index`, `rd_updatetime`, `hd_datetime`, `pdi_index`, `hd_envitemp1`, `hd_envitemp2`, `hd_envitemp3`, `hd_envitemp4`, `hd_envitemp5`, `hd_envitemp6`, `hd_envitemp7`, `hd_envitemp8`, `hd_envitemp9`, `hd_envitemp10`, `hd_envihumi1`, `hd_envihumi2`, `hd_envihumi3`, `hd_envihumi4`, `hd_envihumi5`, `hd_envihumi6`, `hd_envihumi7`, `hd_envihumi8`, `hd_envihumi9`, `hd_envihumi10`, `hd_envihumi_num`, `hd_envitemp1hwarn`, `hd_envitemp2hwarn`, `hd_envitemp3hwarn`, `hd_envitemp4hwarn`, `hd_envitemp5hwarn`, `hd_envitemp6hwarn`, `hd_envitemp7hwarn`, `hd_envitemp8hwarn`, `hd_envitemp9hwarn`, `hd_envitemp10hwarn`, `hd_envitemp1lwarn`, `hd_envitemp2lwarn`, `hd_envitemp3lwarn`, `hd_envitemp4lwarn`, `hd_envitemp5lwarn`, `hd_envitemp6lwarn`, `hd_envitemp7lwarn`, `hd_envitemp8lwarn`, `hd_envitemp9lwarn`, `hd_envitemp10lwarn`, `hd_envihumi1hwarn`, `hd_envihumi2hwarn`, `hd_envihumi3hwarn`, `hd_envihumi4hwarn`, `hd_envihumi5hwarn`, `hd_envihumi6hwarn`, `hd_envihumi7hwarn`, `hd_envihumi8hwarn`, `hd_envihumi9hwarn`, `hd_envihumi10hwarn`, `hd_envihumi1lwarn`, `hd_envihumi2lwarn`, `hd_envihumi3lwarn`, `hd_envihumi4lwarn`, `hd_envihumi5lwarn`, `hd_envihumi6lwarn`, `hd_envihumi7lwarn`, `hd_envihumi8lwarn`, `hd_envihumi9lwarn`, `hd_envihumi10lwarn`, `hd_envihumi1consta`, `hd_envihumi2consta`, `hd_envihumi3consta`, `hd_envihumi4consta`, `hd_envihumi5consta`, `hd_envihumi6consta`, `hd_envihumi7consta`, `hd_envihumi8consta`, `hd_envihumi9consta`, `hd_envihumi10consta`, `hd_NetCom`) VALUES
	(1, '2018-09-28 11:44:45', '2018-09-28 11:44:54', 865335209, 22.36, 12.34, 33.32, 0.00, 0.00, 0.00, 0.00, 0.00, 0.00, 0.00, 56.98, 56.89, 36.36, 0.00, 0.00, 0.00, 0.00, 0.00, 0.00, 0.00, 0.00, 0, 0, 0, 0, 0, 0, 0, 0, 0, 0, 0, 0, 0, 0, 0, 0, 0, 0, 0, 0, 0, 0, 0, 0, 0, 0, 0, 0, 0, 0, 0, 0, 0, 0, 0, 0, 0, 0, 0, 0, 1, 1, 1, 1, 1, 0, 0, 0, 0, 0, 0),
	(2, '2018-09-28 11:14:53', '2018-09-28 11:14:53', 865335209, 22.36, 12.34, 33.32, 0.00, 0.00, 0.00, 0.00, 0.00, 0.00, 0.00, 56.98, 56.89, 36.36, 0.00, 0.00, 0.00, 0.00, 0.00, 0.00, 0.00, 0.00, 0, 0, 0, 0, 0, 0, 0, 0, 0, 0, 0, 0, 0, 0, 0, 0, 0, 0, 0, 0, 0, 0, 0, 0, 0, 0, 0, 0, 0, 0, 0, 0, 0, 0, 0, 0, 0, 0, 0, 0, 1, 1, 1, 1, 1, 0, 0, 0, 0, 0, 0),
	(3, '2018-09-28 10:44:44', '2018-09-28 10:44:52', 865335209, 22.36, 12.34, 33.32, 0.00, 0.00, 0.00, 0.00, 0.00, 0.00, 0.00, 56.98, 56.89, 36.36, 0.00, 0.00, 0.00, 0.00, 0.00, 0.00, 0.00, 0.00, 0, 0, 0, 0, 0, 0, 0, 0, 0, 0, 0, 0, 0, 0, 0, 0, 0, 0, 0, 0, 0, 0, 0, 0, 0, 0, 0, 0, 0, 0, 0, 0, 0, 0, 0, 0, 0, 0, 0, 0, 1, 1, 1, 1, 1, 0, 0, 0, 0, 0, 0),
	(4, '2018-09-28 10:14:46', '2018-09-28 10:14:50', 865335209, 22.36, 12.34, 33.32, 0.00, 0.00, 0.00, 0.00, 0.00, 0.00, 0.00, 56.98, 56.89, 36.36, 0.00, 0.00, 0.00, 0.00, 0.00, 0.00, 0.00, 0.00, 0, 0, 0, 0, 0, 0, 0, 0, 0, 0, 0, 0, 0, 0, 0, 0, 0, 0, 0, 0, 0, 0, 0, 0, 0, 0, 0, 0, 0, 0, 0, 0, 0, 0, 0, 0, 0, 0, 0, 0, 1, 1, 1, 1, 1, 0, 0, 0, 0, 0, 0),
	(5, '2018-09-28 09:44:44', '2018-09-28 09:44:49', 865335209, 22.36, 12.34, 33.32, 0.00, 0.00, 0.00, 0.00, 0.00, 0.00, 0.00, 56.98, 56.89, 36.36, 0.00, 0.00, 0.00, 0.00, 0.00, 0.00, 0.00, 0.00, 0, 0, 0, 0, 0, 0, 0, 0, 0, 0, 0, 0, 0, 0, 0, 0, 0, 0, 0, 0, 0, 0, 0, 0, 0, 0, 0, 0, 0, 0, 0, 0, 0, 0, 0, 0, 0, 0, 0, 0, 1, 1, 1, 1, 1, 0, 0, 0, 0, 0, 0),
	(6, '2018-09-28 09:14:46', '2018-09-28 09:14:48', 865335209, 22.36, 12.34, 33.32, 0.00, 0.00, 0.00, 0.00, 0.00, 0.00, 0.00, 56.98, 56.89, 36.36, 0.00, 0.00, 0.00, 0.00, 0.00, 0.00, 0.00, 0.00, 0, 0, 0, 0, 0, 0, 0, 0, 0, 0, 0, 0, 0, 0, 0, 0, 0, 0, 0, 0, 0, 0, 0, 0, 0, 0, 0, 0, 0, 0, 0, 0, 0, 0, 0, 0, 0, 0, 0, 0, 1, 1, 1, 1, 1, 0, 0, 0, 0, 0, 0),
	(7, '2018-09-28 08:44:44', '2018-09-28 08:44:47', 865335209, 22.36, 12.34, 33.32, 0.00, 0.00, 0.00, 0.00, 0.00, 0.00, 0.00, 56.98, 56.89, 36.36, 0.00, 0.00, 0.00, 0.00, 0.00, 0.00, 0.00, 0.00, 0, 0, 0, 0, 0, 0, 0, 0, 0, 0, 0, 0, 0, 0, 0, 0, 0, 0, 0, 0, 0, 0, 0, 0, 0, 0, 0, 0, 0, 0, 0, 0, 0, 0, 0, 0, 0, 0, 0, 0, 1, 1, 1, 1, 1, 0, 0, 0, 0, 0, 0),
	(8, '2018-09-28 08:14:36', '2018-09-28 08:14:46', 865335209, 22.36, 12.34, 33.32, 0.00, 0.00, 0.00, 0.00, 0.00, 0.00, 0.00, 56.98, 56.89, 36.36, 0.00, 0.00, 0.00, 0.00, 0.00, 0.00, 0.00, 0.00, 0, 0, 0, 0, 0, 0, 0, 0, 0, 0, 0, 0, 0, 0, 0, 0, 0, 0, 0, 0, 0, 0, 0, 0, 0, 0, 0, 0, 0, 0, 0, 0, 0, 0, 0, 0, 0, 0, 0, 0, 1, 1, 1, 1, 1, 0, 0, 0, 0, 0, 0),
	(9, '2018-09-28 07:44:38', '2018-09-28 07:44:45', 865335209, 22.36, 12.34, 33.32, 0.00, 0.00, 0.00, 0.00, 0.00, 0.00, 0.00, 56.98, 56.89, 36.36, 0.00, 0.00, 0.00, 0.00, 0.00, 0.00, 0.00, 0.00, 0, 0, 0, 0, 0, 0, 0, 0, 0, 0, 0, 0, 0, 0, 0, 0, 0, 0, 0, 0, 0, 0, 0, 0, 0, 0, 0, 0, 0, 0, 0, 0, 0, 0, 0, 0, 0, 0, 0, 0, 1, 1, 1, 1, 1, 0, 0, 0, 0, 0, 0),
	(10, '2018-09-28 07:14:35', '2018-09-28 07:14:44', 865335209, 22.36, 12.34, 33.32, 0.00, 0.00, 0.00, 0.00, 0.00, 0.00, 0.00, 56.98, 56.89, 36.36, 0.00, 0.00, 0.00, 0.00, 0.00, 0.00, 0.00, 0.00, 0, 0, 0, 0, 0, 0, 0, 0, 0, 0, 0, 0, 0, 0, 0, 0, 0, 0, 0, 0, 0, 0, 0, 0, 0, 0, 0, 0, 0, 0, 0, 0, 0, 0, 0, 0, 0, 0, 0, 0, 1, 1, 1, 1, 1, 0, 0, 0, 0, 0, 0),
	(11, '2018-09-28 06:44:37', '2018-09-28 06:44:43', 865335209, 22.36, 12.34, 33.32, 0.00, 0.00, 0.00, 0.00, 0.00, 0.00, 0.00, 56.98, 56.89, 36.36, 0.00, 0.00, 0.00, 0.00, 0.00, 0.00, 0.00, 0.00, 0, 0, 0, 0, 0, 0, 0, 0, 0, 0, 0, 0, 0, 0, 0, 0, 0, 0, 0, 0, 0, 0, 0, 0, 0, 0, 0, 0, 0, 0, 0, 0, 0, 0, 0, 0, 0, 0, 0, 0, 1, 1, 1, 1, 1, 0, 0, 0, 0, 0, 0),
	(12, '2018-09-28 06:14:35', '2018-09-28 06:14:42', 865335209, 22.36, 12.34, 33.32, 0.00, 0.00, 0.00, 0.00, 0.00, 0.00, 0.00, 56.98, 56.89, 36.36, 0.00, 0.00, 0.00, 0.00, 0.00, 0.00, 0.00, 0.00, 0, 0, 0, 0, 0, 0, 0, 0, 0, 0, 0, 0, 0, 0, 0, 0, 0, 0, 0, 0, 0, 0, 0, 0, 0, 0, 0, 0, 0, 0, 0, 0, 0, 0, 0, 0, 0, 0, 0, 0, 1, 1, 1, 1, 1, 0, 0, 0, 0, 0, 0),
	(13, '2018-09-28 05:44:37', '2018-09-28 05:44:41', 865335209, 22.36, 12.34, 33.32, 0.00, 0.00, 0.00, 0.00, 0.00, 0.00, 0.00, 56.98, 56.89, 36.36, 0.00, 0.00, 0.00, 0.00, 0.00, 0.00, 0.00, 0.00, 0, 0, 0, 0, 0, 0, 0, 0, 0, 0, 0, 0, 0, 0, 0, 0, 0, 0, 0, 0, 0, 0, 0, 0, 0, 0, 0, 0, 0, 0, 0, 0, 0, 0, 0, 0, 0, 0, 0, 0, 1, 1, 1, 1, 1, 0, 0, 0, 0, 0, 0),
	(14, '2018-09-28 05:14:35', '2018-09-28 05:14:40', 865335209, 22.36, 12.34, 33.32, 0.00, 0.00, 0.00, 0.00, 0.00, 0.00, 0.00, 56.98, 56.89, 36.36, 0.00, 0.00, 0.00, 0.00, 0.00, 0.00, 0.00, 0.00, 0, 0, 0, 0, 0, 0, 0, 0, 0, 0, 0, 0, 0, 0, 0, 0, 0, 0, 0, 0, 0, 0, 0, 0, 0, 0, 0, 0, 0, 0, 0, 0, 0, 0, 0, 0, 0, 0, 0, 0, 1, 1, 1, 1, 1, 0, 0, 0, 0, 0, 0),
	(15, '2018-09-28 04:44:37', '2018-09-28 04:44:38', 865335209, 22.36, 12.34, 33.32, 0.00, 0.00, 0.00, 0.00, 0.00, 0.00, 0.00, 56.98, 56.89, 36.36, 0.00, 0.00, 0.00, 0.00, 0.00, 0.00, 0.00, 0.00, 0, 0, 0, 0, 0, 0, 0, 0, 0, 0, 0, 0, 0, 0, 0, 0, 0, 0, 0, 0, 0, 0, 0, 0, 0, 0, 0, 0, 0, 0, 0, 0, 0, 0, 0, 0, 0, 0, 0, 0, 1, 1, 1, 1, 1, 0, 0, 0, 0, 0, 0),
	(16, '2018-09-28 04:14:29', '2018-09-28 04:14:37', 865335209, 22.36, 12.34, 33.32, 0.00, 0.00, 0.00, 0.00, 0.00, 0.00, 0.00, 56.98, 56.89, 36.36, 0.00, 0.00, 0.00, 0.00, 0.00, 0.00, 0.00, 0.00, 0, 0, 0, 0, 0, 0, 0, 0, 0, 0, 0, 0, 0, 0, 0, 0, 0, 0, 0, 0, 0, 0, 0, 0, 0, 0, 0, 0, 0, 0, 0, 0, 0, 0, 0, 0, 0, 0, 0, 0, 1, 1, 1, 1, 1, 0, 0, 0, 0, 0, 0),
	(17, '2018-09-28 03:44:26', '2018-09-28 03:44:36', 865335209, 22.36, 12.34, 33.32, 0.00, 0.00, 0.00, 0.00, 0.00, 0.00, 0.00, 56.98, 56.89, 36.36, 0.00, 0.00, 0.00, 0.00, 0.00, 0.00, 0.00, 0.00, 0, 0, 0, 0, 0, 0, 0, 0, 0, 0, 0, 0, 0, 0, 0, 0, 0, 0, 0, 0, 0, 0, 0, 0, 0, 0, 0, 0, 0, 0, 0, 0, 0, 0, 0, 0, 0, 0, 0, 0, 1, 1, 1, 1, 1, 0, 0, 0, 0, 0, 0),
	(18, '2018-09-28 03:14:28', '2018-09-28 03:14:35', 865335209, 22.36, 12.34, 33.32, 0.00, 0.00, 0.00, 0.00, 0.00, 0.00, 0.00, 56.98, 56.89, 36.36, 0.00, 0.00, 0.00, 0.00, 0.00, 0.00, 0.00, 0.00, 0, 0, 0, 0, 0, 0, 0, 0, 0, 0, 0, 0, 0, 0, 0, 0, 0, 0, 0, 0, 0, 0, 0, 0, 0, 0, 0, 0, 0, 0, 0, 0, 0, 0, 0, 0, 0, 0, 0, 0, 1, 1, 1, 1, 1, 0, 0, 0, 0, 0, 0),
	(19, '2018-09-28 02:44:26', '2018-09-28 02:44:34', 865335209, 22.36, 12.34, 33.32, 0.00, 0.00, 0.00, 0.00, 0.00, 0.00, 0.00, 56.98, 56.89, 36.36, 0.00, 0.00, 0.00, 0.00, 0.00, 0.00, 0.00, 0.00, 0, 0, 0, 0, 0, 0, 0, 0, 0, 0, 0, 0, 0, 0, 0, 0, 0, 0, 0, 0, 0, 0, 0, 0, 0, 0, 0, 0, 0, 0, 0, 0, 0, 0, 0, 0, 0, 0, 0, 0, 1, 1, 1, 1, 1, 0, 0, 0, 0, 0, 0),
	(20, '2018-09-28 02:14:28', '2018-09-28 02:14:33', 865335209, 22.36, 12.34, 33.32, 0.00, 0.00, 0.00, 0.00, 0.00, 0.00, 0.00, 56.98, 56.89, 36.36, 0.00, 0.00, 0.00, 0.00, 0.00, 0.00, 0.00, 0.00, 0, 0, 0, 0, 0, 0, 0, 0, 0, 0, 0, 0, 0, 0, 0, 0, 0, 0, 0, 0, 0, 0, 0, 0, 0, 0, 0, 0, 0, 0, 0, 0, 0, 0, 0, 0, 0, 0, 0, 0, 1, 1, 1, 1, 1, 0, 0, 0, 0, 0, 0),
	(21, '2018-09-28 01:44:30', '2018-09-28 01:44:32', 865335209, 22.36, 12.34, 33.32, 0.00, 0.00, 0.00, 0.00, 0.00, 0.00, 0.00, 56.98, 56.89, 36.36, 0.00, 0.00, 0.00, 0.00, 0.00, 0.00, 0.00, 0.00, 0, 0, 0, 0, 0, 0, 0, 0, 0, 0, 0, 0, 0, 0, 0, 0, 0, 0, 0, 0, 0, 0, 0, 0, 0, 0, 0, 0, 0, 0, 0, 0, 0, 0, 0, 0, 0, 0, 0, 0, 1, 1, 1, 1, 1, 0, 0, 0, 0, 0, 0),
	(22, '2018-09-28 01:14:28', '2018-09-28 01:14:31', 865335209, 22.36, 12.34, 33.32, 0.00, 0.00, 0.00, 0.00, 0.00, 0.00, 0.00, 56.98, 56.89, 36.36, 0.00, 0.00, 0.00, 0.00, 0.00, 0.00, 0.00, 0.00, 0, 0, 0, 0, 0, 0, 0, 0, 0, 0, 0, 0, 0, 0, 0, 0, 0, 0, 0, 0, 0, 0, 0, 0, 0, 0, 0, 0, 0, 0, 0, 0, 0, 0, 0, 0, 0, 0, 0, 0, 1, 1, 1, 1, 1, 0, 0, 0, 0, 0, 0),
	(23, '2018-09-28 00:44:30', '2018-09-28 00:44:30', 865335209, 22.36, 12.34, 33.32, 0.00, 0.00, 0.00, 0.00, 0.00, 0.00, 0.00, 56.98, 56.89, 36.36, 0.00, 0.00, 0.00, 0.00, 0.00, 0.00, 0.00, 0.00, 0, 0, 0, 0, 0, 0, 0, 0, 0, 0, 0, 0, 0, 0, 0, 0, 0, 0, 0, 0, 0, 0, 0, 0, 0, 0, 0, 0, 0, 0, 0, 0, 0, 0, 0, 0, 0, 0, 0, 0, 1, 1, 1, 1, 1, 0, 0, 0, 0, 0, 0),
	(24, '2018-09-28 00:14:27', '2018-09-28 00:14:29', 865335209, 22.36, 12.34, 33.32, 0.00, 0.00, 0.00, 0.00, 0.00, 0.00, 0.00, 56.98, 56.89, 36.36, 0.00, 0.00, 0.00, 0.00, 0.00, 0.00, 0.00, 0.00, 0, 0, 0, 0, 0, 0, 0, 0, 0, 0, 0, 0, 0, 0, 0, 0, 0, 0, 0, 0, 0, 0, 0, 0, 0, 0, 0, 0, 0, 0, 0, 0, 0, 0, 0, 0, 0, 0, 0, 0, 1, 1, 1, 1, 1, 0, 0, 0, 0, 0, 0),
	(25, '2018-09-27 23:44:19', '2018-09-27 23:44:27', 865335209, 22.36, 12.34, 33.32, 0.00, 0.00, 0.00, 0.00, 0.00, 0.00, 0.00, 56.98, 56.89, 36.36, 0.00, 0.00, 0.00, 0.00, 0.00, 0.00, 0.00, 0.00, 0, 0, 0, 0, 0, 0, 0, 0, 0, 0, 0, 0, 0, 0, 0, 0, 0, 0, 0, 0, 0, 0, 0, 0, 0, 0, 0, 0, 0, 0, 0, 0, 0, 0, 0, 0, 0, 0, 0, 0, 1, 1, 1, 1, 1, 0, 0, 0, 0, 0, 0),
	(26, '2018-09-27 23:14:17', '2018-09-27 23:14:26', 865335209, 22.36, 12.34, 33.32, 0.00, 0.00, 0.00, 0.00, 0.00, 0.00, 0.00, 56.98, 56.89, 36.36, 0.00, 0.00, 0.00, 0.00, 0.00, 0.00, 0.00, 0.00, 0, 0, 0, 0, 0, 0, 0, 0, 0, 0, 0, 0, 0, 0, 0, 0, 0, 0, 0, 0, 0, 0, 0, 0, 0, 0, 0, 0, 0, 0, 0, 0, 0, 0, 0, 0, 0, 0, 0, 0, 1, 1, 1, 1, 1, 0, 0, 0, 0, 0, 0),
	(27, '2018-09-27 22:44:19', '2018-09-27 22:44:25', 865335209, 22.36, 12.34, 33.32, 0.00, 0.00, 0.00, 0.00, 0.00, 0.00, 0.00, 56.98, 56.89, 36.36, 0.00, 0.00, 0.00, 0.00, 0.00, 0.00, 0.00, 0.00, 0, 0, 0, 0, 0, 0, 0, 0, 0, 0, 0, 0, 0, 0, 0, 0, 0, 0, 0, 0, 0, 0, 0, 0, 0, 0, 0, 0, 0, 0, 0, 0, 0, 0, 0, 0, 0, 0, 0, 0, 1, 1, 1, 1, 1, 0, 0, 0, 0, 0, 0),
	(28, '2018-09-27 22:14:21', '2018-09-27 22:14:24', 865335209, 22.36, 12.34, 33.32, 0.00, 0.00, 0.00, 0.00, 0.00, 0.00, 0.00, 56.98, 56.89, 36.36, 0.00, 0.00, 0.00, 0.00, 0.00, 0.00, 0.00, 0.00, 0, 0, 0, 0, 0, 0, 0, 0, 0, 0, 0, 0, 0, 0, 0, 0, 0, 0, 0, 0, 0, 0, 0, 0, 0, 0, 0, 0, 0, 0, 0, 0, 0, 0, 0, 0, 0, 0, 0, 0, 1, 1, 1, 1, 1, 0, 0, 0, 0, 0, 0),
	(29, '2018-09-27 21:44:19', '2018-09-27 21:44:23', 865335209, 22.36, 12.34, 33.32, 0.00, 0.00, 0.00, 0.00, 0.00, 0.00, 0.00, 56.98, 56.89, 36.36, 0.00, 0.00, 0.00, 0.00, 0.00, 0.00, 0.00, 0.00, 0, 0, 0, 0, 0, 0, 0, 0, 0, 0, 0, 0, 0, 0, 0, 0, 0, 0, 0, 0, 0, 0, 0, 0, 0, 0, 0, 0, 0, 0, 0, 0, 0, 0, 0, 0, 0, 0, 0, 0, 1, 1, 1, 1, 1, 0, 0, 0, 0, 0, 0),
	(30, '2018-09-27 21:14:21', '2018-09-27 21:14:22', 865335209, 22.36, 12.34, 33.32, 0.00, 0.00, 0.00, 0.00, 0.00, 0.00, 0.00, 56.98, 56.89, 36.36, 0.00, 0.00, 0.00, 0.00, 0.00, 0.00, 0.00, 0.00, 0, 0, 0, 0, 0, 0, 0, 0, 0, 0, 0, 0, 0, 0, 0, 0, 0, 0, 0, 0, 0, 0, 0, 0, 0, 0, 0, 0, 0, 0, 0, 0, 0, 0, 0, 0, 0, 0, 0, 0, 1, 1, 1, 1, 1, 0, 0, 0, 0, 0, 0),
	(31, '2018-09-27 20:44:18', '2018-09-27 20:44:21', 865335209, 22.36, 12.34, 33.32, 0.00, 0.00, 0.00, 0.00, 0.00, 0.00, 0.00, 56.98, 56.89, 36.36, 0.00, 0.00, 0.00, 0.00, 0.00, 0.00, 0.00, 0.00, 0, 0, 0, 0, 0, 0, 0, 0, 0, 0, 0, 0, 0, 0, 0, 0, 0, 0, 0, 0, 0, 0, 0, 0, 0, 0, 0, 0, 0, 0, 0, 0, 0, 0, 0, 0, 0, 0, 0, 0, 1, 1, 1, 1, 1, 0, 0, 0, 0, 0, 0),
	(32, '2018-09-27 20:14:10', '2018-09-27 20:14:20', 865335209, 22.36, 12.34, 33.32, 0.00, 0.00, 0.00, 0.00, 0.00, 0.00, 0.00, 56.98, 56.89, 36.36, 0.00, 0.00, 0.00, 0.00, 0.00, 0.00, 0.00, 0.00, 0, 0, 0, 0, 0, 0, 0, 0, 0, 0, 0, 0, 0, 0, 0, 0, 0, 0, 0, 0, 0, 0, 0, 0, 0, 0, 0, 0, 0, 0, 0, 0, 0, 0, 0, 0, 0, 0, 0, 0, 1, 1, 1, 1, 1, 0, 0, 0, 0, 0, 0),
	(33, '2018-09-27 19:44:17', '2018-09-27 19:44:19', 865335209, 22.36, 12.34, 33.32, 0.00, 0.00, 0.00, 0.00, 0.00, 0.00, 0.00, 56.98, 56.89, 36.36, 0.00, 0.00, 0.00, 0.00, 0.00, 0.00, 0.00, 0.00, 0, 0, 0, 0, 0, 0, 0, 0, 0, 0, 0, 0, 0, 0, 0, 0, 0, 0, 0, 0, 0, 0, 0, 0, 0, 0, 0, 0, 0, 0, 0, 0, 0, 0, 0, 0, 0, 0, 0, 0, 1, 1, 1, 1, 1, 0, 0, 0, 0, 0, 0),
	(34, '2018-09-27 19:14:09', '2018-09-27 19:14:18', 865335209, 22.36, 12.34, 33.32, 0.00, 0.00, 0.00, 0.00, 0.00, 0.00, 0.00, 56.98, 56.89, 36.36, 0.00, 0.00, 0.00, 0.00, 0.00, 0.00, 0.00, 0.00, 0, 0, 0, 0, 0, 0, 0, 0, 0, 0, 0, 0, 0, 0, 0, 0, 0, 0, 0, 0, 0, 0, 0, 0, 0, 0, 0, 0, 0, 0, 0, 0, 0, 0, 0, 0, 0, 0, 0, 0, 1, 1, 1, 1, 1, 0, 0, 0, 0, 0, 0),
	(35, '2018-09-27 18:44:11', '2018-09-27 18:44:16', 865335209, 22.36, 12.34, 33.32, 0.00, 0.00, 0.00, 0.00, 0.00, 0.00, 0.00, 56.98, 56.89, 36.36, 0.00, 0.00, 0.00, 0.00, 0.00, 0.00, 0.00, 0.00, 0, 0, 0, 0, 0, 0, 0, 0, 0, 0, 0, 0, 0, 0, 0, 0, 0, 0, 0, 0, 0, 0, 0, 0, 0, 0, 0, 0, 0, 0, 0, 0, 0, 0, 0, 0, 0, 0, 0, 0, 1, 1, 1, 1, 1, 0, 0, 0, 0, 0, 0),
	(36, '2018-09-27 18:14:09', '2018-09-27 18:14:15', 865335209, 22.36, 12.34, 33.32, 0.00, 0.00, 0.00, 0.00, 0.00, 0.00, 0.00, 56.98, 56.89, 36.36, 0.00, 0.00, 0.00, 0.00, 0.00, 0.00, 0.00, 0.00, 0, 0, 0, 0, 0, 0, 0, 0, 0, 0, 0, 0, 0, 0, 0, 0, 0, 0, 0, 0, 0, 0, 0, 0, 0, 0, 0, 0, 0, 0, 0, 0, 0, 0, 0, 0, 0, 0, 0, 0, 1, 1, 1, 1, 1, 0, 0, 0, 0, 0, 0),
	(37, '2018-09-27 17:44:11', '2018-09-27 17:44:14', 865335209, 22.36, 12.34, 33.32, 0.00, 0.00, 0.00, 0.00, 0.00, 0.00, 0.00, 56.98, 56.89, 36.36, 0.00, 0.00, 0.00, 0.00, 0.00, 0.00, 0.00, 0.00, 0, 0, 0, 0, 0, 0, 0, 0, 0, 0, 0, 0, 0, 0, 0, 0, 0, 0, 0, 0, 0, 0, 0, 0, 0, 0, 0, 0, 0, 0, 0, 0, 0, 0, 0, 0, 0, 0, 0, 0, 1, 1, 1, 1, 1, 0, 0, 0, 0, 0, 0),
	(38, '2018-09-27 17:14:09', '2018-09-27 17:14:13', 865335209, 22.36, 12.34, 33.32, 0.00, 0.00, 0.00, 0.00, 0.00, 0.00, 0.00, 56.98, 56.89, 36.36, 0.00, 0.00, 0.00, 0.00, 0.00, 0.00, 0.00, 0.00, 0, 0, 0, 0, 0, 0, 0, 0, 0, 0, 0, 0, 0, 0, 0, 0, 0, 0, 0, 0, 0, 0, 0, 0, 0, 0, 0, 0, 0, 0, 0, 0, 0, 0, 0, 0, 0, 0, 0, 0, 1, 1, 1, 1, 1, 0, 0, 0, 0, 0, 0),
	(39, '2018-09-27 16:44:11', '2018-09-27 16:44:12', 865335209, 22.36, 12.34, 33.32, 0.00, 0.00, 0.00, 0.00, 0.00, 0.00, 0.00, 56.98, 56.89, 36.36, 0.00, 0.00, 0.00, 0.00, 0.00, 0.00, 0.00, 0.00, 0, 0, 0, 0, 0, 0, 0, 0, 0, 0, 0, 0, 0, 0, 0, 0, 0, 0, 0, 0, 0, 0, 0, 0, 0, 0, 0, 0, 0, 0, 0, 0, 0, 0, 0, 0, 0, 0, 0, 0, 1, 1, 1, 1, 1, 0, 0, 0, 0, 0, 0),
	(40, '2018-09-27 16:14:03', '2018-09-27 16:14:11', 865335209, 22.36, 12.34, 33.32, 0.00, 0.00, 0.00, 0.00, 0.00, 0.00, 0.00, 56.98, 56.89, 36.36, 0.00, 0.00, 0.00, 0.00, 0.00, 0.00, 0.00, 0.00, 0, 0, 0, 0, 0, 0, 0, 0, 0, 0, 0, 0, 0, 0, 0, 0, 0, 0, 0, 0, 0, 0, 0, 0, 0, 0, 0, 0, 0, 0, 0, 0, 0, 0, 0, 0, 0, 0, 0, 0, 0, 0, 0, 0, 1, 0, 0, 0, 0, 0, 0);
/*!40000 ALTER TABLE `t_hisdata_envtemphumi` ENABLE KEYS */;

-- 导出  表 homestead.t_hisdata_guangai 结构
CREATE TABLE IF NOT EXISTS `t_hisdata_guangai` (
  `hd_index` int(10) unsigned NOT NULL AUTO_INCREMENT,
  `rd_updatetime` datetime DEFAULT NULL,
  `hd_datetime` datetime DEFAULT NULL,
  `pdi_index` int(11) NOT NULL DEFAULT '0',
  `device_status` tinyint(4) NOT NULL DEFAULT '1' COMMENT '设备状态 1=停止 0=正常',
  `running_status` tinyint(4) NOT NULL DEFAULT '1' COMMENT '运行状态 1=关闭 0=打开',
  PRIMARY KEY (`hd_index`)
) ENGINE=InnoDB DEFAULT CHARSET=utf8 COLLATE=utf8_unicode_ci;

-- 正在导出表  homestead.t_hisdata_guangai 的数据：~0 rows (大约)
/*!40000 ALTER TABLE `t_hisdata_guangai` DISABLE KEYS */;
/*!40000 ALTER TABLE `t_hisdata_guangai` ENABLE KEYS */;

-- 导出  表 homestead.t_hisdata_juanlian 结构
CREATE TABLE IF NOT EXISTS `t_hisdata_juanlian` (
  `hd_index` int(10) unsigned NOT NULL AUTO_INCREMENT,
  `rd_updatetime` datetime DEFAULT NULL,
  `hd_datetime` datetime DEFAULT NULL,
  `pdi_index` int(11) NOT NULL DEFAULT '0',
  `device_status` tinyint(4) NOT NULL DEFAULT '1' COMMENT '设备状态 1=停止 0=正常',
  `running_status` tinyint(4) NOT NULL DEFAULT '1' COMMENT '运行状态 1=关闭 0=打开',
  PRIMARY KEY (`hd_index`)
) ENGINE=InnoDB DEFAULT CHARSET=utf8 COLLATE=utf8_unicode_ci;

-- 正在导出表  homestead.t_hisdata_juanlian 的数据：~0 rows (大约)
/*!40000 ALTER TABLE `t_hisdata_juanlian` DISABLE KEYS */;
/*!40000 ALTER TABLE `t_hisdata_juanlian` ENABLE KEYS */;

-- 导出  表 homestead.t_hisdata_levelvalue 结构
CREATE TABLE IF NOT EXISTS `t_hisdata_levelvalue` (
  `hd_index` int(10) NOT NULL AUTO_INCREMENT,
  `rd_updatetime` datetime NOT NULL DEFAULT '0000-00-00 00:00:00',
  `hd_datetime` datetime NOT NULL DEFAULT '0000-00-00 00:00:00',
  `pdi_index` int(11) NOT NULL DEFAULT '0',
  `hd_LevelValue1` float(9,2) DEFAULT '0.00',
  `hd_LevelValue2` float(9,2) DEFAULT '0.00',
  `hd_LevelValue3` float(9,2) DEFAULT '0.00',
  `hd_LevelValue4` float(9,2) DEFAULT '0.00',
  `hd_LevelValue5` float(9,2) DEFAULT '0.00',
  `hd_LevelValue6` float(9,2) DEFAULT '0.00',
  `hd_LevelValue7` float(9,2) DEFAULT '0.00',
  `hd_LevelValue8` float(9,2) DEFAULT '0.00',
  `hd_LevelValue9` float(9,2) DEFAULT '0.00',
  `hd_LevelValue10` float(9,2) DEFAULT '0.00',
  `hd_LevelValue_num` float(9,2) DEFAULT '0.00',
  `hd_LevelValue1hwarn` tinyint(2) DEFAULT '0',
  `hd_LevelValue2hwarn` tinyint(2) DEFAULT '0',
  `hd_LevelValue3hwarn` tinyint(2) DEFAULT '0',
  `hd_LevelValue4hwarn` tinyint(2) DEFAULT '0',
  `hd_LevelValue5hwarn` tinyint(2) DEFAULT '0',
  `hd_LevelValue6hwarn` tinyint(2) DEFAULT '0',
  `hd_LevelValue7hwarn` tinyint(2) DEFAULT '0',
  `hd_LevelValue8hwarn` tinyint(2) DEFAULT '0',
  `hd_LevelValue9hwarn` tinyint(2) DEFAULT '0',
  `hd_LevelValue10hwarn` tinyint(2) DEFAULT '0',
  `hd_LevelValue1lwarn` tinyint(2) DEFAULT '0',
  `hd_LevelValue2lwarn` tinyint(2) DEFAULT '0',
  `hd_LevelValue3lwarn` tinyint(2) DEFAULT '0',
  `hd_LevelValue4lwarn` tinyint(2) DEFAULT '0',
  `hd_LevelValue5lwarn` tinyint(2) DEFAULT '0',
  `hd_LevelValue6lwarn` tinyint(2) DEFAULT '0',
  `hd_LevelValue7lwarn` tinyint(2) DEFAULT '0',
  `hd_LevelValue8lwarn` tinyint(2) DEFAULT '0',
  `hd_LevelValue9lwarn` tinyint(2) DEFAULT '0',
  `hd_LevelValue10lwarn` tinyint(2) DEFAULT '0',
  `hd_LevelValue1consta` tinyint(2) DEFAULT '0',
  `hd_LevelValue2consta` tinyint(2) DEFAULT '0',
  `hd_LevelValue3consta` tinyint(2) DEFAULT '0',
  `hd_LevelValue4consta` tinyint(2) DEFAULT '0',
  `hd_LevelValue5consta` tinyint(2) DEFAULT '0',
  `hd_LevelValue6consta` tinyint(2) DEFAULT '0',
  `hd_LevelValue7consta` tinyint(2) DEFAULT '0',
  `hd_LevelValue8consta` tinyint(2) DEFAULT '0',
  `hd_LevelValue9consta` tinyint(2) DEFAULT '0',
  `hd_LevelValue10consta` tinyint(2) DEFAULT '0',
  `hd_NetCom` tinyint(2) DEFAULT '0',
  UNIQUE KEY `hd_index` (`hd_index`)
) ENGINE=MyISAM DEFAULT CHARSET=utf8;

-- 正在导出表  homestead.t_hisdata_levelvalue 的数据：0 rows
/*!40000 ALTER TABLE `t_hisdata_levelvalue` DISABLE KEYS */;
/*!40000 ALTER TABLE `t_hisdata_levelvalue` ENABLE KEYS */;

-- 导出  表 homestead.t_hisdata_light 结构
CREATE TABLE IF NOT EXISTS `t_hisdata_light` (
  `hd_index` int(10) unsigned NOT NULL AUTO_INCREMENT,
  `rd_updatetime` datetime DEFAULT NULL,
  `hd_datetime` datetime DEFAULT NULL,
  `pdi_index` int(11) NOT NULL DEFAULT '0',
  `hd_light_intensity` double(9,2) NOT NULL DEFAULT '0.00' COMMENT '光照强度',
  PRIMARY KEY (`hd_index`)
) ENGINE=InnoDB AUTO_INCREMENT=101 DEFAULT CHARSET=utf8 COLLATE=utf8_unicode_ci;

-- 正在导出表  homestead.t_hisdata_light 的数据：~100 rows (大约)
/*!40000 ALTER TABLE `t_hisdata_light` DISABLE KEYS */;
INSERT INTO `t_hisdata_light` (`hd_index`, `rd_updatetime`, `hd_datetime`, `pdi_index`, `hd_light_intensity`) VALUES
	(1, '2018-08-26 02:49:24', '2018-08-22 18:13:03', 865335183, 27.00),
	(2, '2018-08-23 15:35:52', '2018-08-26 13:57:31', 865335183, 18.00),
	(3, '2018-08-23 16:59:45', '2018-08-23 23:34:36', 865335183, 23.00),
	(4, '2018-08-24 20:23:53', '2018-08-27 07:59:55', 865335183, 22.00),
	(5, '2018-08-27 12:48:32', '2018-08-24 04:15:23', 865335183, 2.00),
	(6, '2018-08-23 20:29:20', '2018-08-25 00:31:32', 676214795, 16.00),
	(7, '2018-08-27 05:05:01', '2018-08-25 23:38:22', 676214795, 2.00),
	(8, '2018-08-26 03:37:58', '2018-08-26 20:05:08', 676214795, 8.00),
	(9, '2018-08-24 14:49:53', '2018-08-27 06:50:36', 676214795, 5.00),
	(10, '2018-08-26 06:19:57', '2018-08-25 06:45:26', 865335183, 13.00),
	(11, '2018-08-25 19:26:50', '2018-08-26 01:06:43', 865335183, 16.00),
	(12, '2018-08-24 19:10:05', '2018-08-23 12:03:24', 676214795, 30.00),
	(13, '2018-08-27 07:30:49', '2018-08-25 05:41:07', 676214795, 20.00),
	(14, '2018-08-25 02:48:08', '2018-08-25 09:20:11', 865335183, 30.00),
	(15, '2018-08-25 07:22:08', '2018-08-25 14:05:17', 676214795, 27.00),
	(16, '2018-08-25 00:42:32', '2018-08-23 15:06:26', 676214795, 16.00),
	(17, '2018-08-26 15:14:24', '2018-08-26 11:44:39', 865335183, 12.00),
	(18, '2018-08-27 01:20:44', '2018-08-22 23:06:08', 865335183, 16.00),
	(19, '2018-08-26 03:45:32', '2018-08-25 11:25:56', 865335183, 29.00),
	(20, '2018-08-23 02:05:35', '2018-08-27 09:59:56', 676214795, 15.00),
	(21, '2018-08-26 19:24:55', '2018-08-27 08:48:24', 676214795, 12.00),
	(22, '2018-08-26 01:14:32', '2018-08-25 10:40:57', 676214795, 14.00),
	(23, '2018-08-24 03:46:21', '2018-08-27 15:31:50', 865335183, 9.00),
	(24, '2018-08-25 18:46:48', '2018-08-26 05:38:52', 865335183, 11.00),
	(25, '2018-08-24 00:13:27', '2018-08-24 05:55:47', 865335183, 22.00),
	(26, '2018-08-23 22:38:23', '2018-08-23 16:03:49', 676214795, 15.00),
	(27, '2018-08-27 07:53:07', '2018-08-27 08:09:16', 676214795, 2.00),
	(28, '2018-08-23 13:33:29', '2018-08-27 15:29:21', 676214795, 28.00),
	(29, '2018-08-25 21:47:57', '2018-08-27 00:35:54', 865335183, 20.00),
	(30, '2018-08-23 08:31:10', '2018-08-25 19:17:33', 676214795, 19.00),
	(31, '2018-08-27 11:53:05', '2018-08-25 21:37:56', 676214795, 10.00),
	(32, '2018-08-27 15:06:39', '2018-08-25 14:23:51', 676214795, 21.00),
	(33, '2018-08-26 05:44:51', '2018-08-25 02:24:51', 676214795, 19.00),
	(34, '2018-08-27 08:23:49', '2018-08-27 03:58:58', 676214795, 20.00),
	(35, '2018-08-24 02:59:31', '2018-08-24 05:10:09', 676214795, 1.00),
	(36, '2018-08-25 13:21:37', '2018-08-26 05:23:05', 676214795, 18.00),
	(37, '2018-08-23 15:02:17', '2018-08-25 04:36:29', 865335183, 22.00),
	(38, '2018-08-23 16:42:04', '2018-08-27 04:32:00', 865335183, 24.00),
	(39, '2018-08-25 12:51:34', '2018-08-27 13:40:45', 676214795, 7.00),
	(40, '2018-08-25 11:14:23', '2018-08-23 07:35:57', 865335183, 30.00),
	(41, '2018-08-23 13:04:04', '2018-08-25 23:18:52', 676214795, 8.00),
	(42, '2018-08-25 05:11:41', '2018-08-24 10:26:42', 865335183, 12.00),
	(43, '2018-08-27 03:16:47', '2018-08-24 07:40:20', 865335183, 21.00),
	(44, '2018-08-26 21:58:43', '2018-08-25 21:25:09', 865335183, 12.00),
	(45, '2018-08-26 05:15:15', '2018-08-23 16:02:17', 865335183, 2.00),
	(46, '2018-08-27 00:17:17', '2018-08-23 09:57:24', 676214795, 10.00),
	(47, '2018-08-24 04:46:51', '2018-08-23 22:21:33', 865335183, 4.00),
	(48, '2018-08-23 08:29:14', '2018-08-26 23:04:55', 865335183, 6.00),
	(49, '2018-08-27 00:45:07', '2018-08-24 18:29:41', 676214795, 3.00),
	(50, '2018-08-23 19:01:49', '2018-08-27 13:31:48', 676214795, 4.00),
	(51, '2018-08-23 16:58:17', '2018-08-25 02:02:34', 865335183, 30.00),
	(52, '2018-08-26 09:06:37', '2018-08-24 13:33:18', 676214795, 21.00),
	(53, '2018-08-26 01:01:44', '2018-08-24 21:02:45', 865335183, 16.00),
	(54, '2018-08-24 06:22:16', '2018-08-25 00:27:22', 676214795, 9.00),
	(55, '2018-08-25 21:50:09', '2018-08-24 00:20:04', 676214795, 13.00),
	(56, '2018-08-24 18:17:50', '2018-08-24 05:31:57', 865335183, 17.00),
	(57, '2018-08-24 00:48:04', '2018-08-23 05:01:36', 865335183, 28.00),
	(58, '2018-08-25 17:03:59', '2018-08-24 16:45:58', 676214795, 7.00),
	(59, '2018-08-27 13:50:17', '2018-08-23 06:17:11', 865335183, 14.00),
	(60, '2018-08-24 08:29:57', '2018-08-25 11:43:46', 676214795, 11.00),
	(61, '2018-08-23 07:04:26', '2018-08-26 13:44:54', 865335183, 29.00),
	(62, '2018-08-23 23:44:50', '2018-08-26 09:22:37', 676214795, 20.00),
	(63, '2018-08-24 05:26:38', '2018-08-25 10:51:26', 865335183, 18.00),
	(64, '2018-08-24 11:10:52', '2018-08-26 17:13:09', 676214795, 6.00),
	(65, '2018-08-25 09:16:42', '2018-08-23 10:01:33', 676214795, 18.00),
	(66, '2018-08-24 23:59:19', '2018-08-23 07:22:16', 865335183, 3.00),
	(67, '2018-08-26 04:06:29', '2018-08-25 23:08:47', 865335183, 8.00),
	(68, '2018-08-22 22:32:40', '2018-08-24 00:55:43', 865335183, 25.00),
	(69, '2018-08-23 13:48:36', '2018-08-27 13:03:51', 676214795, 4.00),
	(70, '2018-08-23 14:47:45', '2018-08-27 16:14:25', 676214795, 13.00),
	(71, '2018-08-27 12:15:29', '2018-08-27 03:28:06', 676214795, 30.00),
	(72, '2018-08-27 16:32:27', '2018-08-27 16:15:25', 865335183, 3.00),
	(73, '2018-08-22 21:10:26', '2018-08-26 12:03:05', 865335183, 14.00),
	(74, '2018-08-26 04:40:42', '2018-08-24 07:31:40', 865335183, 19.00),
	(75, '2018-08-24 00:33:37', '2018-08-25 01:19:55', 865335183, 24.00),
	(76, '2018-08-27 13:51:19', '2018-08-25 19:14:50', 865335183, 4.00),
	(77, '2018-08-23 17:25:35', '2018-08-25 19:26:44', 676214795, 9.00),
	(78, '2018-08-23 08:04:47', '2018-08-27 04:17:07', 676214795, 30.00),
	(79, '2018-08-24 15:50:09', '2018-08-23 02:07:47', 865335183, 15.00),
	(80, '2018-08-25 00:19:16', '2018-08-22 19:48:20', 865335183, 6.00),
	(81, '2018-08-23 13:50:25', '2018-08-26 15:09:11', 865335183, 26.00),
	(82, '2018-08-24 04:32:52', '2018-08-27 13:16:35', 676214795, 28.00),
	(83, '2018-08-24 23:15:08', '2018-08-23 12:49:49', 676214795, 9.00),
	(84, '2018-08-26 15:49:23', '2018-08-25 23:51:13', 865335183, 22.00),
	(85, '2018-08-26 03:05:30', '2018-08-25 06:07:15', 865335183, 13.00),
	(86, '2018-08-22 19:46:39', '2018-08-25 17:18:08', 676214795, 11.00),
	(87, '2018-08-24 22:02:29', '2018-08-26 07:00:31', 865335183, 17.00),
	(88, '2018-08-27 09:14:36', '2018-08-25 00:04:05', 865335183, 2.00),
	(89, '2018-08-24 04:44:33', '2018-08-26 03:12:41', 865335183, 12.00),
	(90, '2018-08-23 17:32:05', '2018-08-24 20:18:39', 676214795, 6.00),
	(91, '2018-08-24 00:20:49', '2018-08-26 12:24:43', 865335183, 22.00),
	(92, '2018-08-26 00:01:47', '2018-08-25 01:51:29', 865335183, 26.00),
	(93, '2018-08-26 15:58:48', '2018-08-23 14:03:30', 865335183, 22.00),
	(94, '2018-08-26 17:55:51', '2018-08-25 21:28:44', 676214795, 30.00),
	(95, '2018-08-27 00:58:15', '2018-08-24 07:40:23', 676214795, 29.00),
	(96, '2018-08-23 04:25:03', '2018-08-24 13:23:36', 865335183, 4.00),
	(97, '2018-08-24 01:51:04', '2018-08-23 20:10:23', 865335183, 22.00),
	(98, '2018-08-26 23:48:06', '2018-08-25 02:11:54', 865335183, 6.00),
	(99, '2018-08-25 11:49:30', '2018-08-24 21:35:09', 676214795, 7.00),
	(100, '2018-08-23 04:06:32', '2018-08-27 08:36:59', 676214795, 7.00);
/*!40000 ALTER TABLE `t_hisdata_light` ENABLE KEYS */;

-- 导出  表 homestead.t_hisdata_lightintensity 结构
CREATE TABLE IF NOT EXISTS `t_hisdata_lightintensity` (
  `hd_index` int(10) NOT NULL AUTO_INCREMENT,
  `rd_updatetime` datetime NOT NULL DEFAULT '0000-00-00 00:00:00',
  `hd_datetime` datetime NOT NULL DEFAULT '0000-00-00 00:00:00',
  `pdi_index` int(11) NOT NULL DEFAULT '0',
  `hd_LightIntensity1` float(9,2) DEFAULT '0.00',
  `hd_LightIntensity2` float(9,2) DEFAULT '0.00',
  `hd_LightIntensity3` float(9,2) DEFAULT '0.00',
  `hd_LightIntensity4` float(9,2) DEFAULT '0.00',
  `hd_LightIntensity5` float(9,2) DEFAULT '0.00',
  `hd_LightIntensity6` float(9,2) DEFAULT '0.00',
  `hd_LightIntensity7` float(9,2) DEFAULT '0.00',
  `hd_LightIntensity8` float(9,2) DEFAULT '0.00',
  `hd_LightIntensity9` float(9,2) DEFAULT '0.00',
  `hd_LightIntensity10` float(9,2) DEFAULT '0.00',
  `hd_LightIntensity_num` float(9,2) DEFAULT '0.00',
  `hd_LightIntensity1hwarn` tinyint(2) DEFAULT '0',
  `hd_LightIntensity2hwarn` tinyint(2) DEFAULT '0',
  `hd_LightIntensity3hwarn` tinyint(2) DEFAULT '0',
  `hd_LightIntensity4hwarn` tinyint(2) DEFAULT '0',
  `hd_LightIntensity5hwarn` tinyint(2) DEFAULT '0',
  `hd_LightIntensity6hwarn` tinyint(2) DEFAULT '0',
  `hd_LightIntensity7hwarn` tinyint(2) DEFAULT '0',
  `hd_LightIntensity8hwarn` tinyint(2) DEFAULT '0',
  `hd_LightIntensity9hwarn` tinyint(2) DEFAULT '0',
  `hd_LightIntensity10hwarn` tinyint(2) DEFAULT '0',
  `hd_LightIntensity1lwarn` tinyint(2) DEFAULT '0',
  `hd_LightIntensity2lwarn` tinyint(2) DEFAULT '0',
  `hd_LightIntensity3lwarn` tinyint(2) DEFAULT '0',
  `hd_LightIntensity4lwarn` tinyint(2) DEFAULT '0',
  `hd_LightIntensity5lwarn` tinyint(2) DEFAULT '0',
  `hd_LightIntensity6lwarn` tinyint(2) DEFAULT '0',
  `hd_LightIntensity7lwarn` tinyint(2) DEFAULT '0',
  `hd_LightIntensity8lwarn` tinyint(2) DEFAULT '0',
  `hd_LightIntensity9lwarn` tinyint(2) DEFAULT '0',
  `hd_LightIntensity10lwarn` tinyint(2) DEFAULT '0',
  `hd_LightIntensity1consta` tinyint(2) DEFAULT '0',
  `hd_LightIntensity2consta` tinyint(2) DEFAULT '0',
  `hd_LightIntensity3consta` tinyint(2) DEFAULT '0',
  `hd_LightIntensity4consta` tinyint(2) DEFAULT '0',
  `hd_LightIntensity5consta` tinyint(2) DEFAULT '0',
  `hd_LightIntensity6consta` tinyint(2) DEFAULT '0',
  `hd_LightIntensity7consta` tinyint(2) DEFAULT '0',
  `hd_LightIntensity8consta` tinyint(2) DEFAULT '0',
  `hd_LightIntensity9consta` tinyint(2) DEFAULT '0',
  `hd_LightIntensity10consta` tinyint(2) DEFAULT '0',
  `hd_NetCom` tinyint(2) DEFAULT '0',
  UNIQUE KEY `hd_index` (`hd_index`)
) ENGINE=MyISAM DEFAULT CHARSET=utf8;

-- 正在导出表  homestead.t_hisdata_lightintensity 的数据：0 rows
/*!40000 ALTER TABLE `t_hisdata_lightintensity` DISABLE KEYS */;
/*!40000 ALTER TABLE `t_hisdata_lightintensity` ENABLE KEYS */;

-- 导出  表 homestead.t_hisdata_liquid 结构
CREATE TABLE IF NOT EXISTS `t_hisdata_liquid` (
  `hd_index` int(10) unsigned NOT NULL AUTO_INCREMENT,
  `rd_updatetime` datetime DEFAULT NULL,
  `hd_datetime` datetime DEFAULT NULL,
  `pdi_index` int(11) NOT NULL DEFAULT '0',
  `hd_level` double(9,2) NOT NULL DEFAULT '0.00' COMMENT '水位',
  PRIMARY KEY (`hd_index`)
) ENGINE=InnoDB DEFAULT CHARSET=utf8 COLLATE=utf8_unicode_ci;

-- 正在导出表  homestead.t_hisdata_liquid 的数据：~0 rows (大约)
/*!40000 ALTER TABLE `t_hisdata_liquid` DISABLE KEYS */;
/*!40000 ALTER TABLE `t_hisdata_liquid` ENABLE KEYS */;

-- 导出  表 homestead.t_hisdata_shifei 结构
CREATE TABLE IF NOT EXISTS `t_hisdata_shifei` (
  `hd_index` int(10) unsigned NOT NULL AUTO_INCREMENT,
  `rd_updatetime` datetime DEFAULT NULL,
  `hd_datetime` datetime DEFAULT NULL,
  `pdi_index` int(11) NOT NULL DEFAULT '0',
  `device_status` tinyint(4) NOT NULL DEFAULT '1' COMMENT '设备状态 1=停止 0=正常',
  `running_status` tinyint(4) NOT NULL DEFAULT '1' COMMENT '运行状态 1=关闭 0=打开',
  PRIMARY KEY (`hd_index`)
) ENGINE=InnoDB DEFAULT CHARSET=utf8 COLLATE=utf8_unicode_ci;

-- 正在导出表  homestead.t_hisdata_shifei 的数据：~0 rows (大约)
/*!40000 ALTER TABLE `t_hisdata_shifei` DISABLE KEYS */;
/*!40000 ALTER TABLE `t_hisdata_shifei` ENABLE KEYS */;

-- 导出  表 homestead.t_hisdata_single 结构
CREATE TABLE IF NOT EXISTS `t_hisdata_single` (
  `hd_index` int(10) NOT NULL AUTO_INCREMENT,
  `rd_updatetime` datetime DEFAULT NULL,
  `hd_datetime` datetime DEFAULT NULL,
  `pdi_index` int(11) NOT NULL DEFAULT '0',
  `hd_upsmanuinfo` varchar(25) DEFAULT '',
  `hd_upsmactype` varchar(25) DEFAULT '',
  `hd_upsver` varchar(25) DEFAULT '',
  `hd_upsvolr` varchar(25) DEFAULT '',
  `hd_upscurr` varchar(25) DEFAULT '',
  `hd_upsbatvolr` varchar(25) DEFAULT '',
  `hd_upsfreqr` varchar(25) DEFAULT '',
  `hd_upsinvol` float(9,2) DEFAULT '0.00',
  `hd_upsdefvol` float(9,2) DEFAULT '0.00',
  `hd_upsoutvol` float(9,2) DEFAULT '0.00',
  `hd_upscurload` float(9,2) DEFAULT '0.00',
  `hd_upsinfreq` float(9,2) DEFAULT '0.00',
  `hd_ups1batvol` float(9,2) DEFAULT '0.00',
  `hd_upstemp` float(9,2) DEFAULT '0.00',
  `hd_BattCap` float(9,2) DEFAULT '0.00',
  `hd_OutMaxVol` float(9,2) DEFAULT '0.00',
  `hd_OutMinVol` float(9,2) DEFAULT '0.00',
  `hd_BatTemp` float(9,2) DEFAULT '0.00',
  `hd_BatAllVol` float(9,2) DEFAULT '0.00',
  `hd_ReTime` float(9,2) DEFAULT '0.00',
  `hd_upssound` tinyint(2) DEFAULT '0',
  `hd_upspoweroff` tinyint(2) DEFAULT '0',
  `hd_upstest` tinyint(2) DEFAULT '0',
  `hd_upsfailstat` tinyint(2) DEFAULT '0',
  `hd_upsbypassstat` tinyint(2) DEFAULT '0',
  `hd_upsbatvollow` tinyint(2) DEFAULT '0',
  `hd_upsacfail` tinyint(2) DEFAULT '0',
  `hd_LoadAlarm` tinyint(2) DEFAULT '0',
  `hd_upsdisconn` tinyint(2) DEFAULT '0',
  `hd_NetCom` tinyint(2) DEFAULT '0',
  UNIQUE KEY `hd_index` (`hd_index`)
) ENGINE=MyISAM AUTO_INCREMENT=3389 DEFAULT CHARSET=utf8;

-- 正在导出表  homestead.t_hisdata_single 的数据：25 rows
/*!40000 ALTER TABLE `t_hisdata_single` DISABLE KEYS */;
INSERT INTO `t_hisdata_single` (`hd_index`, `rd_updatetime`, `hd_datetime`, `pdi_index`, `hd_upsmanuinfo`, `hd_upsmactype`, `hd_upsver`, `hd_upsvolr`, `hd_upscurr`, `hd_upsbatvolr`, `hd_upsfreqr`, `hd_upsinvol`, `hd_upsdefvol`, `hd_upsoutvol`, `hd_upscurload`, `hd_upsinfreq`, `hd_ups1batvol`, `hd_upstemp`, `hd_BattCap`, `hd_OutMaxVol`, `hd_OutMinVol`, `hd_BatTemp`, `hd_BatAllVol`, `hd_ReTime`, `hd_upssound`, `hd_upspoweroff`, `hd_upstest`, `hd_upsfailstat`, `hd_upsbypassstat`, `hd_upsbatvollow`, `hd_upsacfail`, `hd_LoadAlarm`, `hd_upsdisconn`, `hd_NetCom`) VALUES
	(3385, '2018-08-13 15:37:28', '2018-08-13 18:25:01', 676214785, '', '', '', '220.0', '4.0', '12.0', '50.0', 206.90, 206.90, 206.90, 7.00, 49.90, 13.60, 25.00, 100.00, 0.00, 0.00, 0.00, 13.60, 0.00, 1, 0, 0, 0, 0, 0, 0, 0, 0, 0),
	(3382, '2018-08-13 15:37:28', '2018-08-13 17:55:00', 676214785, '', '', '', '220.0', '4.0', '12.0', '50.0', 206.90, 206.90, 206.90, 7.00, 49.90, 13.60, 25.00, 100.00, 0.00, 0.00, 0.00, 13.60, 0.00, 1, 0, 0, 0, 0, 0, 0, 0, 0, 0),
	(3379, '2018-08-13 15:37:28', '2018-08-13 17:25:00', 676214785, '', '', '', '220.0', '4.0', '12.0', '50.0', 206.90, 206.90, 206.90, 7.00, 49.90, 13.60, 25.00, 100.00, 0.00, 0.00, 0.00, 13.60, 0.00, 1, 0, 0, 0, 0, 0, 0, 0, 0, 0),
	(3376, '2018-08-13 15:37:28', '2018-08-13 16:55:00', 676214785, '', '', '', '220.0', '4.0', '12.0', '50.0', 206.90, 206.90, 206.90, 7.00, 49.90, 13.60, 25.00, 100.00, 0.00, 0.00, 0.00, 13.60, 0.00, 1, 0, 0, 0, 0, 0, 0, 0, 0, 0),
	(3373, '2018-08-13 15:37:28', '2018-08-13 16:24:59', 676214785, '', '', '', '220.0', '4.0', '12.0', '50.0', 206.90, 206.90, 206.90, 7.00, 49.90, 13.60, 25.00, 100.00, 0.00, 0.00, 0.00, 13.60, 0.00, 1, 0, 0, 0, 0, 0, 0, 0, 0, 0),
	(3370, '2018-08-13 15:37:28', '2018-08-13 15:54:59', 676214785, '', '', '', '220.0', '4.0', '12.0', '50.0', 206.90, 206.90, 206.90, 7.00, 49.90, 13.60, 25.00, 100.00, 0.00, 0.00, 0.00, 13.60, 0.00, 1, 0, 0, 0, 0, 0, 0, 0, 0, 0),
	(3368, '2018-08-13 15:24:58', '2018-08-13 15:24:58', 676214785, '', '', '', '220.0', '4.0', '12.0', '50.0', 206.90, 207.40, 207.40, 7.00, 49.90, 13.60, 25.00, 100.00, 0.00, 0.00, 0.00, 13.60, 0.00, 1, 0, 0, 0, 0, 0, 0, 0, 0, 0),
	(3364, '2018-08-13 11:55:00', '2018-08-13 13:53:08', 676214786, '', '', '', '220.0', '4.0', '12.0', '50.0', 207.40, 206.90, 207.40, 7.00, 50.10, 13.60, 25.00, 100.00, 0.00, 0.00, 0.00, 13.60, 0.00, 1, 0, 0, 0, 0, 0, 0, 0, 0, 0),
	(3362, '2018-08-13 11:55:00', '2018-08-13 13:23:07', 676214785, '', '', '', '220.0', '4.0', '12.0', '50.0', 207.40, 206.90, 207.40, 7.00, 50.10, 13.60, 25.00, 100.00, 0.00, 0.00, 0.00, 13.60, 0.00, 1, 0, 0, 0, 0, 0, 0, 0, 0, 0),
	(3360, '2018-08-13 11:55:00', '2018-08-13 12:53:07', 676214785, '', '', '', '220.0', '4.0', '12.0', '50.0', 207.40, 206.90, 207.40, 7.00, 50.10, 13.60, 25.00, 100.00, 0.00, 0.00, 0.00, 13.60, 0.00, 1, 0, 0, 0, 0, 0, 0, 0, 0, 0),
	(3358, '2018-08-13 11:55:00', '2018-08-13 12:23:06', 676214785, '', '', '', '220.0', '4.0', '12.0', '50.0', 207.40, 206.90, 207.40, 7.00, 50.10, 13.60, 25.00, 100.00, 0.00, 0.00, 0.00, 13.60, 0.00, 1, 0, 0, 0, 0, 0, 0, 0, 0, 0),
	(3356, '2018-08-13 11:53:05', '2018-08-13 11:53:06', 676214785, '', '', '', '220.0', '4.0', '12.0', '50.0', 206.90, 207.40, 206.90, 7.00, 50.10, 13.60, 25.00, 100.00, 0.00, 0.00, 0.00, 13.60, 0.00, 1, 0, 0, 0, 0, 0, 0, 0, 0, 0),
	(3354, '2018-08-13 11:23:01', '2018-08-13 11:23:06', 676214785, '', '', '', '', '', '', '', 202.30, 202.30, 231.50, 8.00, 49.90, 13.60, 25.00, 100.00, 0.00, 0.00, 0.00, 13.60, 0.00, 1, 0, 0, 0, 1, 0, 0, 0, 0, 0),
	(3352, '2018-08-13 11:19:23', '2018-08-13 11:19:23', 676214785, '', '', '', '', '', '', '', 204.00, 203.60, 203.60, 7.00, 49.90, 13.60, 25.00, 100.00, 0.00, 0.00, 0.00, 13.60, 0.00, 1, 0, 0, 0, 0, 0, 0, 0, 0, 0),
	(3350, '2018-08-13 11:18:49', '2018-08-13 11:18:51', 676214785, '', '', '', '220.0', '4.0', '12.0', '50.0', 203.60, 203.60, 203.60, 7.00, 49.90, 13.60, 25.00, 100.00, 0.00, 0.00, 0.00, 13.60, 0.00, 1, 0, 0, 0, 0, 0, 0, 0, 0, 0),
	(3348, '2018-08-13 11:18:20', '2018-08-13 11:18:22', 676214785, '', '', '', '', '', '', '', 203.60, 203.60, 203.60, 7.00, 49.90, 13.60, 25.00, 100.00, 0.00, 0.00, 0.00, 13.60, 0.00, 1, 0, 0, 0, 0, 0, 0, 0, 0, 0),
	(3346, '2018-08-13 11:11:58', '2018-08-13 11:12:02', 676214785, '', '', '', '', '', '', '', 202.30, 202.30, 202.30, 7.00, 49.90, 13.60, 25.00, 100.00, 0.00, 0.00, 0.00, 13.60, 0.00, 1, 0, 0, 0, 0, 0, 0, 0, 0, 0),
	(3344, '2018-08-13 11:03:42', '2018-08-13 11:03:43', 676214785, '', '', '', '220.0', '4.0', '12.0', '50.0', 204.80, 204.00, 203.60, 7.00, 49.90, 13.60, 25.00, 100.00, 0.00, 0.00, 0.00, 13.60, 0.00, 1, 0, 0, 0, 0, 0, 0, 0, 0, 0),
	(3342, '2018-08-13 10:34:28', '2018-08-13 10:34:28', 676214785, '', '', '', '220.0', '4.0', '12.0', '50.0', 207.80, 207.80, 207.80, 8.00, 49.90, 13.60, 25.00, 100.00, 0.00, 0.00, 0.00, 13.60, 0.00, 1, 0, 0, 0, 0, 0, 0, 0, 0, 0),
	(3314, '2018-08-12 18:28:46', '2018-08-12 18:28:47', 676214785, '', '21920', '21920', '800', '5010', '1360', '2500', 0.00, 0.00, 0.00, 0.00, 0.00, 0.00, 0.00, 100.00, 0.00, 0.00, 0.00, 13.60, 0.00, 1, 0, 0, 0, 0, 0, 0, 0, 0, 0),
	(3313, '2018-08-12 17:58:46', '2018-08-12 17:58:47', 676214785, '', '21870', '21920', '800', '5010', '1360', '2500', 0.00, 0.00, 0.00, 0.00, 0.00, 0.00, 0.00, 100.00, 0.00, 0.00, 0.00, 13.60, 0.00, 1, 0, 0, 0, 0, 0, 0, 0, 0, 0),
	(3312, '2018-08-12 17:28:45', '2018-08-12 17:28:46', 676214785, '', '21870', '21920', '800', '5010', '1360', '2500', 0.00, 0.00, 0.00, 0.00, 0.00, 0.00, 0.00, 100.00, 0.00, 0.00, 0.00, 13.60, 0.00, 1, 0, 0, 0, 0, 0, 0, 0, 0, 0),
	(3311, '2018-08-12 16:58:46', '2018-08-12 16:58:46', 676214785, '', '21750', '21750', '800', '5010', '1360', '2500', 0.00, 0.00, 0.00, 0.00, 0.00, 0.00, 0.00, 100.00, 0.00, 0.00, 0.00, 13.60, 0.00, 1, 0, 0, 0, 0, 0, 0, 0, 0, 0),
	(3310, '2018-08-12 16:28:40', '2018-08-12 16:28:45', 676214785, '', '21450', '21450', '800', '5010', '1360', '2500', 0.00, 0.00, 0.00, 0.00, 0.00, 0.00, 0.00, 100.00, 0.00, 0.00, 0.00, 13.60, 0.00, 1, 0, 0, 0, 0, 0, 0, 0, 0, 0),
	(3388, '2018-08-12 16:28:40', '2018-08-12 16:28:45', 676214785, '', '21450', '21450', '800', '5010', '1360', '2500', 0.00, 0.00, 0.00, 0.00, 0.00, 0.00, 0.00, 100.00, 0.00, 0.00, 0.00, 13.60, 0.00, 1, 0, 0, 0, 0, 0, 0, 0, 0, 0);
/*!40000 ALTER TABLE `t_hisdata_single` ENABLE KEYS */;

-- 导出  表 homestead.t_hisdata_soil 结构
CREATE TABLE IF NOT EXISTS `t_hisdata_soil` (
  `hd_index` int(10) unsigned NOT NULL AUTO_INCREMENT,
  `rd_updatetime` datetime DEFAULT NULL,
  `hd_datetime` datetime DEFAULT NULL,
  `pdi_index` int(11) NOT NULL DEFAULT '0',
  `hd_temp` double(9,2) NOT NULL DEFAULT '0.00' COMMENT '土壤温度',
  `hd_salt` double(9,2) NOT NULL DEFAULT '0.00' COMMENT '土壤盐碱',
  PRIMARY KEY (`hd_index`)
) ENGINE=InnoDB DEFAULT CHARSET=utf8 COLLATE=utf8_unicode_ci;

-- 正在导出表  homestead.t_hisdata_soil 的数据：~0 rows (大约)
/*!40000 ALTER TABLE `t_hisdata_soil` DISABLE KEYS */;
/*!40000 ALTER TABLE `t_hisdata_soil` ENABLE KEYS */;

-- 导出  表 homestead.t_hisdata_soilcondth 结构
CREATE TABLE IF NOT EXISTS `t_hisdata_soilcondth` (
  `hd_index` int(10) NOT NULL AUTO_INCREMENT,
  `rd_updatetime` datetime NOT NULL DEFAULT '0000-00-00 00:00:00',
  `hd_datetime` datetime NOT NULL DEFAULT '0000-00-00 00:00:00',
  `pdi_index` int(11) NOT NULL DEFAULT '0',
  `hd_Soiltemp1` float(9,2) DEFAULT '0.00',
  `hd_Soiltemp2` float(9,2) DEFAULT '0.00',
  `hd_Soiltemp3` float(9,2) DEFAULT '0.00',
  `hd_Soiltemp4` float(9,2) DEFAULT '0.00',
  `hd_Soiltemp5` float(9,2) DEFAULT '0.00',
  `hd_Soiltemp6` float(9,2) DEFAULT '0.00',
  `hd_Soiltemp7` float(9,2) DEFAULT '0.00',
  `hd_Soiltemp8` float(9,2) DEFAULT '0.00',
  `hd_Soiltemp9` float(9,2) DEFAULT '0.00',
  `hd_Soiltemp10` float(9,2) DEFAULT '0.00',
  `hd_Soilhumi1` float(9,2) DEFAULT '0.00',
  `hd_Soilhumi2` float(9,2) DEFAULT '0.00',
  `hd_Soilhumi3` float(9,2) DEFAULT '0.00',
  `hd_Soilhumi4` float(9,2) DEFAULT '0.00',
  `hd_Soilhumi5` float(9,2) DEFAULT '0.00',
  `hd_Soilhumi6` float(9,2) DEFAULT '0.00',
  `hd_Soilhumi7` float(9,2) DEFAULT '0.00',
  `hd_Soilhumi8` float(9,2) DEFAULT '0.00',
  `hd_Soilhumi9` float(9,2) DEFAULT '0.00',
  `hd_Soilhumi10` float(9,2) DEFAULT '0.00',
  `hd_SoilCond1` float(9,2) DEFAULT '0.00',
  `hd_SoilCond2` float(9,2) DEFAULT '0.00',
  `hd_SoilCond3` float(9,2) DEFAULT '0.00',
  `hd_SoilCond4` float(9,2) DEFAULT '0.00',
  `hd_SoilCond5` float(9,2) DEFAULT '0.00',
  `hd_SoilCond6` float(9,2) DEFAULT '0.00',
  `hd_SoilCond7` float(9,2) DEFAULT '0.00',
  `hd_SoilCond8` float(9,2) DEFAULT '0.00',
  `hd_SoilCond9` float(9,2) DEFAULT '0.00',
  `hd_SoilCond10` float(9,2) DEFAULT '0.00',
  `hd_SoilTH_num` float(9,2) DEFAULT '0.00',
  `hd_Soiltemp1hwarn` tinyint(2) DEFAULT '0',
  `hd_Soiltemp2hwarn` tinyint(2) DEFAULT '0',
  `hd_Soiltemp3hwarn` tinyint(2) DEFAULT '0',
  `hd_Soiltemp4hwarn` tinyint(2) DEFAULT '0',
  `hd_Soiltemp5hwarn` tinyint(2) DEFAULT '0',
  `hd_Soiltemp6hwarn` tinyint(2) DEFAULT '0',
  `hd_Soiltemp7hwarn` tinyint(2) DEFAULT '0',
  `hd_Soiltemp8hwarn` tinyint(2) DEFAULT '0',
  `hd_Soiltemp9hwarn` tinyint(2) DEFAULT '0',
  `hd_Soiltemp10hwarn` tinyint(2) DEFAULT '0',
  `hd_Soiltemp1lwarn` tinyint(2) DEFAULT '0',
  `hd_Soiltemp2lwarn` tinyint(2) DEFAULT '0',
  `hd_Soiltemp3lwarn` tinyint(2) DEFAULT '0',
  `hd_Soiltemp4lwarn` tinyint(2) DEFAULT '0',
  `hd_Soiltemp5lwarn` tinyint(2) DEFAULT '0',
  `hd_Soiltemp6lwarn` tinyint(2) DEFAULT '0',
  `hd_Soiltemp7lwarn` tinyint(2) DEFAULT '0',
  `hd_Soiltemp8lwarn` tinyint(2) DEFAULT '0',
  `hd_Soiltemp9lwarn` tinyint(2) DEFAULT '0',
  `hd_Soiltemp10lwarn` tinyint(2) DEFAULT '0',
  `hd_Soilhumi1hwarn` tinyint(2) DEFAULT '0',
  `hd_Soilhumi2hwarn` tinyint(2) DEFAULT '0',
  `hd_Soilhumi3hwarn` tinyint(2) DEFAULT '0',
  `hd_Soilhumi4hwarn` tinyint(2) DEFAULT '0',
  `hd_Soilhumi5hwarn` tinyint(2) DEFAULT '0',
  `hd_Soilhumi6hwarn` tinyint(2) DEFAULT '0',
  `hd_Soilhumi7hwarn` tinyint(2) DEFAULT '0',
  `hd_Soilhumi8hwarn` tinyint(2) DEFAULT '0',
  `hd_Soilhumi9hwarn` tinyint(2) DEFAULT '0',
  `hd_Soilhumi10hwarn` tinyint(2) DEFAULT '0',
  `hd_Soilhumi1lwarn` tinyint(2) DEFAULT '0',
  `hd_Soilhumi2lwarn` tinyint(2) DEFAULT '0',
  `hd_Soilhumi3lwarn` tinyint(2) DEFAULT '0',
  `hd_Soilhumi4lwarn` tinyint(2) DEFAULT '0',
  `hd_Soilhumi5lwarn` tinyint(2) DEFAULT '0',
  `hd_Soilhumi6lwarn` tinyint(2) DEFAULT '0',
  `hd_Soilhumi7lwarn` tinyint(2) DEFAULT '0',
  `hd_Soilhumi8lwarn` tinyint(2) DEFAULT '0',
  `hd_Soilhumi9lwarn` tinyint(2) DEFAULT '0',
  `hd_Soilhumi10lwarn` tinyint(2) DEFAULT '0',
  `hd_SoilCond1hwarn` tinyint(2) DEFAULT '0',
  `hd_SoilCond2hwarn` tinyint(2) DEFAULT '0',
  `hd_SoilCond3hwarn` tinyint(2) DEFAULT '0',
  `hd_SoilCond4hwarn` tinyint(2) DEFAULT '0',
  `hd_SoilCond5hwarn` tinyint(2) DEFAULT '0',
  `hd_SoilCond6hwarn` tinyint(2) DEFAULT '0',
  `hd_SoilCond7hwarn` tinyint(2) DEFAULT '0',
  `hd_SoilCond8hwarn` tinyint(2) DEFAULT '0',
  `hd_SoilCond9hwarn` tinyint(2) DEFAULT '0',
  `hd_SoilCond10hwarn` tinyint(2) DEFAULT '0',
  `hd_SoilCond1lwarn` tinyint(2) DEFAULT '0',
  `hd_SoilCond2lwarn` tinyint(2) DEFAULT '0',
  `hd_SoilCond3lwarn` tinyint(2) DEFAULT '0',
  `hd_SoilCond4lwarn` tinyint(2) DEFAULT '0',
  `hd_SoilCond5lwarn` tinyint(2) DEFAULT '0',
  `hd_SoilCond6lwarn` tinyint(2) DEFAULT '0',
  `hd_SoilCond7lwarn` tinyint(2) DEFAULT '0',
  `hd_SoilCond8lwarn` tinyint(2) DEFAULT '0',
  `hd_SoilCond9lwarn` tinyint(2) DEFAULT '0',
  `hd_SoilCond10lwarn` tinyint(2) DEFAULT '0',
  `hd_envihumi1consta` tinyint(2) DEFAULT '0',
  `hd_envihumi2consta` tinyint(2) DEFAULT '0',
  `hd_envihumi3consta` tinyint(2) DEFAULT '0',
  `hd_envihumi4consta` tinyint(2) DEFAULT '0',
  `hd_envihumi5consta` tinyint(2) DEFAULT '0',
  `hd_envihumi6consta` tinyint(2) DEFAULT '0',
  `hd_envihumi7consta` tinyint(2) DEFAULT '0',
  `hd_envihumi8consta` tinyint(2) DEFAULT '0',
  `hd_envihumi9consta` tinyint(2) DEFAULT '0',
  `hd_envihumi10consta` tinyint(2) DEFAULT '0',
  `hd_NetCom` tinyint(2) DEFAULT '0',
  UNIQUE KEY `hd_index` (`hd_index`)
) ENGINE=MyISAM DEFAULT CHARSET=utf8;

-- 正在导出表  homestead.t_hisdata_soilcondth 的数据：0 rows
/*!40000 ALTER TABLE `t_hisdata_soilcondth` DISABLE KEYS */;
/*!40000 ALTER TABLE `t_hisdata_soilcondth` ENABLE KEYS */;

-- 导出  表 homestead.t_hisdata_tiaowen 结构
CREATE TABLE IF NOT EXISTS `t_hisdata_tiaowen` (
  `hd_index` int(10) unsigned NOT NULL AUTO_INCREMENT,
  `rd_updatetime` datetime DEFAULT NULL,
  `hd_datetime` datetime DEFAULT NULL,
  `pdi_index` int(11) NOT NULL DEFAULT '0',
  `device_status` tinyint(4) NOT NULL DEFAULT '1' COMMENT '设备状态 1=停止 0=正常',
  `running_status` tinyint(4) NOT NULL DEFAULT '1' COMMENT '运行状态 1=关闭 0=打开',
  PRIMARY KEY (`hd_index`)
) ENGINE=InnoDB DEFAULT CHARSET=utf8 COLLATE=utf8_unicode_ci;

-- 正在导出表  homestead.t_hisdata_tiaowen 的数据：~0 rows (大约)
/*!40000 ALTER TABLE `t_hisdata_tiaowen` DISABLE KEYS */;
/*!40000 ALTER TABLE `t_hisdata_tiaowen` ENABLE KEYS */;

-- 导出  表 homestead.t_hisdata_tongfei 结构
CREATE TABLE IF NOT EXISTS `t_hisdata_tongfei` (
  `hd_index` int(10) unsigned NOT NULL AUTO_INCREMENT,
  `rd_updatetime` datetime DEFAULT NULL,
  `hd_datetime` datetime DEFAULT NULL,
  `pdi_index` int(11) NOT NULL DEFAULT '0',
  `device_status` tinyint(4) NOT NULL DEFAULT '1' COMMENT '设备状态 1=停止 0=正常',
  `running_status` tinyint(4) NOT NULL DEFAULT '1' COMMENT '运行状态 1=关闭 0=打开',
  PRIMARY KEY (`hd_index`)
) ENGINE=InnoDB DEFAULT CHARSET=utf8 COLLATE=utf8_unicode_ci;

-- 正在导出表  homestead.t_hisdata_tongfei 的数据：~0 rows (大约)
/*!40000 ALTER TABLE `t_hisdata_tongfei` DISABLE KEYS */;
/*!40000 ALTER TABLE `t_hisdata_tongfei` ENABLE KEYS */;

-- 导出  表 homestead.t_historywarn 结构
CREATE TABLE IF NOT EXISTS `t_historywarn` (
  `hw_index` int(4) NOT NULL AUTO_INCREMENT,
  `pdi_index` int(10) NOT NULL DEFAULT '0',
  `wd_index` int(10) NOT NULL DEFAULT '0',
  `rs_updatetime` datetime NOT NULL DEFAULT '0000-00-00 00:00:00',
  `Rs_status` tinyint(1) NOT NULL DEFAULT '0',
  `hw_descrition` text,
  `pdi_name` varchar(64) NOT NULL DEFAULT '',
  `wd_warndesc` varchar(100) NOT NULL DEFAULT '',
  `Wc_classname` varchar(100) NOT NULL DEFAULT '',
  `dt_typememo` varchar(64) NOT NULL DEFAULT '',
  `Co_ID` int(10) NOT NULL,
  `pdi_code` int(10) NOT NULL,
  `Fid` int(10) NOT NULL,
  `AreaName` varchar(100) NOT NULL DEFAULT '',
  PRIMARY KEY (`hw_index`),
  UNIQUE KEY `hw_index` (`hw_index`)
) ENGINE=MyISAM AUTO_INCREMENT=135287 DEFAULT CHARSET=utf8;

-- 正在导出表  homestead.t_historywarn 的数据：1,055 rows
/*!40000 ALTER TABLE `t_historywarn` DISABLE KEYS */;
INSERT INTO `t_historywarn` (`hw_index`, `pdi_index`, `wd_index`, `rs_updatetime`, `Rs_status`, `hw_descrition`, `pdi_name`, `wd_warndesc`, `Wc_classname`, `dt_typememo`, `Co_ID`, `pdi_code`, `Fid`, `AreaName`) VALUES
	(134232, 164, 9599, '2018-06-19 18:13:12', 1, NULL, '天河', '网络通讯断线', '设备故障', '单相UPS', 1, 12345, 253, '广州市'),
	(134233, 166, 9599, '2018-06-19 18:13:12', 1, NULL, '天河', '网络通讯断线', '设备故障', '单相UPS', 2, 111777, 254, '广州市'),
	(134234, 167, 9588, '2018-06-19 19:47:17', 1, NULL, '开关量', '网络通讯断线', '设备故障', '环境开关量', 1, 0, 253, '广州市'),
	(134235, 168, 9545, '2018-06-19 21:25:12', 1, NULL, '555', '网络通讯断线', '设备故障', '环境温湿度', 1, 555, 253, '广州市'),
	(134236, 164, 9599, '2018-06-22 13:06:06', 1, NULL, '天河', '网络通讯断线', '设备故障', '单相UPS', 1, 12345, 253, '广州市'),
	(134237, 166, 9599, '2018-06-22 13:06:06', 1, NULL, '天河', '网络通讯断线', '设备故障', '单相UPS', 2, 111777, 254, '广州市'),
	(134238, 167, 9588, '2018-06-22 13:06:06', 1, NULL, '开关量', '网络通讯断线', '设备故障', '环境开关量', 1, 0, 253, '广州市'),
	(134239, 168, 9545, '2018-06-22 13:06:06', 1, NULL, '555', '网络通讯断线', '设备故障', '环境温湿度', 1, 555, 253, '广州市'),
	(134240, 167, 9572, '2018-06-23 04:14:01', 1, NULL, '开关量', '开关量1异常', '设备故障', '环境开关量', 1, 125, 253, '广州市'),
	(134241, 167, 9572, '2018-06-23 04:16:49', 0, NULL, '开关量', '开关量1正常', '设备故障', '环境开关量', 1, 125, 253, '广州市'),
	(134242, 167, 9588, '2018-06-23 04:17:27', 0, NULL, '开关量', '网络通讯正常', '设备故障', '环境开关量', 1, 125, 253, '广州市'),
	(134243, 167, 9572, '2018-06-23 04:17:27', 1, NULL, '开关量', '开关量1异常', '设备故障', '环境开关量', 1, 125, 253, '广州市'),
	(134244, 167, 9572, '2018-06-23 04:18:50', 0, NULL, '开关量', '开关量1正常', '设备故障', '环境开关量', 1, 125, 253, '广州市'),
	(134245, 167, 9573, '2018-06-23 04:19:12', 1, NULL, '开关量', '开关量2异常', '设备故障', '环境开关量', 1, 125, 253, '广州市'),
	(134246, 167, 9572, '2018-06-23 04:21:15', 1, NULL, '开关量', '开关量1异常', '设备故障', '环境开关量', 1, 125, 253, '广州市'),
	(134247, 167, 9573, '2018-06-23 04:23:57', 0, NULL, '开关量', '开关量2正常', '设备故障', '环境开关量', 1, 125, 253, '广州市'),
	(134248, 167, 9574, '2018-06-23 04:24:02', 1, NULL, '开关量', '开关量3异常', '设备故障', '环境开关量', 1, 125, 253, '广州市'),
	(134249, 167, 9573, '2018-06-23 04:24:32', 1, NULL, '开关量', '开关量2异常', '设备故障', '环境开关量', 1, 125, 253, '广州市'),
	(134250, 167, 9572, '2018-06-23 04:26:21', 0, NULL, '开关量', '开关量1正常', '设备故障', '环境开关量', 1, 125, 253, '广州市'),
	(134251, 167, 9573, '2018-06-23 04:26:24', 0, NULL, '开关量', '开关量2正常', '设备故障', '环境开关量', 1, 125, 253, '广州市'),
	(134252, 167, 9574, '2018-06-23 04:26:27', 0, NULL, '开关量', '开关量3正常', '设备故障', '环境开关量', 1, 125, 253, '广州市'),
	(134253, 167, 9572, '2018-06-23 04:26:46', 1, NULL, '开关量', '开关量1异常', '设备故障', '环境开关量', 1, 125, 253, '广州市'),
	(134254, 167, 9573, '2018-06-23 04:30:35', 1, NULL, '开关量', '漏水2异常', '设备故障', '环境开关量', 1, 125, 253, '广州市'),
	(134255, 167, 9574, '2018-06-23 04:33:54', 1, NULL, '开关量', '开关量3异常', '设备故障', '环境开关量', 1, 125, 253, '广州市'),
	(134256, 167, 9581, '2018-06-23 04:33:54', 1, NULL, '开关量', '开关量10异常', '设备故障', '环境开关量', 1, 125, 253, '广州市'),
	(134257, 167, 9588, '2018-06-23 04:33:54', 1, NULL, '开关量', '网络通讯断线', '设备故障', '环境开关量', 1, 125, 253, '广州市'),
	(134258, 167, 9574, '2018-06-23 04:43:32', 0, NULL, '开关量', '开关量3正常', '设备故障', '环境开关量', 1, 125, 253, '广州市'),
	(134259, 167, 9581, '2018-06-23 04:43:32', 0, NULL, '开关量', '开关量10正常', '设备故障', '环境开关量', 1, 125, 253, '广州市'),
	(134260, 167, 9588, '2018-06-23 04:43:32', 0, NULL, '开关量', '网络通讯正常', '设备故障', '环境开关量', 1, 125, 253, '广州市'),
	(134261, 167, 9572, '2018-06-23 04:52:09', 0, NULL, '开关量', '5555正常', '设备故障', '环境开关量', 1, 125, 253, '广州市'),
	(134262, 167, 9572, '2018-06-23 04:52:21', 1, NULL, '开关量', '5555异常', '设备故障', '环境开关量', 1, 125, 253, '广州市'),
	(134263, 167, 9572, '2018-06-23 04:52:49', 0, NULL, '开关量', '99999正常', '设备故障', '环境开关量', 1, 125, 253, '广州市'),
	(134264, 167, 9572, '2018-06-23 04:53:01', 1, NULL, '开关量', '99999异常', '设备故障', '环境开关量', 1, 125, 253, '广州市'),
	(134265, 164, 9599, '2018-06-23 04:54:23', 1, NULL, '天河', '网络通讯断线', '设备故障', '单相UPS', 1, 12345, 253, '广州市'),
	(134266, 166, 9599, '2018-06-23 04:54:23', 1, NULL, '天河', '网络通讯断线', '设备故障', '单相UPS', 2, 111777, 254, '广州市'),
	(134267, 167, 9572, '2018-06-23 04:54:23', 1, NULL, '开关量', '99999异常', '设备故障', '环境开关量', 1, 125, 253, '广州市'),
	(134268, 167, 9573, '2018-06-23 04:54:23', 1, NULL, '开关量', '漏水2异常', '设备故障', '环境开关量', 1, 125, 253, '广州市'),
	(134269, 168, 9545, '2018-06-23 04:54:23', 1, NULL, '555', '网络通讯断线', '设备故障', '环境温湿度', 1, 555, 253, '广州市'),
	(134270, 167, 9572, '2018-06-23 04:56:09', 0, NULL, '开关量', '门磁1正常', '设备故障', '环境开关量', 1, 125, 253, '广州市'),
	(134271, 167, 9572, '2018-06-23 04:56:46', 1, NULL, '开关量', '门磁1异常', '设备故障', '环境开关量', 1, 125, 253, '广州市'),
	(134272, 167, 9588, '2018-06-23 06:32:51', 1, NULL, '开关量', '网络通讯断线', '设备故障', '环境开关量', 1, 125, 253, '广州市'),
	(134273, 164, 9599, '2018-06-26 11:35:05', 1, NULL, '天河', '网络通讯断线', '设备故障', '单相UPS', 1, 12345, 253, '广州市'),
	(134274, 166, 9599, '2018-06-26 11:35:05', 1, NULL, '天河', '网络通讯断线', '设备故障', '单相UPS', 2, 111777, 254, '广州市'),
	(134275, 167, 9588, '2018-06-26 11:35:05', 1, NULL, '开关量', '网络通讯断线', '设备故障', '环境开关量', 1, 125, 253, '广州市'),
	(134276, 168, 9545, '2018-06-26 11:35:05', 1, NULL, '555', '网络通讯断线', '设备故障', '环境温湿度', 1, 555, 253, '广州市'),
	(134277, 169, 9599, '2018-06-27 05:46:49', 1, NULL, 'UPS', '网络通讯断线', '设备故障', '单相UPS', 1, 1111, 253, '广州市'),
	(134278, 164, 9599, '2018-06-27 06:03:10', 1, NULL, '天河', '网络通讯断线', '设备故障', '单相UPS', 1, 12345, 253, '广州市'),
	(134279, 166, 9599, '2018-06-27 06:03:10', 1, NULL, '天河', '网络通讯断线', '设备故障', '单相UPS', 2, 111777, 254, '广州市'),
	(134280, 167, 9588, '2018-06-27 06:03:10', 1, NULL, '开关量', '网络通讯断线', '设备故障', '环境开关量', 1, 125, 253, '广州市'),
	(134281, 168, 9545, '2018-06-27 06:03:10', 1, NULL, '555', '网络通讯断线', '设备故障', '环境温湿度', 1, 555, 253, '广州市'),
	(134282, 169, 9599, '2018-06-27 06:03:10', 1, NULL, 'UPS', '网络通讯断线', '设备故障', '单相UPS', 1, 1111, 253, '广州市'),
	(134283, 167, 9588, '2018-06-27 06:12:41', 0, NULL, '开关量', '网络通讯正常', '设备故障', '环境开关量', 1, 125, 253, '广州市'),
	(134284, 167, 9572, '2018-06-27 06:12:41', 1, NULL, '开关量', '门磁1异常', '设备故障', '环境开关量', 1, 125, 253, '广州市'),
	(134285, 167, 9573, '2018-06-27 06:12:41', 1, NULL, '开关量', '漏水1异常', '设备故障', '环境开关量', 1, 125, 253, '广州市'),
	(134286, 164, 9429, '2018-06-27 06:19:27', 1, NULL, '天河', '温度过高', '设备故障', '三相UPS', 1, 123, 253, '广州市'),
	(134287, 164, 9430, '2018-06-27 06:19:27', 1, NULL, '天河', '输入故障', '设备故障', '三相UPS', 1, 123, 253, '广州市'),
	(134288, 164, 9432, '2018-06-27 06:19:27', 1, NULL, '天河', '过载', '设备故障', '三相UPS', 1, 123, 253, '广州市'),
	(134289, 164, 9446, '2018-06-27 06:19:27', 1, NULL, '天河', '电池电压低', '设备故障', '三相UPS', 1, 123, 253, '广州市'),
	(134290, 164, 9444, '2018-06-27 06:33:21', 1, NULL, '天河', '设备离线', '设备故障', '三相UPS', 1, 123, 253, '广州市'),
	(134291, 164, 9444, '2018-06-27 06:33:38', 0, NULL, '天河', '设备连线', '设备故障', '三相UPS', 1, 123, 253, '广州市'),
	(134292, 164, 9429, '2018-06-27 06:33:46', 0, NULL, '天河', '温度正常', '设备故障', '三相UPS', 1, 123, 253, '广州市'),
	(134293, 164, 9432, '2018-06-27 06:33:46', 0, NULL, '天河', '负载正常', '设备故障', '三相UPS', 1, 123, 253, '广州市'),
	(134294, 164, 9446, '2018-06-27 06:34:19', 0, NULL, '天河', '电池电压正常', '设备故障', '三相UPS', 1, 123, 253, '广州市'),
	(134295, 164, 9430, '2018-06-27 06:35:03', 0, NULL, '天河', '输入正常', '设备故障', '三相UPS', 1, 123, 253, '广州市'),
	(134296, 164, 9447, '2018-06-27 06:35:03', 1, NULL, '天河', '旁路指示', '设备故障', '三相UPS', 1, 123, 253, '广州市'),
	(134297, 164, 9446, '2018-06-27 06:36:15', 1, NULL, '天河', '电池电压低', '设备故障', '三相UPS', 1, 123, 253, '广州市'),
	(134298, 164, 9447, '2018-06-27 06:36:15', 0, NULL, '天河', '旁路正常', '设备故障', '三相UPS', 1, 123, 253, '广州市'),
	(134299, 164, 9440, '2018-06-27 06:38:00', 1, NULL, '天河', '一般故障', '设备故障', '三相UPS', 1, 123, 253, '广州市'),
	(134300, 164, 9435, '2018-06-27 06:38:00', 1, NULL, '天河', 'UPS关闭', '设备故障', '三相UPS', 1, 123, 253, '广州市'),
	(134301, 164, 9430, '2018-06-27 06:38:00', 1, NULL, '天河', '输入故障', '设备故障', '三相UPS', 1, 123, 253, '广州市'),
	(134302, 164, 9443, '2018-06-27 06:38:00', 1, NULL, '天河', '立即关机告警', '设备故障', '三相UPS', 1, 123, 253, '广州市'),
	(134303, 164, 9447, '2018-06-27 06:38:00', 1, NULL, '天河', '旁路指示', '设备故障', '三相UPS', 1, 123, 253, '广州市'),
	(134304, 164, 9449, '2018-06-27 06:38:00', 1, NULL, '天河', '测试指示', '设备故障', '三相UPS', 1, 123, 253, '广州市'),
	(134305, 164, 9440, '2018-06-27 06:56:08', 0, NULL, '天河', '一般故障取消', '设备故障', '三相UPS', 1, 123, 253, '广州市'),
	(134306, 164, 9446, '2018-06-27 06:56:08', 0, NULL, '天河', '电池电压正常', '设备故障', '三相UPS', 1, 123, 253, '广州市'),
	(134307, 164, 9435, '2018-06-27 06:56:08', 0, NULL, '天河', 'UPS开启', '设备故障', '三相UPS', 1, 123, 253, '广州市'),
	(134308, 164, 9430, '2018-06-27 06:56:08', 0, NULL, '天河', '输入正常', '设备故障', '三相UPS', 1, 123, 253, '广州市'),
	(134309, 164, 9443, '2018-06-27 06:56:08', 0, NULL, '天河', '立即关机取消', '设备故障', '三相UPS', 1, 123, 253, '广州市'),
	(134310, 164, 9447, '2018-06-27 06:56:08', 0, NULL, '天河', '旁路正常', '设备故障', '三相UPS', 1, 123, 253, '广州市'),
	(134311, 164, 9449, '2018-06-27 06:56:08', 0, NULL, '天河', '测试完成', '设备故障', '三相UPS', 1, 123, 253, '广州市'),
	(134312, 164, 9449, '2018-06-27 06:58:46', 1, NULL, '天河', '测试指示', '设备故障', '三相UPS', 1, 123, 253, '广州市'),
	(134313, 164, 9447, '2018-06-27 06:58:46', 1, NULL, '天河', '旁路指示', '设备故障', '三相UPS', 1, 123, 253, '广州市'),
	(134314, 164, 9446, '2018-06-27 06:58:46', 1, NULL, '天河', '电池电压低', '设备故障', '三相UPS', 1, 123, 253, '广州市'),
	(134315, 164, 9443, '2018-06-27 06:58:46', 1, NULL, '天河', '立即关机告警', '设备故障', '三相UPS', 1, 123, 253, '广州市'),
	(134316, 164, 9440, '2018-06-27 06:58:46', 1, NULL, '天河', '一般故障', '设备故障', '三相UPS', 1, 123, 253, '广州市'),
	(134317, 164, 9435, '2018-06-27 06:58:46', 1, NULL, '天河', 'UPS关闭', '设备故障', '三相UPS', 1, 123, 253, '广州市'),
	(134318, 164, 9430, '2018-06-27 06:58:46', 1, NULL, '天河', '输入故障', '设备故障', '三相UPS', 1, 123, 253, '广州市'),
	(134319, 170, 9599, '2018-06-27 07:34:43', 1, NULL, '测试UPS11', '网络通讯断线', '设备故障', '单相UPS', 1, 111111, 253, '广州市'),
	(134320, 164, 9430, '2018-06-27 07:48:42', 1, NULL, '天河', '输入故障', '设备故障', '三相UPS', 1, 123, 253, '广州市'),
	(134321, 164, 9435, '2018-06-27 07:48:42', 1, NULL, '天河', 'UPS关闭', '设备故障', '三相UPS', 1, 123, 253, '广州市'),
	(134322, 164, 9440, '2018-06-27 07:48:42', 1, NULL, '天河', '一般故障', '设备故障', '三相UPS', 1, 123, 253, '广州市'),
	(134323, 164, 9443, '2018-06-27 07:48:42', 1, NULL, '天河', '立即关机告警', '设备故障', '三相UPS', 1, 123, 253, '广州市'),
	(134324, 164, 9446, '2018-06-27 07:48:42', 1, NULL, '天河', '电池电压低', '设备故障', '三相UPS', 1, 123, 253, '广州市'),
	(134325, 164, 9447, '2018-06-27 07:48:42', 1, NULL, '天河', '旁路指示', '设备故障', '三相UPS', 1, 123, 253, '广州市'),
	(134326, 164, 9449, '2018-06-27 07:48:42', 1, NULL, '天河', '测试指示', '设备故障', '三相UPS', 1, 123, 253, '广州市'),
	(134327, 167, 9572, '2018-06-27 07:48:42', 1, NULL, '开关量', '门磁1异常', '设备故障', '环境开关量', 1, 125, 253, '广州市'),
	(134328, 167, 9573, '2018-06-27 07:48:42', 1, NULL, '开关量', '漏水1异常', '设备故障', '环境开关量', 1, 125, 253, '广州市'),
	(134329, 166, 9599, '2018-06-27 07:49:57', 1, NULL, '天河', '网络通讯断线', '设备故障', '单相UPS', 2, 111777, 254, '广州市'),
	(134330, 168, 9545, '2018-06-27 07:49:57', 1, NULL, '555', '网络通讯断线', '设备故障', '环境温湿度', 1, 555, 253, '广州市'),
	(134331, 169, 9599, '2018-06-27 07:49:57', 1, NULL, 'UPS', '网络通讯断线', '设备故障', '单相UPS', 1, 1111, 253, '广州市'),
	(134332, 170, 9599, '2018-06-27 07:49:57', 1, NULL, '测试UPS11', '网络通讯断线', '设备故障', '单相UPS', 1, 111111, 253, '广州市'),
	(134333, 164, 9430, '2018-06-27 07:51:18', 0, NULL, '天河', '输入正常', '设备故障', '三相UPS', 1, 123, 253, '广州市'),
	(134334, 164, 9435, '2018-06-27 07:51:18', 0, NULL, '天河', 'UPS开启', '设备故障', '三相UPS', 1, 123, 253, '广州市'),
	(134335, 164, 9440, '2018-06-27 07:51:18', 0, NULL, '天河', '一般故障取消', '设备故障', '三相UPS', 1, 123, 253, '广州市'),
	(134336, 164, 9443, '2018-06-27 07:51:18', 0, NULL, '天河', '立即关机取消', '设备故障', '三相UPS', 1, 123, 253, '广州市'),
	(134337, 164, 9446, '2018-06-27 07:51:18', 0, NULL, '天河', '电池电压正常', '设备故障', '三相UPS', 1, 123, 253, '广州市'),
	(134338, 164, 9447, '2018-06-27 07:51:18', 0, NULL, '天河', '旁路正常', '设备故障', '三相UPS', 1, 123, 253, '广州市'),
	(134339, 164, 9449, '2018-06-27 07:51:18', 0, NULL, '天河', '测试完成', '设备故障', '三相UPS', 1, 123, 253, '广州市'),
	(134340, 164, 9449, '2018-06-27 07:52:38', 1, NULL, '天河', '测试指示', '设备故障', '三相UPS', 1, 123, 253, '广州市'),
	(134341, 164, 9447, '2018-06-27 07:52:38', 1, NULL, '天河', '旁路指示', '设备故障', '三相UPS', 1, 123, 253, '广州市'),
	(134342, 164, 9446, '2018-06-27 07:52:38', 1, NULL, '天河', '电池电压低', '设备故障', '三相UPS', 1, 123, 253, '广州市'),
	(134343, 164, 9443, '2018-06-27 07:52:38', 1, NULL, '天河', '立即关机告警', '设备故障', '三相UPS', 1, 123, 253, '广州市'),
	(134344, 164, 9440, '2018-06-27 07:52:38', 1, NULL, '天河', '一般故障', '设备故障', '三相UPS', 1, 123, 253, '广州市'),
	(134345, 164, 9435, '2018-06-27 07:52:38', 1, NULL, '天河', 'UPS关闭', '设备故障', '三相UPS', 1, 123, 253, '广州市'),
	(134346, 164, 9430, '2018-06-27 07:52:38', 1, NULL, '天河', '输入故障', '设备故障', '三相UPS', 1, 123, 253, '广州市'),
	(134347, 171, 9599, '2018-06-27 07:56:28', 1, NULL, '666', '网络通讯断线', '设备故障', '单相UPS', 1, 666, 253, '广州市'),
	(134348, 172, 9589, '2018-06-27 08:17:49', 1, NULL, '电池电量', '网络通讯断线', '设备故障', '电池电量', 1, 3333, 253, '广州市'),
	(134349, 164, 9444, '2018-06-27 09:09:20', 1, NULL, '天河', '设备离线', '设备故障', '三相UPS', 1, 123, 253, '广州市'),
	(134350, 164, 9444, '2018-06-27 09:09:25', 0, NULL, '天河', '设备连线', '设备故障', '三相UPS', 1, 123, 253, '广州市'),
	(134351, 164, 9444, '2018-06-27 11:54:12', 1, NULL, '天河', '设备离线', '设备故障', '三相UPS', 1, 123, 253, '广州市'),
	(134352, 167, 9574, '2018-06-27 15:58:00', 1, NULL, '开关量', '红外1异常', '设备故障', '环境开关量', 1, 125, 253, '广州市'),
	(134353, 167, 9575, '2018-06-27 15:59:31', 1, NULL, '开关量', '红外2异常', '设备故障', '环境开关量', 1, 125, 253, '广州市'),
	(134354, 167, 9572, '2018-06-27 15:59:34', 0, NULL, '开关量', '门磁1正常', '设备故障', '环境开关量', 1, 125, 253, '广州市'),
	(134355, 167, 9573, '2018-06-27 15:59:38', 0, NULL, '开关量', '漏水1正常', '设备故障', '环境开关量', 1, 125, 253, '广州市'),
	(134356, 167, 9574, '2018-06-27 15:59:45', 0, NULL, '开关量', '红外1正常', '设备故障', '环境开关量', 1, 125, 253, '广州市'),
	(134357, 167, 9575, '2018-06-27 15:59:48', 0, NULL, '开关量', '红外2正常', '设备故障', '环境开关量', 1, 125, 253, '广州市'),
	(134358, 167, 9572, '2018-06-27 15:59:51', 1, NULL, '开关量', '门磁1异常', '设备故障', '环境开关量', 1, 125, 253, '广州市'),
	(134359, 167, 9572, '2018-06-27 16:01:48', 0, NULL, '开关量', '门磁1正常', '设备故障', '环境开关量', 1, 125, 253, '广州市'),
	(134360, 167, 9573, '2018-06-27 16:01:49', 1, NULL, '开关量', '漏水1异常', '设备故障', '环境开关量', 1, 125, 253, '广州市'),
	(134361, 164, 9430, '2018-06-27 16:02:28', 1, NULL, '天河', '输入故障', '设备故障', '三相UPS', 1, 123, 253, '广州市'),
	(134362, 164, 9435, '2018-06-27 16:02:28', 1, NULL, '天河', 'UPS关闭', '设备故障', '三相UPS', 1, 123, 253, '广州市'),
	(134363, 164, 9440, '2018-06-27 16:02:28', 1, NULL, '天河', '一般故障', '设备故障', '三相UPS', 1, 123, 253, '广州市'),
	(134364, 164, 9443, '2018-06-27 16:02:28', 1, NULL, '天河', '立即关机告警', '设备故障', '三相UPS', 1, 123, 253, '广州市'),
	(134365, 164, 9444, '2018-06-27 16:02:28', 1, NULL, '天河', '设备离线', '设备故障', '三相UPS', 1, 123, 253, '广州市'),
	(134366, 164, 9446, '2018-06-27 16:02:28', 1, NULL, '天河', '电池电压低', '设备故障', '三相UPS', 1, 123, 253, '广州市'),
	(134367, 164, 9447, '2018-06-27 16:02:28', 1, NULL, '天河', '旁路指示', '设备故障', '三相UPS', 1, 123, 253, '广州市'),
	(134368, 164, 9449, '2018-06-27 16:02:28', 1, NULL, '天河', '测试指示', '设备故障', '三相UPS', 1, 123, 253, '广州市'),
	(134369, 167, 9573, '2018-06-27 16:02:28', 1, NULL, '开关量', '漏水1异常', '设备故障', '环境开关量', 1, 125, 253, '广州市'),
	(134370, 164, 9444, '2018-06-27 16:02:56', 1, NULL, '天河', '设备离线', '设备故障', '三相UPS', 1, 123, 253, '广州市'),
	(134371, 167, 9573, '2018-06-27 16:02:56', 1, NULL, '开关量', '漏水1异常', '设备故障', '环境开关量', 1, 125, 253, '广州市'),
	(134372, 167, 9573, '2018-06-27 16:03:06', 0, NULL, '开关量', '漏水1正常', '设备故障', '环境开关量', 1, 125, 253, '广州市'),
	(134373, 166, 9599, '2018-06-27 16:04:13', 1, NULL, '天河', '网络通讯断线', '设备故障', '单相UPS', 2, 111777, 254, '广州市'),
	(134374, 168, 9545, '2018-06-27 16:04:13', 1, NULL, '555', '网络通讯断线', '设备故障', '环境温湿度', 1, 555, 253, '广州市'),
	(134375, 169, 9599, '2018-06-27 16:04:13', 1, NULL, 'UPS', '网络通讯断线', '设备故障', '单相UPS', 1, 1111, 253, '广州市'),
	(134376, 170, 9599, '2018-06-27 16:04:13', 1, NULL, '测试UPS11', '网络通讯断线', '设备故障', '单相UPS', 1, 111111, 253, '广州市'),
	(134377, 171, 9599, '2018-06-27 16:04:13', 1, NULL, '666', '网络通讯断线', '设备故障', '单相UPS', 1, 666, 253, '广州市'),
	(134378, 172, 9589, '2018-06-27 16:04:13', 1, NULL, '电池电量', '网络通讯断线', '设备故障', '电池电量', 1, 3333, 253, '广州市'),
	(134379, 167, 9573, '2018-06-27 16:05:45', 1, NULL, '开关量', '漏水1异常', '设备故障', '环境开关量', 1, 125, 253, '广州市'),
	(134380, 167, 9573, '2018-06-27 16:05:54', 0, NULL, '开关量', '漏水1正常', '设备故障', '环境开关量', 1, 125, 253, '广州市'),
	(134381, 167, 9573, '2018-06-27 16:06:04', 1, NULL, '开关量', '漏水1异常', '设备故障', '环境开关量', 1, 125, 253, '广州市'),
	(134382, 167, 9573, '2018-06-27 16:06:10', 0, NULL, '开关量', '漏水1正常', '设备故障', '环境开关量', 1, 125, 253, '广州市'),
	(134383, 167, 9572, '2018-06-27 16:06:15', 1, NULL, '开关量', '门磁1异常', '设备故障', '环境开关量', 1, 125, 253, '广州市'),
	(134384, 167, 9573, '2018-06-27 16:06:15', 1, NULL, '开关量', '漏水1异常', '设备故障', '环境开关量', 1, 125, 253, '广州市'),
	(134385, 167, 9572, '2018-06-27 16:06:19', 0, NULL, '开关量', '门磁1正常', '设备故障', '环境开关量', 1, 125, 253, '广州市'),
	(134386, 167, 9573, '2018-06-27 16:06:19', 0, NULL, '开关量', '漏水1正常', '设备故障', '环境开关量', 1, 125, 253, '广州市'),
	(134387, 168, 9545, '2018-06-27 16:06:56', 1, NULL, '555', '网络通讯断线', '设备故障', '环境温湿度', 1, 555, 253, '广州市'),
	(134388, 166, 9599, '2018-06-27 16:06:56', 1, NULL, '天河', '网络通讯断线', '设备故障', '单相UPS', 2, 111777, 254, '广州市'),
	(134389, 169, 9599, '2018-06-27 16:06:56', 1, NULL, 'UPS', '网络通讯断线', '设备故障', '单相UPS', 1, 1111, 253, '广州市'),
	(134390, 170, 9599, '2018-06-27 16:06:56', 1, NULL, '测试UPS11', '网络通讯断线', '设备故障', '单相UPS', 1, 111111, 253, '广州市'),
	(134391, 171, 9599, '2018-06-27 16:06:56', 1, NULL, '666', '网络通讯断线', '设备故障', '单相UPS', 1, 666, 253, '广州市'),
	(134392, 172, 9589, '2018-06-27 16:06:56', 1, NULL, '电池电量', '网络通讯断线', '设备故障', '电池电量', 1, 3333, 253, '广州市'),
	(134393, 173, 9588, '2018-06-27 23:37:49', 1, NULL, '测试终端11', '网络通讯断线', '设备故障', '环境开关量', 1, 125, 253, '广州市'),
	(134394, 173, 9588, '2018-06-28 00:01:56', 0, NULL, '测试终端11', '网络通讯正常', '设备故障', '环境开关量', 1, 125, 253, '广州市'),
	(134395, 173, 9572, '2018-06-28 00:02:17', 1, NULL, '测试终端11', '开关量1异常', '设备故障', '环境开关量', 1, 125, 253, '广州市'),
	(134396, 173, 9573, '2018-06-28 00:03:04', 1, NULL, '测试终端11', '烟感1异常', '设备故障', '环境开关量', 1, 125, 253, '广州市'),
	(134397, 173, 9572, '2018-06-28 01:04:44', 1, NULL, '测试终端11', '开关量1异常', '设备故障', '环境开关量', 1, 125, 253, '广州市'),
	(134398, 173, 9572, '2018-06-28 01:04:51', 0, NULL, '测试终端11', '开关量1正常', '设备故障', '环境开关量', 1, 125, 253, '广州市'),
	(134399, 173, 9573, '2018-06-28 01:05:00', 1, NULL, '测试终端11', '烟感1异常', '设备故障', '环境开关量', 1, 125, 253, '广州市'),
	(134400, 173, 9574, '2018-06-28 01:05:05', 1, NULL, '测试终端11', '开关量3异常', '设备故障', '环境开关量', 1, 125, 253, '广州市'),
	(134401, 173, 9573, '2018-06-28 01:05:08', 0, NULL, '测试终端11', '烟感1正常', '设备故障', '环境开关量', 1, 125, 253, '广州市'),
	(134402, 173, 9574, '2018-06-28 01:05:17', 0, NULL, '测试终端11', '开关量3正常', '设备故障', '环境开关量', 1, 125, 253, '广州市'),
	(134403, 168, 9545, '2018-06-28 01:05:51', 1, NULL, '555', '网络通讯断线', '设备故障', '环境温湿度', 1, 555, 253, '广州市'),
	(134404, 166, 9599, '2018-06-28 01:05:51', 1, NULL, '天河', '网络通讯断线', '设备故障', '单相UPS', 2, 111777, 254, '广州市'),
	(134405, 169, 9599, '2018-06-28 01:05:51', 1, NULL, 'UPS', '网络通讯断线', '设备故障', '单相UPS', 1, 1111, 253, '广州市'),
	(134406, 170, 9599, '2018-06-28 01:05:51', 1, NULL, '测试UPS11', '网络通讯断线', '设备故障', '单相UPS', 1, 111111, 253, '广州市'),
	(134407, 171, 9599, '2018-06-28 01:05:51', 1, NULL, '666', '网络通讯断线', '设备故障', '单相UPS', 1, 666, 253, '广州市'),
	(134408, 172, 9589, '2018-06-28 01:05:51', 1, NULL, '电池电量', '网络通讯断线', '设备故障', '电池电量', 1, 3333, 253, '广州市'),
	(134409, 173, 9588, '2018-06-28 02:23:02', 1, NULL, '测试终端11', '网络通讯断线', '设备故障', '环境开关量', 1, 125, 253, '广州市'),
	(134410, 173, 9588, '2018-06-28 02:27:41', 0, NULL, '测试终端11', '网络通讯正常', '设备故障', '环境开关量', 1, 125, 253, '广州市'),
	(134411, 173, 9588, '2018-06-28 02:31:23', 1, NULL, '测试终端11', '网络通讯断线', '设备故障', '环境开关量', 1, 125, 253, '广州市'),
	(134412, 174, 9571, '2018-06-28 08:54:40', 1, NULL, '555', '网络通讯断线', '设备故障', '精密空调', 1, 5555, 253, '广州市'),
	(134413, 175, 9545, '2018-06-28 08:54:40', 1, NULL, '温湿度', '网络通讯断线', '设备故障', '环境温湿度', 1, 111, 253, '广州市'),
	(134414, 173, 9588, '2018-06-29 08:36:43', 0, NULL, '测试终端11', '网络通讯正常', '设备故障', '环境开关量', 1, 125, 253, '广州市'),
	(134415, 173, 9572, '2018-06-29 08:39:00', 1, NULL, '测试终端11', '开关量133333异常', '设备故障', '环境开关量', 1, 125, 253, '广州市'),
	(134416, 173, 9572, '2018-06-29 08:42:27', 0, NULL, '测试终端11', '开关量133333正常', '设备故障', '环境开关量', 1, 125, 253, '广州市'),
	(134417, 173, 9572, '2018-06-29 08:42:40', 1, NULL, '测试终端11', '开关量133333异常', '设备故障', '环境开关量', 1, 125, 253, '广州市'),
	(134418, 173, 9572, '2018-06-29 08:47:38', 0, NULL, '测试终端11', '开关量133333正常', '设备故障', '环境开关量', 1, 125, 253, '广州市'),
	(134419, 173, 9572, '2018-06-29 08:47:53', 1, NULL, '测试终端11', '开关量133333异常', '设备故障', '环境开关量', 1, 125, 253, '广州市'),
	(134420, 173, 9572, '2018-06-29 08:49:29', 0, NULL, '测试终端11', '开关量133333正常', '设备故障', '环境开关量', 1, 125, 253, '广州市'),
	(134421, 173, 9572, '2018-06-29 08:49:40', 1, NULL, '测试终端11', '开关量133333异常', '设备故障', '环境开关量', 1, 125, 253, '广州市'),
	(134422, 173, 9572, '2018-06-29 08:49:55', 0, NULL, '测试终端11', '开关量133333正常', '设备故障', '环境开关量', 1, 125, 253, '广州市'),
	(134423, 173, 9572, '2018-06-29 08:50:10', 1, NULL, '测试终端11', '开关量133333异常', '设备故障', '环境开关量', 1, 125, 253, '广州市'),
	(134424, 173, 9573, '2018-06-29 08:50:39', 1, NULL, '测试终端11', '烟感1异常', '设备故障', '环境开关量', 1, 125, 253, '广州市'),
	(134425, 173, 9573, '2018-06-29 08:51:06', 0, NULL, '测试终端11', '烟感1正常', '设备故障', '环境开关量', 1, 125, 253, '广州市'),
	(134426, 173, 9572, '2018-06-29 08:51:09', 0, NULL, '测试终端11', '开关量133333正常', '设备故障', '环境开关量', 1, 125, 253, '广州市'),
	(134427, 173, 9572, '2018-06-29 08:51:34', 1, NULL, '测试终端11', '开关量133333异常', '设备故障', '环境开关量', 1, 125, 253, '广州市'),
	(134428, 173, 9572, '2018-06-29 08:54:28', 0, NULL, '测试终端11', '开关量133333正常', '设备故障', '环境开关量', 1, 125, 253, '广州市'),
	(134429, 173, 9572, '2018-06-29 08:54:39', 1, NULL, '测试终端11', '开关量133333异常', '设备故障', '环境开关量', 1, 125, 253, '广州市'),
	(134430, 173, 9572, '2018-06-29 09:02:55', 0, NULL, '测试终端11', '开关量133333正常', '设备故障', '环境开关量', 1, 125, 253, '广州市'),
	(134431, 173, 9572, '2018-06-29 09:03:15', 1, NULL, '测试终端11', '开关量133333异常', '设备故障', '环境开关量', 1, 125, 253, '广州市'),
	(134432, 173, 9572, '2018-06-29 09:03:23', 0, NULL, '测试终端11', '开关量133333正常', '设备故障', '环境开关量', 1, 125, 253, '广州市'),
	(134433, 173, 9572, '2018-06-29 09:04:00', 1, NULL, '测试终端11', '开关量133333异常', '设备故障', '环境开关量', 1, 125, 253, '广州市'),
	(134434, 173, 9572, '2018-06-29 09:04:09', 0, NULL, '测试终端11', '开关量133333正常', '设备故障', '环境开关量', 1, 125, 253, '广州市'),
	(134435, 173, 9572, '2018-06-29 09:57:45', 1, NULL, '测试终端11', '开关量133333异常', '设备故障', '环境开关量', 1, 125, 253, '广州市'),
	(134436, 173, 9573, '2018-06-29 09:57:45', 1, NULL, '测试终端11', '烟感1异常', '设备故障', '环境开关量', 1, 125, 253, '广州市'),
	(134437, 173, 9588, '2018-06-29 13:40:31', 1, NULL, '测试终端11', '网络通讯断线', '设备故障', '环境开关量', 1, 125, 253, '广州市'),
	(134438, 166, 9599, '2018-07-05 10:22:54', 1, NULL, '天河', '网络通讯断线', '设备故障', '单相UPS', 2, 111777, 254, '广州市'),
	(134439, 168, 9545, '2018-07-05 10:22:54', 1, NULL, '555', '网络通讯断线', '设备故障', '环境温湿度', 1, 555, 253, '广州市'),
	(134440, 169, 9599, '2018-07-05 10:22:54', 1, NULL, 'UPS', '网络通讯断线', '设备故障', '单相UPS', 1, 1111, 253, '广州市'),
	(134441, 170, 9599, '2018-07-05 10:22:54', 1, NULL, '测试UPS11', '网络通讯断线', '设备故障', '单相UPS', 1, 111111, 253, '广州市'),
	(134442, 171, 9599, '2018-07-05 10:22:54', 1, NULL, '666', '网络通讯断线', '设备故障', '单相UPS', 1, 666, 253, '广州市'),
	(134443, 172, 9589, '2018-07-05 10:22:54', 1, NULL, '电池电量', '网络通讯断线', '设备故障', '电池电量', 1, 3333, 253, '广州市'),
	(134444, 173, 9588, '2018-07-05 10:22:54', 1, NULL, '测试终端11', '网络通讯断线', '设备故障', '环境开关量', 1, 125, 253, '广州市'),
	(134445, 174, 9571, '2018-07-05 10:22:54', 1, NULL, '555', '网络通讯断线', '设备故障', '精密空调', 1, 5555, 253, '广州市'),
	(134446, 175, 9545, '2018-07-05 10:22:54', 1, NULL, '温湿度', '网络通讯断线', '设备故障', '环境温湿度', 1, 111, 253, '广州市'),
	(134447, 166, 9599, '2018-07-06 20:04:05', 1, NULL, '天河', '网络通讯断线', '设备故障', '单相UPS', 2, 111777, 254, '广州市'),
	(134448, 168, 9545, '2018-07-06 20:04:05', 1, NULL, '555', '网络通讯断线', '设备故障', '环境温湿度', 1, 555, 253, '广州市'),
	(134449, 169, 9599, '2018-07-06 20:04:05', 1, NULL, 'UPS', '网络通讯断线', '设备故障', '单相UPS', 1, 1111, 253, '广州市'),
	(134450, 170, 9599, '2018-07-06 20:04:05', 1, NULL, '测试UPS11', '网络通讯断线', '设备故障', '单相UPS', 1, 111111, 253, '广州市'),
	(134451, 171, 9599, '2018-07-06 20:04:05', 1, NULL, '666', '网络通讯断线', '设备故障', '单相UPS', 1, 666, 253, '广州市'),
	(134452, 172, 9589, '2018-07-06 20:04:05', 1, NULL, '电池电量', '网络通讯断线', '设备故障', '电池电量', 1, 3333, 253, '广州市'),
	(134453, 173, 9588, '2018-07-06 20:04:05', 1, NULL, '测试终端11', '网络通讯断线', '设备故障', '环境开关量', 1, 125, 253, '广州市'),
	(134454, 174, 9571, '2018-07-06 20:04:05', 1, NULL, '555', '网络通讯断线', '设备故障', '精密空调', 1, 5555, 253, '广州市'),
	(134455, 175, 9545, '2018-07-06 20:04:05', 1, NULL, '温湿度', '网络通讯断线', '设备故障', '环境温湿度', 1, 111, 253, '广州市'),
	(134456, 166, 9599, '2018-07-09 12:46:16', 1, NULL, '天河', '网络通讯断线', '设备故障', '单相UPS', 2, 111777, 254, '广州市'),
	(134457, 168, 9545, '2018-07-09 12:46:16', 1, NULL, '555', '网络通讯断线', '设备故障', '环境温湿度', 1, 555, 253, '广州市'),
	(134458, 169, 9599, '2018-07-09 12:46:16', 1, NULL, 'UPS', '网络通讯断线', '设备故障', '单相UPS', 1, 1111, 253, '广州市'),
	(134459, 170, 9599, '2018-07-09 12:46:16', 1, NULL, '测试UPS11', '网络通讯断线', '设备故障', '单相UPS', 1, 111111, 253, '广州市'),
	(134460, 171, 9599, '2018-07-09 12:46:16', 1, NULL, '666', '网络通讯断线', '设备故障', '单相UPS', 1, 666, 253, '广州市'),
	(134461, 172, 9589, '2018-07-09 12:46:16', 1, NULL, '电池电量', '网络通讯断线', '设备故障', '电池电量', 1, 3333, 253, '广州市'),
	(134462, 173, 9588, '2018-07-09 12:46:16', 1, NULL, '测试终端11', '网络通讯断线', '设备故障', '环境开关量', 1, 125, 253, '广州市'),
	(134463, 174, 9571, '2018-07-09 12:46:16', 1, NULL, '555', '网络通讯断线', '设备故障', '精密空调', 1, 5555, 253, '广州市'),
	(134464, 175, 9545, '2018-07-09 12:46:16', 1, NULL, '温湿度', '网络通讯断线', '设备故障', '环境温湿度', 1, 111, 253, '广州市'),
	(134465, 166, 9599, '2018-07-09 15:46:43', 1, NULL, '天河', '网络通讯断线', '设备故障', '单相UPS', 2, 111777, 254, '广州市'),
	(134466, 168, 9545, '2018-07-09 15:46:43', 1, NULL, '555', '网络通讯断线', '设备故障', '环境温湿度', 1, 555, 253, '广州市'),
	(134467, 169, 9599, '2018-07-09 15:46:43', 1, NULL, 'UPS', '网络通讯断线', '设备故障', '单相UPS', 1, 1111, 253, '广州市'),
	(134468, 170, 9599, '2018-07-09 15:46:43', 1, NULL, '测试UPS11', '网络通讯断线', '设备故障', '单相UPS', 1, 111111, 253, '广州市'),
	(134469, 171, 9599, '2018-07-09 15:46:43', 1, NULL, '666', '网络通讯断线', '设备故障', '单相UPS', 1, 666, 253, '广州市'),
	(134470, 172, 9589, '2018-07-09 15:46:43', 1, NULL, '电池电量', '网络通讯断线', '设备故障', '电池电量', 1, 3333, 253, '广州市'),
	(134471, 173, 9588, '2018-07-09 15:46:43', 1, NULL, '测试终端11', '网络通讯断线', '设备故障', '环境开关量', 1, 125, 253, '广州市'),
	(134472, 174, 9571, '2018-07-09 15:46:43', 1, NULL, '555', '网络通讯断线', '设备故障', '精密空调', 1, 5555, 253, '广州市'),
	(134473, 175, 9545, '2018-07-09 15:46:43', 1, NULL, '温湿度', '网络通讯断线', '设备故障', '环境温湿度', 1, 111, 253, '广州市'),
	(134474, 166, 9599, '2018-07-09 23:10:44', 1, NULL, '天河', '网络通讯断线', '设备故障', '单相UPS', 2, 111777, 254, '广州市'),
	(134475, 168, 9545, '2018-07-09 23:10:44', 1, NULL, '555', '网络通讯断线', '设备故障', '环境温湿度', 1, 555, 253, '广州市'),
	(134476, 169, 9599, '2018-07-09 23:10:44', 1, NULL, 'UPS', '网络通讯断线', '设备故障', '单相UPS', 1, 1111, 253, '广州市'),
	(134477, 170, 9599, '2018-07-09 23:10:44', 1, NULL, '测试UPS11', '网络通讯断线', '设备故障', '单相UPS', 1, 111111, 253, '广州市'),
	(134478, 171, 9599, '2018-07-09 23:10:44', 1, NULL, '666', '网络通讯断线', '设备故障', '单相UPS', 1, 666, 253, '广州市'),
	(134479, 172, 9589, '2018-07-09 23:10:44', 1, NULL, '电池电量', '网络通讯断线', '设备故障', '电池电量', 1, 3333, 253, '广州市'),
	(134480, 173, 9588, '2018-07-09 23:10:44', 1, NULL, '测试终端11', '网络通讯断线', '设备故障', '环境开关量', 1, 125, 253, '广州市'),
	(134481, 174, 9571, '2018-07-09 23:10:44', 1, NULL, '555', '网络通讯断线', '设备故障', '精密空调', 1, 5555, 253, '广州市'),
	(134482, 175, 9545, '2018-07-09 23:10:44', 1, NULL, '温湿度', '网络通讯断线', '设备故障', '环境温湿度', 1, 111, 253, '广州市'),
	(134483, 176, 9599, '2018-07-10 03:20:48', 1, NULL, 'MAC', '网络通讯断线', '设备故障', '单相UPS', 1, 854475727, 253, '广州市'),
	(134484, 176, 9599, '2018-07-10 03:35:27', 0, NULL, 'MAC', '网络通讯正常', '设备故障', '单相UPS', 1, 854475727, 253, '广州市'),
	(134485, 176, 9598, '2018-07-10 03:35:27', 1, NULL, 'MAC', 'UPS断线', '设备故障', '单相UPS', 1, 854475727, 253, '广州市'),
	(134486, 176, 9599, '2018-07-10 03:58:11', 1, NULL, 'MAC', '网络通讯断线', '设备故障', '单相UPS', 1, 854475727, 253, '广州市'),
	(134487, 176, 9598, '2018-07-10 03:58:11', 0, NULL, 'MAC', 'UPS连线正常', '设备故障', '单相UPS', 1, 854475727, 253, '广州市'),
	(134488, 176, 9599, '2018-07-10 03:59:57', 0, NULL, 'MAC', '网络通讯正常', '设备故障', '单相UPS', 1, 854475727, 253, '广州市'),
	(134489, 176, 9598, '2018-07-10 03:59:57', 1, NULL, 'MAC', 'UPS断线', '设备故障', '单相UPS', 1, 854475727, 253, '广州市'),
	(134490, 176, 9598, '2018-07-10 04:04:19', 0, NULL, 'MAC', 'UPS连线正常', '设备故障', '单相UPS', 1, 854475727, 253, '广州市'),
	(134491, 176, 9599, '2018-07-10 04:11:12', 1, NULL, 'MAC', '网络通讯断线', '设备故障', '单相UPS', 1, 2147483647, 253, '广州市'),
	(134492, 166, 9599, '2018-07-10 05:40:03', 1, NULL, '天河', '网络通讯断线', '设备故障', '单相UPS', 2, 111777, 254, '广州市'),
	(134493, 168, 9545, '2018-07-10 05:40:03', 1, NULL, '555', '网络通讯断线', '设备故障', '环境温湿度', 1, 555, 253, '广州市'),
	(134494, 169, 9599, '2018-07-10 05:40:03', 1, NULL, 'UPS', '网络通讯断线', '设备故障', '单相UPS', 1, 1111, 253, '广州市'),
	(134495, 170, 9599, '2018-07-10 05:40:03', 1, NULL, '测试UPS11', '网络通讯断线', '设备故障', '单相UPS', 1, 111111, 253, '广州市'),
	(134496, 171, 9599, '2018-07-10 05:40:03', 1, NULL, '666', '网络通讯断线', '设备故障', '单相UPS', 1, 666, 253, '广州市'),
	(134497, 172, 9589, '2018-07-10 05:40:03', 1, NULL, '电池电量', '网络通讯断线', '设备故障', '电池电量', 1, 3333, 253, '广州市'),
	(134498, 173, 9588, '2018-07-10 05:40:03', 1, NULL, '测试终端11', '网络通讯断线', '设备故障', '环境开关量', 1, 125, 253, '广州市'),
	(134499, 174, 9571, '2018-07-10 05:40:03', 1, NULL, '555', '网络通讯断线', '设备故障', '精密空调', 1, 5555, 253, '广州市'),
	(134500, 175, 9545, '2018-07-10 05:40:03', 1, NULL, '温湿度', '网络通讯断线', '设备故障', '环境温湿度', 1, 111, 253, '广州市'),
	(134501, 854475649, 9598, '2018-07-10 07:42:47', 1, NULL, 'MAC', 'UPS断线', '设备故障', '单相UPS', 1, 854475727, 253, '广州市'),
	(134502, 854475681, 9537, '2018-07-10 11:26:17', 1, NULL, '自动匹配:854475681', '环境温湿度1断线', '设备故障', '环境温湿度', 1, 854475727, 253, '广州市'),
	(134503, 854475649, 9598, '2018-07-10 11:32:14', 0, NULL, '自动匹配', 'UPS连线正常', '设备故障', '单相UPS', 1, 854475727, 253, '广州市'),
	(134504, 854475681, 9537, '2018-07-10 11:32:14', 0, NULL, '自动匹配:854475681', '环境温湿度1连接正常', '设备故障', '环境温湿度', 1, 854475727, 253, '广州市'),
	(134505, 854475649, 9598, '2018-07-10 11:44:31', 1, NULL, '自动匹配', 'UPS断线', '设备故障', '单相UPS', 1, 854475727, 253, '广州市'),
	(134506, 854475681, 9537, '2018-07-10 11:44:38', 1, NULL, '自动匹配:854475681', '环境温湿度1断线', '设备故障', '环境温湿度', 1, 854475727, 253, '广州市'),
	(134507, 854475681, 9538, '2018-07-10 12:03:22', 1, NULL, '自动匹配:854475727', '环境温湿度2断线', '设备故障', '环境温湿度', 1, 854475727, 253, '广州市'),
	(134508, 854475681, 9539, '2018-07-10 12:03:22', 1, NULL, '自动匹配:854475727', '环境温湿度3断线', '设备故障', '环境温湿度', 1, 854475727, 253, '广州市'),
	(134509, 854475727, 9545, '2018-07-10 12:04:28', 1, NULL, '自动匹配:854475727', '网络通讯断线', '设备故障', '环境温湿度', 1, 854475727, 253, '广州市'),
	(134510, 854475681, 9540, '2018-07-10 14:10:17', 1, NULL, 'MAC:854475681', '环境温湿度4断线', '设备故障', '环境温湿度', 1, 854475727, 253, '广州市'),
	(134511, 854475681, 9541, '2018-07-10 14:10:18', 1, NULL, 'MAC:854475681', '环境温湿度5断线', '设备故障', '环境温湿度', 1, 854475727, 253, '广州市'),
	(134512, 854475681, 9542, '2018-07-10 14:10:20', 1, NULL, 'MAC:854475681', '环境温湿度6断线', '设备故障', '环境温湿度', 1, 854475727, 253, '广州市'),
	(134513, 174, 9599, '2018-07-10 14:37:14', 1, NULL, '555', '网络通讯断线', '设备故障', '单相UPS', 1, 5555, 253, '广州市'),
	(134514, 171, 9545, '2018-07-10 15:15:12', 1, NULL, '666', '网络通讯断线', '设备故障', '环境温湿度', 1, 666, 253, '广州市'),
	(134515, 854475681, 9537, '2018-07-10 16:42:24', 0, NULL, '测试设备:温湿度', '环境温湿度1连接正常', '设备故障', '环境温湿度', 1, 854475727, 253, '广州市'),
	(134516, 854475649, 9598, '2018-07-10 16:42:24', 0, NULL, '测试设备', 'UPS连线正常', '设备故障', '单相UPS', 1, 854475727, 253, '广州市'),
	(134517, 854475681, 9538, '2018-07-10 16:42:24', 0, NULL, '测试设备:温湿度', '环境温湿度2连接正常', '设备故障', '环境温湿度', 1, 854475727, 253, '广州市'),
	(134518, 854475681, 9539, '2018-07-10 16:42:24', 0, NULL, '测试设备:温湿度', '环境温湿度3连接正常', '设备故障', '环境温湿度', 1, 854475727, 253, '广州市'),
	(134519, 854475681, 9540, '2018-07-10 16:42:24', 0, NULL, '测试设备:温湿度', '环境温湿度4连接正常', '设备故障', '环境温湿度', 1, 854475727, 253, '广州市'),
	(134520, 854475681, 9541, '2018-07-10 16:42:24', 0, NULL, '测试设备:温湿度', '环境温湿度5连接正常', '设备故障', '环境温湿度', 1, 854475727, 253, '广州市'),
	(134521, 854475681, 9542, '2018-07-10 16:42:24', 0, NULL, '测试设备:温湿度', '环境温湿度6连接正常', '设备故障', '环境温湿度', 1, 854475727, 253, '广州市'),
	(134522, 854475681, 9545, '2018-07-10 16:43:44', 1, NULL, '测试设备:温湿度', '网络通讯断线', '设备故障', '环境温湿度', 1, 854475727, 253, '广州市'),
	(134523, 854475649, 9599, '2018-07-10 16:43:44', 1, NULL, '测试设备', '网络通讯断线', '设备故障', '单相UPS', 1, 854475727, 253, '广州市'),
	(134524, 854475682, 9588, '2018-07-10 16:43:45', 1, NULL, '测试设备:开关量', '网络通讯断线', '设备故障', '环境开关量', 1, 854475727, 253, '广州市'),
	(134525, 949310081, 9598, '2018-07-10 16:46:11', 1, NULL, '测试2', 'UPS断线', '设备故障', '单相UPS', 1, 949310150, 253, '广州市'),
	(134526, 949310081, 9598, '2018-07-10 16:47:29', 0, NULL, '测试2', 'UPS连线正常', '设备故障', '单相UPS', 1, 949310150, 253, '广州市'),
	(134527, 949310081, 9598, '2018-07-10 16:47:42', 1, NULL, '测试2', 'UPS断线', '设备故障', '单相UPS', 1, 949310150, 253, '广州市'),
	(134528, 949310081, 9598, '2018-07-10 16:48:42', 0, NULL, '测试2', 'UPS连线正常', '设备故障', '单相UPS', 1, 949310150, 253, '广州市'),
	(134529, 949310081, 9598, '2018-07-10 16:49:12', 1, NULL, '测试2', 'UPS断线', '设备故障', '单相UPS', 1, 949310150, 253, '广州市'),
	(134530, 949310113, 9538, '2018-07-10 16:49:46', 1, NULL, '测试2:949310113', '环境温湿度2断线', '设备故障', '环境温湿度', 1, 949310150, 253, '广州市'),
	(134531, 949310113, 9537, '2018-07-10 16:49:46', 1, NULL, '测试2:949310113', '环境温湿度1断线', '设备故障', '环境温湿度', 1, 949310150, 253, '广州市'),
	(134532, 949310081, 9598, '2018-07-10 16:50:08', 0, NULL, '测试2', 'UPS连线正常', '设备故障', '单相UPS', 1, 949310150, 253, '广州市'),
	(134533, 949310113, 9545, '2018-07-10 16:56:35', 1, NULL, '测试设备2:949310113', '网络通讯断线', '设备故障', '环境温湿度', 1, 949310150, 253, '广州市'),
	(134534, 949310081, 9599, '2018-07-10 16:56:35', 1, NULL, '测试设备2:949310081', '网络通讯断线', '设备故障', '单相UPS', 1, 949310150, 253, '广州市'),
	(134535, 949310114, 9588, '2018-07-10 16:56:35', 1, NULL, '测试设备2:949310114', '网络通讯断线', '设备故障', '环境开关量', 1, 949310150, 253, '广州市'),
	(134536, 2147483521, 9599, '2018-07-10 18:29:40', 1, NULL, 'UPS-1U', '网络通讯断线', '设备故障', '单相UPS', 1, 2147483647, 255, '广州'),
	(134537, 2147483647, 9599, '2018-07-10 18:29:40', 1, NULL, 'UPS-1U:-1282148479', '网络通讯断线', '设备故障', '单相UPS', 1, -1282148377, 255, '广州'),
	(134538, 949310081, 9599, '2018-07-10 18:39:17', 0, NULL, '监控卡', '网络通讯正常', '设备故障', '单相UPS', 1, 949310150, 255, '广州'),
	(134539, 949310113, 9545, '2018-07-10 18:39:20', 0, NULL, '监控卡:949310113', '网络通讯正常', '设备故障', '环境温湿度', 1, 949310150, 255, '广州'),
	(134540, 949310114, 9588, '2018-07-10 18:39:20', 0, NULL, '监控卡:949310114', '网络通讯正常', '设备故障', '环境开关量', 1, 949310150, 255, '广州'),
	(134541, 2147483521, 9599, '2018-07-10 19:25:35', 1, NULL, 'UPS-1U', '网络通讯断线', '设备故障', '单相UPS', 1, 2147483647, 255, '广州'),
	(134542, 2147483521, 9599, '2018-07-10 19:26:58', 1, NULL, 'UPS-1U', '网络通讯断线', '设备故障', '单相UPS', 1, 2147483647, 255, '广州'),
	(134543, 2147483521, 9599, '2018-07-10 19:27:14', 1, NULL, 'UPS-1U', '网络通讯断线', '设备故障', '单相UPS', 1, 2147483647, 255, '广州'),
	(134544, 949310081, 9590, '2018-07-10 19:48:16', 1, NULL, '监控卡', 'UPS喇叭开', '设备故障', '单相UPS', 1, 949310150, 255, '广州'),
	(134545, 949310081, 9592, '2018-07-10 19:48:16', 1, NULL, '监控卡', 'UPS自检', '设备故障', '单相UPS', 1, 949310150, 255, '广州'),
	(134546, 949310081, 9593, '2018-07-10 19:48:16', 1, NULL, '监控卡', 'UPS故障', '设备故障', '单相UPS', 1, 949310150, 255, '广州'),
	(134547, 949310081, 9594, '2018-07-10 19:48:16', 1, NULL, '监控卡', 'UPS旁路', '设备故障', '单相UPS', 1, 949310150, 255, '广州'),
	(134548, 949310081, 9595, '2018-07-10 19:48:16', 1, NULL, '监控卡', 'UPS电池电压低', '设备故障', '单相UPS', 1, 949310150, 255, '广州'),
	(134549, 949310081, 9596, '2018-07-10 19:48:16', 1, NULL, '监控卡', 'UPS市电中断', '设备故障', '单相UPS', 1, 949310150, 255, '广州'),
	(134550, 949310113, 9537, '2018-07-10 19:48:17', 1, NULL, '监控卡:949310113', '环境温湿度1断线', '设备故障', '环境温湿度', 1, 949310150, 255, '广州'),
	(134551, 949310113, 9538, '2018-07-10 19:48:17', 1, NULL, '监控卡:949310113', '环境温湿度2断线', '设备故障', '环境温湿度', 1, 949310150, 255, '广州'),
	(134552, 949310081, 9599, '2018-07-10 20:05:10', 1, NULL, '监控卡', '网络通讯断线', '设备故障', '单相UPS', 1, 949310150, 255, '广州'),
	(134553, 949310113, 9545, '2018-07-10 20:05:10', 1, NULL, '监控卡:949310113', '网络通讯断线', '设备故障', '环境温湿度', 1, 949310150, 255, '广州'),
	(134554, 949310114, 9588, '2018-07-10 20:05:10', 1, NULL, '监控卡:949310114', '网络通讯断线', '设备故障', '环境开关量', 1, 949310150, 255, '广州'),
	(134555, 2147483521, 9599, '2018-07-10 20:05:16', 1, NULL, 'UPS-1U', '网络通讯断线', '设备故障', '单相UPS', 1, 2147483647, 255, '广州'),
	(134556, 949310081, 9590, '2018-07-10 20:05:16', 1, NULL, '监控卡', 'UPS喇叭开', '设备故障', '单相UPS', 1, 949310150, 255, '广州'),
	(134557, 949310081, 9592, '2018-07-10 20:05:16', 1, NULL, '监控卡', 'UPS自检', '设备故障', '单相UPS', 1, 949310150, 255, '广州'),
	(134558, 949310081, 9593, '2018-07-10 20:05:16', 1, NULL, '监控卡', 'UPS故障', '设备故障', '单相UPS', 1, 949310150, 255, '广州'),
	(134559, 949310081, 9594, '2018-07-10 20:05:16', 1, NULL, '监控卡', 'UPS旁路', '设备故障', '单相UPS', 1, 949310150, 255, '广州'),
	(134560, 949310081, 9595, '2018-07-10 20:05:16', 1, NULL, '监控卡', 'UPS电池电压低', '设备故障', '单相UPS', 1, 949310150, 255, '广州'),
	(134561, 949310081, 9596, '2018-07-10 20:05:16', 1, NULL, '监控卡', 'UPS市电中断', '设备故障', '单相UPS', 1, 949310150, 255, '广州'),
	(134562, 949310081, 9599, '2018-07-10 20:05:16', 1, NULL, '监控卡', '网络通讯断线', '设备故障', '单相UPS', 1, 949310150, 255, '广州'),
	(134563, 949310113, 9537, '2018-07-10 20:05:16', 1, NULL, '监控卡:949310113', '环境温湿度1断线', '设备故障', '环境温湿度', 1, 949310150, 255, '广州'),
	(134564, 949310113, 9538, '2018-07-10 20:05:16', 1, NULL, '监控卡:949310113', '环境温湿度2断线', '设备故障', '环境温湿度', 1, 949310150, 255, '广州'),
	(134565, 949310113, 9545, '2018-07-10 20:05:16', 1, NULL, '监控卡:949310113', '网络通讯断线', '设备故障', '环境温湿度', 1, 949310150, 255, '广州'),
	(134566, 949310114, 9588, '2018-07-10 20:05:16', 1, NULL, '监控卡:949310114', '网络通讯断线', '设备故障', '环境开关量', 1, 949310150, 255, '广州'),
	(134567, 949310081, 9590, '2018-07-10 20:14:36', 0, NULL, '监控卡', 'UPS喇叭的关', '设备故障', '单相UPS', 1, 949310150, 255, '广州'),
	(134568, 949310081, 9592, '2018-07-10 20:14:36', 0, NULL, '监控卡', 'UPS自检完成', '设备故障', '单相UPS', 1, 949310150, 255, '广州'),
	(134569, 949310081, 9593, '2018-07-10 20:14:36', 0, NULL, '监控卡', 'UPS故障取消', '设备故障', '单相UPS', 1, 949310150, 255, '广州'),
	(134570, 949310081, 9594, '2018-07-10 20:14:36', 0, NULL, '监控卡', 'UPS旁路取消', '设备故障', '单相UPS', 1, 949310150, 255, '广州'),
	(134571, 949310081, 9595, '2018-07-10 20:14:36', 0, NULL, '监控卡', 'UPS电池电压正常', '设备故障', '单相UPS', 1, 949310150, 255, '广州'),
	(134572, 949310081, 9596, '2018-07-10 20:14:36', 0, NULL, '监控卡', 'UPS市电正常', '设备故障', '单相UPS', 1, 949310150, 255, '广州'),
	(134573, 949310113, 9537, '2018-07-10 20:14:36', 0, NULL, '监控卡:949310113', '环境温湿度1连接正常', '设备故障', '环境温湿度', 1, 949310150, 255, '广州'),
	(134574, 949310113, 9538, '2018-07-10 20:14:36', 0, NULL, '监控卡:949310113', '环境温湿度2连接正常', '设备故障', '环境温湿度', 1, 949310150, 255, '广州'),
	(134575, 865335169, 9596, '2018-07-10 20:17:32', 1, NULL, '5555', 'UPS市电中断', '设备故障', '单相UPS', 1, 865335271, 255, '广州'),
	(134576, 865335169, 9595, '2018-07-10 20:17:32', 1, NULL, '5555', 'UPS电池电压低', '设备故障', '单相UPS', 1, 865335271, 255, '广州'),
	(134577, 865335169, 9594, '2018-07-10 20:17:32', 1, NULL, '5555', 'UPS旁路', '设备故障', '单相UPS', 1, 865335271, 255, '广州'),
	(134578, 865335169, 9593, '2018-07-10 20:17:32', 1, NULL, '5555', 'UPS故障', '设备故障', '单相UPS', 1, 865335271, 255, '广州'),
	(134579, 865335169, 9592, '2018-07-10 20:17:32', 1, NULL, '5555', 'UPS自检', '设备故障', '单相UPS', 1, 865335271, 255, '广州'),
	(134580, 865335169, 9590, '2018-07-10 20:17:32', 1, NULL, '5555', 'UPS喇叭开', '设备故障', '单相UPS', 1, 865335271, 255, '广州'),
	(134581, 865335169, 9598, '2018-07-10 20:18:27', 1, NULL, '5555', 'UPS断线', '设备故障', '单相UPS', 1, 865335271, 255, '广州'),
	(134582, 865335169, 9598, '2018-07-10 20:18:36', 0, NULL, '5555', 'UPS连线正常', '设备故障', '单相UPS', 1, 865335271, 255, '广州'),
	(134583, 865335169, 9598, '2018-07-10 20:18:44', 1, NULL, '5555', 'UPS断线', '设备故障', '单相UPS', 1, 865335271, 255, '广州'),
	(134584, 865335169, 9598, '2018-07-10 20:18:46', 0, NULL, '5555', 'UPS连线正常', '设备故障', '单相UPS', 1, 865335271, 255, '广州'),
	(134585, 865335169, 9598, '2018-07-10 20:18:54', 1, NULL, '5555', 'UPS断线', '设备故障', '单相UPS', 1, 865335271, 255, '广州'),
	(134586, 865335169, 9598, '2018-07-10 20:18:57', 0, NULL, '5555', 'UPS连线正常', '设备故障', '单相UPS', 1, 865335271, 255, '广州'),
	(134587, 865335169, 9598, '2018-07-10 20:19:04', 1, NULL, '5555', 'UPS断线', '设备故障', '单相UPS', 1, 865335271, 255, '广州'),
	(134588, 865335169, 9598, '2018-07-10 20:19:07', 0, NULL, '5555', 'UPS连线正常', '设备故障', '单相UPS', 1, 865335271, 255, '广州'),
	(134589, 865335169, 9598, '2018-07-10 20:19:15', 1, NULL, '5555', 'UPS断线', '设备故障', '单相UPS', 1, 865335271, 255, '广州'),
	(134590, 865335169, 9598, '2018-07-10 20:19:17', 0, NULL, '5555', 'UPS连线正常', '设备故障', '单相UPS', 1, 865335271, 255, '广州'),
	(134591, 865335169, 9598, '2018-07-10 20:19:25', 1, NULL, '5555', 'UPS断线', '设备故障', '单相UPS', 1, 865335271, 255, '广州'),
	(134592, 865335169, 9598, '2018-07-10 20:19:27', 0, NULL, '5555', 'UPS连线正常', '设备故障', '单相UPS', 1, 865335271, 255, '广州'),
	(134593, 865335169, 9598, '2018-07-10 20:19:35', 1, NULL, '5555', 'UPS断线', '设备故障', '单相UPS', 1, 865335271, 255, '广州'),
	(134594, 865335169, 9598, '2018-07-10 20:19:38', 0, NULL, '5555', 'UPS连线正常', '设备故障', '单相UPS', 1, 865335271, 255, '广州'),
	(134595, 865335169, 9598, '2018-07-10 20:19:45', 1, NULL, '5555', 'UPS断线', '设备故障', '单相UPS', 1, 865335271, 255, '广州'),
	(134596, 865335169, 9598, '2018-07-10 20:19:48', 0, NULL, '5555', 'UPS连线正常', '设备故障', '单相UPS', 1, 865335271, 255, '广州'),
	(134597, 865335169, 9598, '2018-07-10 20:19:56', 1, NULL, '5555', 'UPS断线', '设备故障', '单相UPS', 1, 865335271, 255, '广州'),
	(134598, 865335169, 9598, '2018-07-10 20:19:58', 0, NULL, '5555', 'UPS连线正常', '设备故障', '单相UPS', 1, 865335271, 255, '广州'),
	(134599, 865335169, 9598, '2018-07-10 20:20:06', 1, NULL, '5555', 'UPS断线', '设备故障', '单相UPS', 1, 865335271, 255, '广州'),
	(134600, 865335169, 9598, '2018-07-10 20:20:08', 0, NULL, '5555', 'UPS连线正常', '设备故障', '单相UPS', 1, 865335271, 255, '广州'),
	(134601, 865335169, 9598, '2018-07-10 20:20:16', 1, NULL, '5555', 'UPS断线', '设备故障', '单相UPS', 1, 865335271, 255, '广州'),
	(134602, 865335169, 9598, '2018-07-10 20:20:18', 0, NULL, '5555', 'UPS连线正常', '设备故障', '单相UPS', 1, 865335271, 255, '广州'),
	(134603, 865335169, 9598, '2018-07-10 20:20:26', 1, NULL, '5555', 'UPS断线', '设备故障', '单相UPS', 1, 865335271, 255, '广州'),
	(134604, 865335169, 9598, '2018-07-10 20:20:29', 0, NULL, '5555', 'UPS连线正常', '设备故障', '单相UPS', 1, 865335271, 255, '广州'),
	(134605, 865335169, 9598, '2018-07-10 20:20:36', 1, NULL, '5555', 'UPS断线', '设备故障', '单相UPS', 1, 865335271, 255, '广州'),
	(134606, 865335169, 9598, '2018-07-10 20:20:39', 0, NULL, '5555', 'UPS连线正常', '设备故障', '单相UPS', 1, 865335271, 255, '广州'),
	(134607, 865335169, 9598, '2018-07-10 20:20:47', 1, NULL, '5555', 'UPS断线', '设备故障', '单相UPS', 1, 865335271, 255, '广州'),
	(134608, 865335169, 9598, '2018-07-10 20:20:49', 0, NULL, '5555', 'UPS连线正常', '设备故障', '单相UPS', 1, 865335271, 255, '广州'),
	(134609, 865335169, 9598, '2018-07-10 20:20:57', 1, NULL, '5555', 'UPS断线', '设备故障', '单相UPS', 1, 865335271, 255, '广州'),
	(134610, 865335169, 9598, '2018-07-10 20:20:59', 0, NULL, '5555', 'UPS连线正常', '设备故障', '单相UPS', 1, 865335271, 255, '广州'),
	(134611, 865335169, 9598, '2018-07-10 20:21:07', 1, NULL, '5555', 'UPS断线', '设备故障', '单相UPS', 1, 865335271, 255, '广州'),
	(134612, 865335169, 9598, '2018-07-10 20:21:09', 0, NULL, '5555', 'UPS连线正常', '设备故障', '单相UPS', 1, 865335271, 255, '广州'),
	(134613, 865335169, 9598, '2018-07-10 20:21:17', 1, NULL, '5555', 'UPS断线', '设备故障', '单相UPS', 1, 865335271, 255, '广州'),
	(134614, 865335169, 9598, '2018-07-10 20:21:20', 0, NULL, '5555', 'UPS连线正常', '设备故障', '单相UPS', 1, 865335271, 255, '广州'),
	(134615, 865335169, 9598, '2018-07-10 20:21:27', 1, NULL, '5555', 'UPS断线', '设备故障', '单相UPS', 1, 865335271, 255, '广州'),
	(134616, 865335169, 9598, '2018-07-10 20:21:30', 0, NULL, '5555', 'UPS连线正常', '设备故障', '单相UPS', 1, 865335271, 255, '广州'),
	(134617, 865335169, 9598, '2018-07-10 20:21:38', 1, NULL, '5555', 'UPS断线', '设备故障', '单相UPS', 1, 865335271, 255, '广州'),
	(134618, 865335169, 9598, '2018-07-10 20:21:40', 0, NULL, '5555', 'UPS连线正常', '设备故障', '单相UPS', 1, 865335271, 255, '广州'),
	(134619, 865335169, 9598, '2018-07-10 20:21:48', 1, NULL, '5555', 'UPS断线', '设备故障', '单相UPS', 1, 865335271, 255, '广州'),
	(134620, 865335169, 9598, '2018-07-10 20:21:50', 0, NULL, '5555', 'UPS连线正常', '设备故障', '单相UPS', 1, 865335271, 255, '广州'),
	(134621, 865335169, 9598, '2018-07-10 20:21:58', 1, NULL, '5555', 'UPS断线', '设备故障', '单相UPS', 1, 865335271, 255, '广州'),
	(134622, 865335169, 9598, '2018-07-10 20:22:00', 0, NULL, '5555', 'UPS连线正常', '设备故障', '单相UPS', 1, 865335271, 255, '广州'),
	(134623, 865335169, 9598, '2018-07-10 20:22:08', 1, NULL, '5555', 'UPS断线', '设备故障', '单相UPS', 1, 865335271, 255, '广州'),
	(134624, 865335169, 9598, '2018-07-10 20:22:11', 0, NULL, '5555', 'UPS连线正常', '设备故障', '单相UPS', 1, 865335271, 255, '广州'),
	(134625, 865335169, 9598, '2018-07-10 20:22:18', 1, NULL, '5555', 'UPS断线', '设备故障', '单相UPS', 1, 865335271, 255, '广州'),
	(134626, 865335169, 9598, '2018-07-10 20:22:21', 0, NULL, '5555', 'UPS连线正常', '设备故障', '单相UPS', 1, 865335271, 255, '广州'),
	(134627, 865335169, 9598, '2018-07-10 20:22:29', 1, NULL, '5555', 'UPS断线', '设备故障', '单相UPS', 1, 865335271, 255, '广州'),
	(134628, 865335169, 9598, '2018-07-10 20:22:31', 0, NULL, '5555', 'UPS连线正常', '设备故障', '单相UPS', 1, 865335271, 255, '广州'),
	(134629, 865335169, 9598, '2018-07-10 20:22:39', 1, NULL, '5555', 'UPS断线', '设备故障', '单相UPS', 1, 865335271, 255, '广州'),
	(134630, 865335169, 9598, '2018-07-10 20:22:41', 0, NULL, '5555', 'UPS连线正常', '设备故障', '单相UPS', 1, 865335271, 255, '广州'),
	(134631, 865335169, 9598, '2018-07-10 20:22:49', 1, NULL, '5555', 'UPS断线', '设备故障', '单相UPS', 1, 865335271, 255, '广州'),
	(134632, 865335169, 9598, '2018-07-10 20:22:51', 0, NULL, '5555', 'UPS连线正常', '设备故障', '单相UPS', 1, 865335271, 255, '广州'),
	(134633, 865335169, 9598, '2018-07-10 20:22:59', 1, NULL, '5555', 'UPS断线', '设备故障', '单相UPS', 1, 865335271, 255, '广州'),
	(134634, 865335169, 9598, '2018-07-10 20:23:02', 0, NULL, '5555', 'UPS连线正常', '设备故障', '单相UPS', 1, 865335271, 255, '广州'),
	(134635, 865335169, 9598, '2018-07-10 20:23:09', 1, NULL, '5555', 'UPS断线', '设备故障', '单相UPS', 1, 865335271, 255, '广州'),
	(134636, 865335169, 9598, '2018-07-10 20:23:12', 0, NULL, '5555', 'UPS连线正常', '设备故障', '单相UPS', 1, 865335271, 255, '广州'),
	(134637, 865335169, 9598, '2018-07-10 20:23:20', 1, NULL, '5555', 'UPS断线', '设备故障', '单相UPS', 1, 865335271, 255, '广州'),
	(134638, 865335169, 9598, '2018-07-10 20:23:22', 0, NULL, '5555', 'UPS连线正常', '设备故障', '单相UPS', 1, 865335271, 255, '广州'),
	(134639, 865335169, 9598, '2018-07-10 20:23:30', 1, NULL, '5555', 'UPS断线', '设备故障', '单相UPS', 1, 865335271, 255, '广州'),
	(134640, 865335169, 9598, '2018-07-10 20:23:32', 0, NULL, '5555', 'UPS连线正常', '设备故障', '单相UPS', 1, 865335271, 255, '广州'),
	(134641, 865335169, 9598, '2018-07-10 20:23:40', 1, NULL, '5555', 'UPS断线', '设备故障', '单相UPS', 1, 865335271, 255, '广州'),
	(134642, 865335169, 9598, '2018-07-10 20:23:42', 0, NULL, '5555', 'UPS连线正常', '设备故障', '单相UPS', 1, 865335271, 255, '广州'),
	(134643, 865335169, 9598, '2018-07-10 20:23:50', 1, NULL, '5555', 'UPS断线', '设备故障', '单相UPS', 1, 865335271, 255, '广州'),
	(134644, 865335169, 9598, '2018-07-10 20:23:53', 0, NULL, '5555', 'UPS连线正常', '设备故障', '单相UPS', 1, 865335271, 255, '广州'),
	(134645, 865335169, 9598, '2018-07-10 20:24:00', 1, NULL, '5555', 'UPS断线', '设备故障', '单相UPS', 1, 865335271, 255, '广州'),
	(134646, 865335169, 9598, '2018-07-10 20:24:03', 0, NULL, '5555', 'UPS连线正常', '设备故障', '单相UPS', 1, 865335271, 255, '广州'),
	(134647, 865335169, 9598, '2018-07-10 20:24:11', 1, NULL, '5555', 'UPS断线', '设备故障', '单相UPS', 1, 865335271, 255, '广州'),
	(134648, 865335169, 9598, '2018-07-10 20:24:13', 0, NULL, '5555', 'UPS连线正常', '设备故障', '单相UPS', 1, 865335271, 255, '广州'),
	(134649, 865335169, 9598, '2018-07-10 20:24:21', 1, NULL, '5555', 'UPS断线', '设备故障', '单相UPS', 1, 865335271, 255, '广州'),
	(134650, 865335169, 9598, '2018-07-10 20:24:23', 0, NULL, '5555', 'UPS连线正常', '设备故障', '单相UPS', 1, 865335271, 255, '广州'),
	(134651, 865335169, 9598, '2018-07-10 20:24:31', 1, NULL, '5555', 'UPS断线', '设备故障', '单相UPS', 1, 865335271, 255, '广州'),
	(134652, 865335169, 9598, '2018-07-10 20:24:34', 0, NULL, '5555', 'UPS连线正常', '设备故障', '单相UPS', 1, 865335271, 255, '广州'),
	(134653, 865335169, 9598, '2018-07-10 20:24:41', 1, NULL, '5555', 'UPS断线', '设备故障', '单相UPS', 1, 865335271, 255, '广州'),
	(134654, 865335169, 9598, '2018-07-10 20:24:44', 0, NULL, '5555', 'UPS连线正常', '设备故障', '单相UPS', 1, 865335271, 255, '广州'),
	(134655, 865335169, 9598, '2018-07-10 20:24:52', 1, NULL, '5555', 'UPS断线', '设备故障', '单相UPS', 1, 865335271, 255, '广州'),
	(134656, 865335169, 9598, '2018-07-10 20:24:54', 0, NULL, '5555', 'UPS连线正常', '设备故障', '单相UPS', 1, 865335271, 255, '广州'),
	(134657, 865335169, 9598, '2018-07-10 20:25:02', 1, NULL, '5555', 'UPS断线', '设备故障', '单相UPS', 1, 865335271, 255, '广州'),
	(134658, 865335169, 9598, '2018-07-10 20:25:04', 0, NULL, '5555', 'UPS连线正常', '设备故障', '单相UPS', 1, 865335271, 255, '广州'),
	(134659, 865335169, 9598, '2018-07-10 20:25:12', 1, NULL, '5555', 'UPS断线', '设备故障', '单相UPS', 1, 865335271, 255, '广州'),
	(134660, 865335169, 9598, '2018-07-10 20:25:14', 0, NULL, '5555', 'UPS连线正常', '设备故障', '单相UPS', 1, 865335271, 255, '广州'),
	(134661, 865335169, 9598, '2018-07-10 20:25:22', 1, NULL, '5555', 'UPS断线', '设备故障', '单相UPS', 1, 865335271, 255, '广州'),
	(134662, 865335169, 9598, '2018-07-10 20:25:25', 0, NULL, '5555', 'UPS连线正常', '设备故障', '单相UPS', 1, 865335271, 255, '广州'),
	(134663, 865335169, 9598, '2018-07-10 20:25:32', 1, NULL, '5555', 'UPS断线', '设备故障', '单相UPS', 1, 865335271, 255, '广州'),
	(134664, 865335169, 9598, '2018-07-10 20:25:35', 0, NULL, '5555', 'UPS连线正常', '设备故障', '单相UPS', 1, 865335271, 255, '广州'),
	(134665, 865335169, 9598, '2018-07-10 20:25:43', 1, NULL, '5555', 'UPS断线', '设备故障', '单相UPS', 1, 865335271, 255, '广州'),
	(134666, 865335169, 9598, '2018-07-10 20:25:45', 0, NULL, '5555', 'UPS连线正常', '设备故障', '单相UPS', 1, 865335271, 255, '广州'),
	(134667, 865335169, 9598, '2018-07-10 20:25:53', 1, NULL, '5555', 'UPS断线', '设备故障', '单相UPS', 1, 865335271, 255, '广州'),
	(134668, 865335169, 9598, '2018-07-10 20:25:55', 0, NULL, '5555', 'UPS连线正常', '设备故障', '单相UPS', 1, 865335271, 255, '广州'),
	(134669, 865335169, 9598, '2018-07-10 20:26:03', 1, NULL, '5555', 'UPS断线', '设备故障', '单相UPS', 1, 865335271, 255, '广州'),
	(134670, 865335169, 9598, '2018-07-10 20:26:05', 0, NULL, '5555', 'UPS连线正常', '设备故障', '单相UPS', 1, 865335271, 255, '广州'),
	(134671, 865335169, 9598, '2018-07-10 20:26:13', 1, NULL, '5555', 'UPS断线', '设备故障', '单相UPS', 1, 865335271, 255, '广州'),
	(134672, 865335169, 9598, '2018-07-10 20:26:16', 0, NULL, '5555', 'UPS连线正常', '设备故障', '单相UPS', 1, 865335271, 255, '广州'),
	(134673, 865335169, 9598, '2018-07-10 20:26:33', 1, NULL, '5555', 'UPS断线', '设备故障', '单相UPS', 1, 865335271, 255, '广州'),
	(134674, 865335209, 9537, '2018-07-10 20:44:01', 1, NULL, '1U设备:865335209', '环境温湿度1断线', '设备故障', '环境温湿度', 1, 865335271, 255, '广州'),
	(134675, 865335209, 9538, '2018-07-10 20:44:01', 1, NULL, '1U设备:865335209', '环境温湿度2断线', '设备故障', '环境温湿度', 1, 865335271, 255, '广州'),
	(134676, 865335209, 9539, '2018-07-10 20:44:01', 1, NULL, '1U设备:865335209', '环境温湿度3断线', '设备故障', '环境温湿度', 1, 865335271, 255, '广州'),
	(134677, 865335169, 9598, '2018-07-10 20:51:40', 0, NULL, '1U设备', 'UPS连线正常', '设备故障', '单相UPS', 1, 865335271, 255, '广州'),
	(134678, 865335171, 9598, '2018-07-10 20:51:50', 1, NULL, '1U设备:865335171', 'UPS断线', '设备故障', '单相UPS', 1, 865335271, 255, '广州'),
	(134679, 865335171, 9598, '2018-07-10 20:53:49', 0, NULL, '1U设备:865335171', 'UPS连线正常', '设备故障', '单相UPS', 1, 865335271, 255, '广州'),
	(134680, 865335171, 9590, '2018-07-10 20:53:49', 1, NULL, '1U设备:865335171', 'UPS喇叭开', '设备故障', '单相UPS', 1, 865335271, 255, '广州'),
	(134681, 865335171, 9592, '2018-07-10 20:53:49', 1, NULL, '1U设备:865335171', 'UPS自检', '设备故障', '单相UPS', 1, 865335271, 255, '广州'),
	(134682, 865335171, 9593, '2018-07-10 20:53:49', 1, NULL, '1U设备:865335171', 'UPS故障', '设备故障', '单相UPS', 1, 865335271, 255, '广州'),
	(134683, 865335171, 9594, '2018-07-10 20:53:49', 1, NULL, '1U设备:865335171', 'UPS旁路', '设备故障', '单相UPS', 1, 865335271, 255, '广州'),
	(134684, 865335171, 9595, '2018-07-10 20:53:49', 1, NULL, '1U设备:865335171', 'UPS电池电压低', '设备故障', '单相UPS', 1, 865335271, 255, '广州'),
	(134685, 865335171, 9596, '2018-07-10 20:53:49', 1, NULL, '1U设备:865335171', 'UPS市电中断', '设备故障', '单相UPS', 1, 865335271, 255, '广州'),
	(134686, 865335169, 9598, '2018-07-10 20:54:05', 1, NULL, '1U设备', 'UPS断线', '设备故障', '单相UPS', 1, 865335271, 255, '广州'),
	(134687, 854475681, 9538, '2018-07-10 21:01:01', 1, NULL, '监控卡:854475681', '环境温湿度2断线', '设备故障', '环境温湿度', 1, 854475727, 255, '广州'),
	(134688, 854475681, 9539, '2018-07-10 21:01:01', 1, NULL, '监控卡:854475681', '环境温湿度3断线', '设备故障', '环境温湿度', 1, 854475727, 255, '广州'),
	(134689, 854475681, 9540, '2018-07-10 21:01:02', 1, NULL, '监控卡:854475681', '环境温湿度4断线', '设备故障', '环境温湿度', 1, 854475727, 255, '广州'),
	(134690, 854475681, 9541, '2018-07-10 21:01:04', 1, NULL, '监控卡:854475681', '环境温湿度5断线', '设备故障', '环境温湿度', 1, 854475727, 255, '广州'),
	(134691, 854475681, 9542, '2018-07-10 21:01:05', 1, NULL, '监控卡:854475681', '环境温湿度6断线', '设备故障', '环境温湿度', 1, 854475727, 255, '广州'),
	(134692, 854475681, 9537, '2018-07-10 21:01:07', 1, NULL, '监控卡:854475681', '环境温湿度1断线', '设备故障', '环境温湿度', 1, 854475727, 255, '广州'),
	(134693, 854475649, 9598, '2018-07-10 21:30:45', 1, NULL, '监控卡', 'UPS断线', '设备故障', '单相UPS', 1, 854475727, 255, '广州'),
	(134694, 854475682, 9572, '2018-07-10 21:57:13', 1, NULL, '监控卡:854475682', '开关量1异常', '设备故障', '环境开关量', 1, 854475727, 255, '广州'),
	(134695, 854475682, 9573, '2018-07-10 21:57:13', 1, NULL, '监控卡:854475682', '开关量2异常', '设备故障', '环境开关量', 1, 854475727, 255, '广州'),
	(134696, 854475682, 9574, '2018-07-10 21:57:13', 1, NULL, '监控卡:854475682', '开关量3异常', '设备故障', '环境开关量', 1, 854475727, 255, '广州'),
	(134697, 854475682, 9575, '2018-07-10 21:57:13', 1, NULL, '监控卡:854475682', '开关量4异常', '设备故障', '环境开关量', 1, 854475727, 255, '广州'),
	(134698, 854475681, 9537, '2018-07-10 21:57:16', 0, NULL, '监控卡:854475681', '环境温湿度1连接正常', '设备故障', '环境温湿度', 1, 854475727, 255, '广州'),
	(134699, 854475681, 9538, '2018-07-10 22:02:10', 0, NULL, '监控卡:854475681', '环境温湿度2连接正常', '设备故障', '环境温湿度', 1, 854475727, 255, '广州'),
	(134700, 854475681, 9539, '2018-07-10 22:02:10', 0, NULL, '监控卡:854475681', '环境温湿度3连接正常', '设备故障', '环境温湿度', 1, 854475727, 255, '广州'),
	(134701, 854475681, 9540, '2018-07-10 22:02:10', 0, NULL, '监控卡:854475681', '环境温湿度4连接正常', '设备故障', '环境温湿度', 1, 854475727, 255, '广州'),
	(134702, 854475681, 9541, '2018-07-10 22:02:10', 0, NULL, '监控卡:854475681', '环境温湿度5连接正常', '设备故障', '环境温湿度', 1, 854475727, 255, '广州'),
	(134703, 854475649, 9598, '2018-07-10 22:02:10', 0, NULL, '监控卡', 'UPS连线正常', '设备故障', '单相UPS', 1, 854475727, 255, '广州'),
	(134704, 854475681, 9542, '2018-07-10 22:02:13', 0, NULL, '监控卡:854475681', '环境温湿度6连接正常', '设备故障', '环境温湿度', 1, 854475727, 255, '广州'),
	(134705, 854475649, 9598, '2018-07-10 22:02:28', 1, NULL, '监控卡', 'UPS断线', '设备故障', '单相UPS', 1, 854475727, 255, '广州'),
	(134706, 854475681, 9538, '2018-07-10 22:04:46', 1, NULL, '监控卡:854475681', '环境温湿度2断线', '设备故障', '环境温湿度', 1, 854475727, 255, '广州'),
	(134707, 854475681, 9539, '2018-07-10 22:04:48', 1, NULL, '监控卡:854475681', '环境温湿度3断线', '设备故障', '环境温湿度', 1, 854475727, 255, '广州'),
	(134708, 854475681, 9540, '2018-07-10 22:04:49', 1, NULL, '监控卡:854475681', '环境温湿度4断线', '设备故障', '环境温湿度', 1, 854475727, 255, '广州'),
	(134709, 854475681, 9542, '2018-07-10 22:04:51', 1, NULL, '监控卡:854475681', '环境温湿度6断线', '设备故障', '环境温湿度', 1, 854475727, 255, '广州'),
	(134710, 854475681, 9541, '2018-07-10 22:04:51', 1, NULL, '监控卡:854475681', '环境温湿度5断线', '设备故障', '环境温湿度', 1, 854475727, 255, '广州'),
	(134711, 865335169, 9590, '2018-07-10 23:39:31', 1, NULL, '1U设备', 'UPS喇叭开', '设备故障', '单相UPS', 1, 865335271, 255, '广州'),
	(134712, 865335169, 9592, '2018-07-10 23:39:31', 1, NULL, '1U设备', 'UPS自检', '设备故障', '单相UPS', 1, 865335271, 255, '广州'),
	(134713, 865335169, 9593, '2018-07-10 23:39:31', 1, NULL, '1U设备', 'UPS故障', '设备故障', '单相UPS', 1, 865335271, 255, '广州'),
	(134714, 865335169, 9594, '2018-07-10 23:39:31', 1, NULL, '1U设备', 'UPS旁路', '设备故障', '单相UPS', 1, 865335271, 255, '广州'),
	(134715, 865335169, 9595, '2018-07-10 23:39:31', 1, NULL, '1U设备', 'UPS电池电压低', '设备故障', '单相UPS', 1, 865335271, 255, '广州'),
	(134716, 865335169, 9596, '2018-07-10 23:39:31', 1, NULL, '1U设备', 'UPS市电中断', '设备故障', '单相UPS', 1, 865335271, 255, '广州'),
	(134717, 865335169, 9598, '2018-07-10 23:39:31', 1, NULL, '1U设备', 'UPS断线', '设备故障', '单相UPS', 1, 865335271, 255, '广州'),
	(134718, 865335171, 9590, '2018-07-10 23:39:31', 1, NULL, '1U设备:865335171', 'UPS喇叭开', '设备故障', '单相UPS', 1, 865335271, 255, '广州'),
	(134719, 865335171, 9592, '2018-07-10 23:39:31', 1, NULL, '1U设备:865335171', 'UPS自检', '设备故障', '单相UPS', 1, 865335271, 255, '广州'),
	(134720, 865335171, 9593, '2018-07-10 23:39:31', 1, NULL, '1U设备:865335171', 'UPS故障', '设备故障', '单相UPS', 1, 865335271, 255, '广州'),
	(134721, 865335171, 9594, '2018-07-10 23:39:31', 1, NULL, '1U设备:865335171', 'UPS旁路', '设备故障', '单相UPS', 1, 865335271, 255, '广州'),
	(134722, 865335171, 9595, '2018-07-10 23:39:31', 1, NULL, '1U设备:865335171', 'UPS电池电压低', '设备故障', '单相UPS', 1, 865335271, 255, '广州'),
	(134723, 865335171, 9596, '2018-07-10 23:39:31', 1, NULL, '1U设备:865335171', 'UPS市电中断', '设备故障', '单相UPS', 1, 865335271, 255, '广州'),
	(134724, 865335209, 9537, '2018-07-10 23:39:31', 1, NULL, '1U设备:865335209', '环境温湿度1断线', '设备故障', '环境温湿度', 1, 865335271, 255, '广州'),
	(134725, 865335209, 9538, '2018-07-10 23:39:31', 1, NULL, '1U设备:865335209', '环境温湿度2断线', '设备故障', '环境温湿度', 1, 865335271, 255, '广州'),
	(134726, 865335209, 9539, '2018-07-10 23:39:31', 1, NULL, '1U设备:865335209', '环境温湿度3断线', '设备故障', '环境温湿度', 1, 865335271, 255, '广州'),
	(134727, 854475649, 9598, '2018-07-10 23:39:37', 1, NULL, '监控卡', 'UPS断线', '设备故障', '单相UPS', 1, 854475727, 255, '广州'),
	(134728, 854475681, 9538, '2018-07-10 23:39:37', 1, NULL, '监控卡:854475681', '环境温湿度2断线', '设备故障', '环境温湿度', 1, 854475727, 255, '广州'),
	(134729, 854475681, 9539, '2018-07-10 23:39:37', 1, NULL, '监控卡:854475681', '环境温湿度3断线', '设备故障', '环境温湿度', 1, 854475727, 255, '广州'),
	(134730, 854475681, 9540, '2018-07-10 23:39:37', 1, NULL, '监控卡:854475681', '环境温湿度4断线', '设备故障', '环境温湿度', 1, 854475727, 255, '广州'),
	(134731, 854475681, 9541, '2018-07-10 23:39:37', 1, NULL, '监控卡:854475681', '环境温湿度5断线', '设备故障', '环境温湿度', 1, 854475727, 255, '广州'),
	(134732, 854475681, 9542, '2018-07-10 23:39:37', 1, NULL, '监控卡:854475681', '环境温湿度6断线', '设备故障', '环境温湿度', 1, 854475727, 255, '广州'),
	(134733, 854475682, 9572, '2018-07-10 23:39:37', 1, NULL, '监控卡:854475682', '开关量1异常', '设备故障', '环境开关量', 1, 854475727, 255, '广州'),
	(134734, 854475682, 9573, '2018-07-10 23:39:37', 1, NULL, '监控卡:854475682', '开关量2异常', '设备故障', '环境开关量', 1, 854475727, 255, '广州'),
	(134735, 854475682, 9574, '2018-07-10 23:39:37', 1, NULL, '监控卡:854475682', '开关量3异常', '设备故障', '环境开关量', 1, 854475727, 255, '广州'),
	(134736, 854475682, 9575, '2018-07-10 23:39:37', 1, NULL, '监控卡:854475682', '开关量4异常', '设备故障', '环境开关量', 1, 854475727, 255, '广州'),
	(134737, 854475649, 9598, '2018-07-11 00:17:57', 1, NULL, '监控卡', 'UPS断线', '设备故障', '单相UPS', 1, 854475727, 255, '广州'),
	(134738, 854475681, 9538, '2018-07-11 00:17:57', 1, NULL, '监控卡:854475681', '环境温湿度2断线', '设备故障', '环境温湿度', 1, 854475727, 255, '广州'),
	(134739, 854475681, 9539, '2018-07-11 00:17:57', 1, NULL, '监控卡:854475681', '环境温湿度3断线', '设备故障', '环境温湿度', 1, 854475727, 255, '广州'),
	(134740, 854475681, 9540, '2018-07-11 00:17:57', 1, NULL, '监控卡:854475681', '环境温湿度4断线', '设备故障', '环境温湿度', 1, 854475727, 255, '广州'),
	(134741, 854475681, 9541, '2018-07-11 00:17:57', 1, NULL, '监控卡:854475681', '环境温湿度5断线', '设备故障', '环境温湿度', 1, 854475727, 255, '广州'),
	(134742, 854475681, 9542, '2018-07-11 00:17:57', 1, NULL, '监控卡:854475681', '环境温湿度6断线', '设备故障', '环境温湿度', 1, 854475727, 255, '广州'),
	(134743, 854475682, 9572, '2018-07-11 00:17:57', 1, NULL, '监控卡:854475682', '开关量1异常', '设备故障', '环境开关量', 1, 854475727, 255, '广州'),
	(134744, 854475682, 9573, '2018-07-11 00:17:57', 1, NULL, '监控卡:854475682', '开关量2异常', '设备故障', '环境开关量', 1, 854475727, 255, '广州'),
	(134745, 854475682, 9574, '2018-07-11 00:17:57', 1, NULL, '监控卡:854475682', '开关量3异常', '设备故障', '环境开关量', 1, 854475727, 255, '广州'),
	(134746, 854475682, 9575, '2018-07-11 00:17:57', 1, NULL, '监控卡:854475682', '开关量4异常', '设备故障', '环境开关量', 1, 854475727, 255, '广州'),
	(134747, 865335169, 9590, '2018-07-11 00:18:04', 1, NULL, '1U设备', 'UPS喇叭开', '设备故障', '单相UPS', 1, 865335271, 255, '广州'),
	(134748, 865335169, 9592, '2018-07-11 00:18:04', 1, NULL, '1U设备', 'UPS自检', '设备故障', '单相UPS', 1, 865335271, 255, '广州'),
	(134749, 865335169, 9593, '2018-07-11 00:18:04', 1, NULL, '1U设备', 'UPS故障', '设备故障', '单相UPS', 1, 865335271, 255, '广州'),
	(134750, 865335169, 9594, '2018-07-11 00:18:04', 1, NULL, '1U设备', 'UPS旁路', '设备故障', '单相UPS', 1, 865335271, 255, '广州'),
	(134751, 865335169, 9595, '2018-07-11 00:18:04', 1, NULL, '1U设备', 'UPS电池电压低', '设备故障', '单相UPS', 1, 865335271, 255, '广州'),
	(134752, 865335169, 9596, '2018-07-11 00:18:04', 1, NULL, '1U设备', 'UPS市电中断', '设备故障', '单相UPS', 1, 865335271, 255, '广州'),
	(134753, 865335169, 9598, '2018-07-11 00:18:04', 1, NULL, '1U设备', 'UPS断线', '设备故障', '单相UPS', 1, 865335271, 255, '广州'),
	(134754, 865335171, 9590, '2018-07-11 00:18:04', 1, NULL, '1U设备:865335171', 'UPS喇叭开', '设备故障', '单相UPS', 1, 865335271, 255, '广州'),
	(134755, 865335171, 9592, '2018-07-11 00:18:04', 1, NULL, '1U设备:865335171', 'UPS自检', '设备故障', '单相UPS', 1, 865335271, 255, '广州'),
	(134756, 865335171, 9593, '2018-07-11 00:18:04', 1, NULL, '1U设备:865335171', 'UPS故障', '设备故障', '单相UPS', 1, 865335271, 255, '广州'),
	(134757, 865335171, 9594, '2018-07-11 00:18:04', 1, NULL, '1U设备:865335171', 'UPS旁路', '设备故障', '单相UPS', 1, 865335271, 255, '广州'),
	(134758, 865335171, 9595, '2018-07-11 00:18:04', 1, NULL, '1U设备:865335171', 'UPS电池电压低', '设备故障', '单相UPS', 1, 865335271, 255, '广州'),
	(134759, 865335171, 9596, '2018-07-11 00:18:04', 1, NULL, '1U设备:865335171', 'UPS市电中断', '设备故障', '单相UPS', 1, 865335271, 255, '广州'),
	(134760, 865335209, 9537, '2018-07-11 00:18:04', 1, NULL, '1U设备:865335209', '环境温湿度1断线', '设备故障', '环境温湿度', 1, 865335271, 255, '广州'),
	(134761, 865335209, 9538, '2018-07-11 00:18:04', 1, NULL, '1U设备:865335209', '环境温湿度2断线', '设备故障', '环境温湿度', 1, 865335271, 255, '广州'),
	(134762, 865335209, 9539, '2018-07-11 00:18:04', 1, NULL, '1U设备:865335209', '环境温湿度3断线', '设备故障', '环境温湿度', 1, 865335271, 255, '广州'),
	(134763, 865335169, 9599, '2018-07-11 00:19:44', 1, NULL, '1U设备', '网络通讯断线', '设备故障', '单相UPS', 1, 865335271, 255, '广州'),
	(134764, 865335171, 9599, '2018-07-11 00:19:44', 1, NULL, '1U设备:865335171', '网络通讯断线', '设备故障', '单相UPS', 1, 865335271, 255, '广州'),
	(134765, 865335209, 9545, '2018-07-11 00:19:44', 1, NULL, '1U设备:865335209', '网络通讯断线', '设备故障', '环境温湿度', 1, 865335271, 255, '广州'),
	(134766, 865335210, 9588, '2018-07-11 00:19:44', 1, NULL, '1U设备:865335210', '网络通讯断线', '设备故障', '环境开关量', 1, 865335271, 255, '广州'),
	(134767, 854475649, 9599, '2018-07-11 00:19:44', 1, NULL, '监控卡', '网络通讯断线', '设备故障', '单相UPS', 1, 854475727, 255, '广州'),
	(134768, 854475681, 9545, '2018-07-11 00:19:44', 1, NULL, '监控卡:854475681', '网络通讯断线', '设备故障', '环境温湿度', 1, 854475727, 255, '广州'),
	(134769, 854475682, 9572, '2018-07-11 00:21:42', 1, NULL, '监控卡:854475682', '开关量1异常', '设备故障', '环境开关量', 1, 854475727, 255, '广州'),
	(134770, 854475682, 9573, '2018-07-11 00:21:42', 1, NULL, '监控卡:854475682', '开关量2异常', '设备故障', '环境开关量', 1, 854475727, 255, '广州'),
	(134771, 854475682, 9574, '2018-07-11 00:21:42', 1, NULL, '监控卡:854475682', '开关量3异常', '设备故障', '环境开关量', 1, 854475727, 255, '广州'),
	(134772, 854475682, 9575, '2018-07-11 00:21:42', 1, NULL, '监控卡:854475682', '开关量4异常', '设备故障', '环境开关量', 1, 854475727, 255, '广州'),
	(134773, 865335169, 9599, '2018-07-11 00:21:43', 1, NULL, '1U设备', '网络通讯断线', '设备故障', '单相UPS', 1, 865335271, 255, '广州'),
	(134774, 865335171, 9599, '2018-07-11 00:21:43', 1, NULL, '1U设备:865335171', '网络通讯断线', '设备故障', '单相UPS', 1, 865335271, 255, '广州'),
	(134775, 865335209, 9545, '2018-07-11 00:21:43', 1, NULL, '1U设备:865335209', '网络通讯断线', '设备故障', '环境温湿度', 1, 865335271, 255, '广州'),
	(134776, 865335210, 9588, '2018-07-11 00:21:43', 1, NULL, '1U设备:865335210', '网络通讯断线', '设备故障', '环境开关量', 1, 865335271, 255, '广州'),
	(134777, 854475649, 9598, '2018-07-11 00:22:00', 1, NULL, '监控卡', 'UPS断线', '设备故障', '单相UPS', 1, 854475727, 255, '广州'),
	(134778, 854475681, 9538, '2018-07-11 00:24:18', 1, NULL, '监控卡:854475681', '环境温湿度2断线', '设备故障', '环境温湿度', 1, 854475727, 255, '广州'),
	(134779, 854475681, 9539, '2018-07-11 00:24:19', 1, NULL, '监控卡:854475681', '环境温湿度3断线', '设备故障', '环境温湿度', 1, 854475727, 255, '广州'),
	(134780, 854475681, 9540, '2018-07-11 00:24:21', 1, NULL, '监控卡:854475681', '环境温湿度4断线', '设备故障', '环境温湿度', 1, 854475727, 255, '广州'),
	(134781, 854475681, 9541, '2018-07-11 00:24:22', 1, NULL, '监控卡:854475681', '环境温湿度5断线', '设备故障', '环境温湿度', 1, 854475727, 255, '广州'),
	(134782, 854475681, 9542, '2018-07-11 00:24:22', 1, NULL, '监控卡:854475681', '环境温湿度6断线', '设备故障', '环境温湿度', 1, 854475727, 255, '广州'),
	(134783, 854475649, 9598, '2018-07-11 00:28:44', 0, NULL, '监控卡', 'UPS连线正常', '设备故障', '单相UPS', 1, 854475727, 255, '广州'),
	(134784, 854475649, 9590, '2018-07-11 00:28:44', 1, NULL, '监控卡', 'UPS喇叭开', '设备故障', '单相UPS', 1, 854475727, 255, '广州'),
	(134785, 854475649, 9592, '2018-07-11 00:28:44', 1, NULL, '监控卡', 'UPS自检', '设备故障', '单相UPS', 1, 854475727, 255, '广州'),
	(134786, 854475649, 9593, '2018-07-11 00:28:44', 1, NULL, '监控卡', 'UPS故障', '设备故障', '单相UPS', 1, 854475727, 255, '广州'),
	(134787, 854475649, 9594, '2018-07-11 00:28:44', 1, NULL, '监控卡', 'UPS旁路', '设备故障', '单相UPS', 1, 854475727, 255, '广州'),
	(134788, 854475649, 9595, '2018-07-11 00:28:44', 1, NULL, '监控卡', 'UPS电池电压低', '设备故障', '单相UPS', 1, 854475727, 255, '广州'),
	(134789, 854475649, 9596, '2018-07-11 00:28:44', 1, NULL, '监控卡', 'UPS市电中断', '设备故障', '单相UPS', 1, 854475727, 255, '广州'),
	(134790, 854475649, 9593, '2018-07-11 00:28:50', 0, NULL, '监控卡', 'UPS故障取消', '设备故障', '单相UPS', 1, 854475727, 255, '广州'),
	(134791, 854475649, 9594, '2018-07-11 00:28:50', 0, NULL, '监控卡', 'UPS旁路取消', '设备故障', '单相UPS', 1, 854475727, 255, '广州'),
	(134792, 854475649, 9595, '2018-07-11 00:28:50', 0, NULL, '监控卡', 'UPS电池电压正常', '设备故障', '单相UPS', 1, 854475727, 255, '广州'),
	(134793, 854475649, 9596, '2018-07-11 00:28:50', 0, NULL, '监控卡', 'UPS市电正常', '设备故障', '单相UPS', 1, 854475727, 255, '广州'),
	(134794, 854475649, 9590, '2018-07-11 00:28:53', 0, NULL, '监控卡', 'UPS喇叭的关', '设备故障', '单相UPS', 1, 854475727, 255, '广州'),
	(134795, 854475649, 9592, '2018-07-11 00:28:53', 0, NULL, '监控卡', 'UPS自检完成', '设备故障', '单相UPS', 1, 854475727, 255, '广州'),
	(134796, 865335169, 9599, '2018-07-11 00:39:44', 0, NULL, '1U设备', '网络通讯正常', '设备故障', '单相UPS', 1, 865335271, 255, '广州'),
	(134797, 865335171, 9599, '2018-07-11 00:39:44', 0, NULL, '1U设备:865335171', '网络通讯正常', '设备故障', '单相UPS', 1, 865335271, 255, '广州'),
	(134798, 865335209, 9545, '2018-07-11 00:39:44', 0, NULL, '1U设备:865335209', '网络通讯正常', '设备故障', '环境温湿度', 1, 865335271, 255, '广州'),
	(134799, 865335210, 9588, '2018-07-11 00:39:44', 0, NULL, '1U设备:865335210', '网络通讯正常', '设备故障', '环境开关量', 1, 865335271, 255, '广州'),
	(134800, 865335171, 9598, '2018-07-11 00:39:58', 1, NULL, '1U设备:865335171', 'UPS断线', '设备故障', '单相UPS', 1, 865335271, 255, '广州'),
	(134801, 865335169, 9598, '2018-07-11 00:39:58', 1, NULL, '1U设备', 'UPS断线', '设备故障', '单相UPS', 1, 865335271, 255, '广州'),
	(134802, 865335209, 9538, '2018-07-11 00:45:55', 1, NULL, '1U设备:865335209', '环境温湿度2断线', '设备故障', '环境温湿度', 1, 865335271, 255, '广州'),
	(134803, 865335209, 9539, '2018-07-11 00:45:58', 1, NULL, '1U设备:865335209', '环境温湿度3断线', '设备故障', '环境温湿度', 1, 865335271, 255, '广州'),
	(134804, 865335209, 9537, '2018-07-11 00:46:01', 1, NULL, '1U设备:865335209', '环境温湿度1断线', '设备故障', '环境温湿度', 1, 865335271, 255, '广州'),
	(134805, 951412353, 9599, '2018-07-11 02:06:31', 1, NULL, '2222', '网络通讯断线', '设备故障', '单相UPS', 1, 951412422, 255, '广州'),
	(134806, 951412353, 9599, '2018-07-11 02:06:43', 0, NULL, '2222', '网络通讯正常', '设备故障', '单相UPS', 1, 951412422, 255, '广州'),
	(134807, 951412353, 9598, '2018-07-11 02:06:46', 1, NULL, '2222', 'UPS断线', '设备故障', '单相UPS', 1, 951412422, 255, '广州'),
	(134808, 951412353, 9598, '2018-07-11 02:07:23', 0, NULL, '2222', 'UPS连线正常', '设备故障', '单相UPS', 1, 951412422, 255, '广州'),
	(134809, 951412353, 9598, '2018-07-11 02:07:38', 1, NULL, '2222', 'UPS断线', '设备故障', '单相UPS', 1, 951412422, 255, '广州'),
	(134810, 951412385, 9537, '2018-07-11 02:08:04', 1, NULL, '2222:951412385', '环境温湿度1断线', '设备故障', '环境温湿度', 1, 951412422, 255, '广州'),
	(134811, 951412353, 9598, '2018-07-11 03:09:40', 1, NULL, '2222', 'UPS断线', '设备故障', '单相UPS', 1, 951412422, 255, '广州'),
	(134812, 951412385, 9537, '2018-07-11 03:09:40', 1, NULL, '2222:951412385', '环境温湿度1断线', '设备故障', '环境温湿度', 1, 951412422, 255, '广州'),
	(134813, 854475681, 9538, '2018-07-11 03:09:48', 1, NULL, '监控卡:854475681', '环境温湿度2断线', '设备故障', '环境温湿度', 1, 854475727, 255, '广州'),
	(134814, 854475681, 9539, '2018-07-11 03:09:48', 1, NULL, '监控卡:854475681', '环境温湿度3断线', '设备故障', '环境温湿度', 1, 854475727, 255, '广州'),
	(134815, 854475681, 9540, '2018-07-11 03:09:48', 1, NULL, '监控卡:854475681', '环境温湿度4断线', '设备故障', '环境温湿度', 1, 854475727, 255, '广州'),
	(134816, 854475681, 9541, '2018-07-11 03:09:48', 1, NULL, '监控卡:854475681', '环境温湿度5断线', '设备故障', '环境温湿度', 1, 854475727, 255, '广州'),
	(134817, 854475681, 9542, '2018-07-11 03:09:48', 1, NULL, '监控卡:854475681', '环境温湿度6断线', '设备故障', '环境温湿度', 1, 854475727, 255, '广州'),
	(134818, 854475682, 9572, '2018-07-11 03:09:48', 1, NULL, '监控卡:854475682', '开关量1异常', '设备故障', '环境开关量', 1, 854475727, 255, '广州'),
	(134819, 854475682, 9573, '2018-07-11 03:09:48', 1, NULL, '监控卡:854475682', '开关量2异常', '设备故障', '环境开关量', 1, 854475727, 255, '广州'),
	(134820, 854475682, 9574, '2018-07-11 03:09:48', 1, NULL, '监控卡:854475682', '开关量3异常', '设备故障', '环境开关量', 1, 854475727, 255, '广州'),
	(134821, 854475682, 9575, '2018-07-11 03:09:48', 1, NULL, '监控卡:854475682', '开关量4异常', '设备故障', '环境开关量', 1, 854475727, 255, '广州'),
	(134822, 865335169, 9598, '2018-07-11 03:09:51', 1, NULL, '1U设备', 'UPS断线', '设备故障', '单相UPS', 1, 865335271, 255, '广州'),
	(134823, 865335171, 9598, '2018-07-11 03:09:51', 1, NULL, '1U设备:865335171', 'UPS断线', '设备故障', '单相UPS', 1, 865335271, 255, '广州'),
	(134824, 865335209, 9537, '2018-07-11 03:09:51', 1, NULL, '1U设备:865335209', '环境温湿度1断线', '设备故障', '环境温湿度', 1, 865335271, 255, '广州'),
	(134825, 865335209, 9538, '2018-07-11 03:09:51', 1, NULL, '1U设备:865335209', '环境温湿度2断线', '设备故障', '环境温湿度', 1, 865335271, 255, '广州'),
	(134826, 865335209, 9539, '2018-07-11 03:09:51', 1, NULL, '1U设备:865335209', '环境温湿度3断线', '设备故障', '环境温湿度', 1, 865335271, 255, '广州'),
	(134827, 988627073, 9598, '2018-07-11 03:16:31', 1, NULL, '113', 'UPS断线', '设备故障', '单相UPS', 1, 988627143, 255, '广州'),
	(134828, 988627073, 9598, '2018-07-11 03:19:49', 0, NULL, '113', 'UPS连线正常', '设备故障', '单相UPS', 1, 988627143, 255, '广州'),
	(134829, 988627073, 9598, '2018-07-11 03:20:02', 1, NULL, '113', 'UPS断线', '设备故障', '单相UPS', 1, 988627143, 255, '广州'),
	(134830, 988627105, 9537, '2018-07-11 03:20:20', 1, NULL, '113:988627105', '环境温湿度1断线', '设备故障', '环境温湿度', 1, 988627143, 255, '广州'),
	(134831, 865335209, 9537, '2018-07-11 03:25:13', 0, NULL, '1U设备:865335209', '环境温湿度1连接正常', '设备故障', '环境温湿度', 1, 865335271, 255, '广州'),
	(134832, 865335209, 9513, '2018-07-11 03:25:13', 1, NULL, '1U设备:865335209', '环境温度1过低', '设备故障', '环境温湿度', 1, 865335271, 255, '广州'),
	(134833, 865335209, 9529, '2018-07-11 03:25:13', 1, NULL, '1U设备:865335209', '环境湿度1过低', '设备故障', '环境温湿度', 1, 865335271, 255, '广州'),
	(134834, 854475649, 9596, '2018-07-11 03:28:40', 1, NULL, '监控卡', 'UPS市电中断', '设备故障', '单相UPS', 1, 854475727, 255, '广州'),
	(134835, 854475649, 9595, '2018-07-11 03:30:38', 1, NULL, '监控卡', 'UPS电池电压低', '设备故障', '单相UPS', 1, 854475727, 255, '广州'),
	(134836, 854475649, 9594, '2018-07-11 03:39:07', 1, NULL, '监控卡', 'UPS旁路', '设备故障', '单相UPS', 1, 854475727, 255, '广州'),
	(134837, 854475649, 9593, '2018-07-11 03:39:09', 1, NULL, '监控卡', 'UPS故障', '设备故障', '单相UPS', 1, 854475727, 255, '广州'),
	(134838, 854475649, 9594, '2018-07-11 03:39:31', 0, NULL, '监控卡', 'UPS旁路取消', '设备故障', '单相UPS', 1, 854475727, 255, '广州'),
	(134839, 854475649, 9593, '2018-07-11 03:39:31', 0, NULL, '监控卡', 'UPS故障取消', '设备故障', '单相UPS', 1, 854475727, 255, '广州'),
	(134840, 854475649, 9595, '2018-07-11 03:39:43', 0, NULL, '监控卡', 'UPS电池电压正常', '设备故障', '单相UPS', 1, 854475727, 255, '广州'),
	(134841, 854475649, 9596, '2018-07-11 03:39:46', 0, NULL, '监控卡', 'UPS市电正常', '设备故障', '单相UPS', 1, 854475727, 255, '广州'),
	(134842, 854475649, 9596, '2018-07-11 03:39:54', 1, NULL, '监控卡', 'UPS市电中断', '设备故障', '单相UPS', 1, 854475727, 255, '广州'),
	(134843, 865335169, 9598, '2018-07-11 03:40:37', 1, NULL, '1U设备', 'UPS断线', '设备故障', '单相UPS', 1, 865335271, 255, '广州'),
	(134844, 865335171, 9598, '2018-07-11 03:40:37', 1, NULL, '1U设备:865335171', 'UPS断线', '设备故障', '单相UPS', 1, 865335271, 255, '广州'),
	(134845, 865335209, 9513, '2018-07-11 03:40:37', 1, NULL, '1U设备:865335209', '环境温度1过低', '设备故障', '环境温湿度', 1, 865335271, 255, '广州'),
	(134846, 865335209, 9529, '2018-07-11 03:40:37', 1, NULL, '1U设备:865335209', '环境湿度1过低', '设备故障', '环境温湿度', 1, 865335271, 255, '广州'),
	(134847, 865335209, 9538, '2018-07-11 03:40:37', 1, NULL, '1U设备:865335209', '环境温湿度2断线', '设备故障', '环境温湿度', 1, 865335271, 255, '广州'),
	(134848, 865335209, 9539, '2018-07-11 03:40:37', 1, NULL, '1U设备:865335209', '环境温湿度3断线', '设备故障', '环境温湿度', 1, 865335271, 255, '广州'),
	(134849, 988627073, 9598, '2018-07-11 03:40:37', 1, NULL, '113', 'UPS断线', '设备故障', '单相UPS', 1, 988627143, 255, '广州'),
	(134850, 988627105, 9537, '2018-07-11 03:40:37', 1, NULL, '113:988627105', '环境温湿度1断线', '设备故障', '环境温湿度', 1, 988627143, 255, '广州'),
	(134851, 854475649, 9596, '2018-07-11 03:40:37', 1, NULL, '监控卡', 'UPS市电中断', '设备故障', '单相UPS', 1, 854475727, 255, '广州'),
	(134852, 854475681, 9538, '2018-07-11 03:40:37', 1, NULL, '监控卡:854475681', '环境温湿度2断线', '设备故障', '环境温湿度', 1, 854475727, 255, '广州'),
	(134853, 854475681, 9539, '2018-07-11 03:40:37', 1, NULL, '监控卡:854475681', '环境温湿度3断线', '设备故障', '环境温湿度', 1, 854475727, 255, '广州'),
	(134854, 854475681, 9540, '2018-07-11 03:40:37', 1, NULL, '监控卡:854475681', '环境温湿度4断线', '设备故障', '环境温湿度', 1, 854475727, 255, '广州'),
	(134855, 854475681, 9541, '2018-07-11 03:40:37', 1, NULL, '监控卡:854475681', '环境温湿度5断线', '设备故障', '环境温湿度', 1, 854475727, 255, '广州'),
	(134856, 854475681, 9542, '2018-07-11 03:40:37', 1, NULL, '监控卡:854475681', '环境温湿度6断线', '设备故障', '环境温湿度', 1, 854475727, 255, '广州'),
	(134857, 854475682, 9572, '2018-07-11 03:40:37', 1, NULL, '监控卡:854475682', '开关量1异常', '设备故障', '环境开关量', 1, 854475727, 255, '广州'),
	(134858, 854475682, 9573, '2018-07-11 03:40:37', 1, NULL, '监控卡:854475682', '开关量2异常', '设备故障', '环境开关量', 1, 854475727, 255, '广州'),
	(134859, 854475682, 9574, '2018-07-11 03:40:37', 1, NULL, '监控卡:854475682', '开关量3异常', '设备故障', '环境开关量', 1, 854475727, 255, '广州'),
	(134860, 854475682, 9575, '2018-07-11 03:40:37', 1, NULL, '监控卡:854475682', '开关量4异常', '设备故障', '环境开关量', 1, 854475727, 255, '广州'),
	(134861, 951412353, 9598, '2018-07-11 03:40:37', 1, NULL, '2222', 'UPS断线', '设备故障', '单相UPS', 1, 951412422, 255, '广州'),
	(134862, 951412385, 9537, '2018-07-11 03:40:37', 1, NULL, '2222:951412385', '环境温湿度1断线', '设备故障', '环境温湿度', 1, 951412422, 255, '广州'),
	(134863, 854475649, 9596, '2018-07-11 03:40:51', 0, NULL, '监控卡', 'UPS市电正常', '设备故障', '单相UPS', 1, 854475727, 255, '广州'),
	(134864, 854475681, 9538, '2018-07-11 03:40:51', 0, NULL, '监控卡:854475681', '环境温湿度2连接正常', '设备故障', '环境温湿度', 1, 854475727, 255, '广州'),
	(134865, 854475681, 9539, '2018-07-11 03:40:51', 0, NULL, '监控卡:854475681', '环境温湿度3连接正常', '设备故障', '环境温湿度', 1, 854475727, 255, '广州'),
	(134866, 854475681, 9540, '2018-07-11 03:40:51', 0, NULL, '监控卡:854475681', '环境温湿度4连接正常', '设备故障', '环境温湿度', 1, 854475727, 255, '广州'),
	(134867, 854475681, 9541, '2018-07-11 03:40:51', 0, NULL, '监控卡:854475681', '环境温湿度5连接正常', '设备故障', '环境温湿度', 1, 854475727, 255, '广州'),
	(134868, 854475681, 9542, '2018-07-11 03:40:54', 0, NULL, '监控卡:854475681', '环境温湿度6连接正常', '设备故障', '环境温湿度', 1, 854475727, 255, '广州'),
	(134869, 854475649, 9596, '2018-07-11 03:40:55', 1, NULL, '监控卡', 'UPS市电中断', '设备故障', '单相UPS', 1, 854475727, 255, '广州'),
	(134870, 865335169, 9598, '2018-07-11 03:43:07', 1, NULL, '1U设备', 'UPS断线', '设备故障', '单相UPS', 1, 865335271, 255, '广州'),
	(134871, 865335171, 9598, '2018-07-11 03:43:07', 1, NULL, '1U设备:865335171', 'UPS断线', '设备故障', '单相UPS', 1, 865335271, 255, '广州'),
	(134872, 865335209, 9513, '2018-07-11 03:43:07', 1, NULL, '1U设备:865335209', '环境温度1过低', '设备故障', '环境温湿度', 1, 865335271, 255, '广州'),
	(134873, 865335209, 9529, '2018-07-11 03:43:07', 1, NULL, '1U设备:865335209', '环境湿度1过低', '设备故障', '环境温湿度', 1, 865335271, 255, '广州'),
	(134874, 865335209, 9538, '2018-07-11 03:43:07', 1, NULL, '1U设备:865335209', '环境温湿度2断线', '设备故障', '环境温湿度', 1, 865335271, 255, '广州'),
	(134875, 865335209, 9539, '2018-07-11 03:43:07', 1, NULL, '1U设备:865335209', '环境温湿度3断线', '设备故障', '环境温湿度', 1, 865335271, 255, '广州'),
	(134876, 951412353, 9598, '2018-07-11 03:43:08', 1, NULL, '2222', 'UPS断线', '设备故障', '单相UPS', 1, 951412422, 255, '广州'),
	(134877, 951412385, 9537, '2018-07-11 03:43:08', 1, NULL, '2222:951412385', '环境温湿度1断线', '设备故障', '环境温湿度', 1, 951412422, 255, '广州'),
	(134878, 854475649, 9596, '2018-07-11 03:43:09', 1, NULL, '监控卡', 'UPS市电中断', '设备故障', '单相UPS', 1, 854475727, 255, '广州'),
	(134879, 854475682, 9572, '2018-07-11 03:43:09', 1, NULL, '监控卡:854475682', '开关量1异常', '设备故障', '环境开关量', 1, 854475727, 255, '广州'),
	(134880, 854475682, 9573, '2018-07-11 03:43:09', 1, NULL, '监控卡:854475682', '开关量2异常', '设备故障', '环境开关量', 1, 854475727, 255, '广州'),
	(134881, 854475682, 9574, '2018-07-11 03:43:09', 1, NULL, '监控卡:854475682', '开关量3异常', '设备故障', '环境开关量', 1, 854475727, 255, '广州'),
	(134882, 854475682, 9575, '2018-07-11 03:43:09', 1, NULL, '监控卡:854475682', '开关量4异常', '设备故障', '环境开关量', 1, 854475727, 255, '广州'),
	(134883, 988627073, 9598, '2018-07-11 03:43:16', 1, NULL, '113', 'UPS断线', '设备故障', '单相UPS', 1, 988627143, 255, '广州'),
	(134884, 988627105, 9537, '2018-07-11 03:43:16', 1, NULL, '113:988627105', '环境温湿度1断线', '设备故障', '环境温湿度', 1, 988627143, 255, '广州'),
	(134885, 854475681, 9538, '2018-07-11 03:43:27', 1, NULL, '监控卡:854475681', '环境温湿度2断线', '设备故障', '环境温湿度', 1, 854475727, 255, '广州'),
	(134886, 854475681, 9539, '2018-07-11 03:43:28', 1, NULL, '监控卡:854475681', '环境温湿度3断线', '设备故障', '环境温湿度', 1, 854475727, 255, '广州'),
	(134887, 854475681, 9540, '2018-07-11 03:43:30', 1, NULL, '监控卡:854475681', '环境温湿度4断线', '设备故障', '环境温湿度', 1, 854475727, 255, '广州'),
	(134888, 854475681, 9541, '2018-07-11 03:43:31', 1, NULL, '监控卡:854475681', '环境温湿度5断线', '设备故障', '环境温湿度', 1, 854475727, 255, '广州'),
	(134889, 854475681, 9542, '2018-07-11 03:43:31', 1, NULL, '监控卡:854475681', '环境温湿度6断线', '设备故障', '环境温湿度', 1, 854475727, 255, '广州'),
	(134890, 865335183, 9569, '2018-07-11 03:47:23', 1, NULL, '1U设备:865335183', '通讯故障', '设备故障', '精密空调', 1, 865335271, 255, '广州'),
	(134891, 865335169, 9598, '2018-07-11 03:51:42', 0, NULL, '1U设备', 'UPS连线正常', '设备故障', '单相UPS', 1, 865335271, 255, '广州'),
	(134892, 865335171, 9598, '2018-07-11 03:51:42', 0, NULL, '1U设备:865335171', 'UPS连线正常', '设备故障', '单相UPS', 1, 865335271, 255, '广州'),
	(134893, 865335209, 9538, '2018-07-11 03:51:42', 0, NULL, '1U设备:865335209', '环境温湿度2连接正常', '设备故障', '环境温湿度', 1, 865335271, 255, '广州'),
	(134894, 865335209, 9539, '2018-07-11 03:51:42', 0, NULL, '1U设备:865335209', '环境温湿度3连接正常', '设备故障', '环境温湿度', 1, 865335271, 255, '广州'),
	(134895, 865335183, 9569, '2018-07-11 03:51:42', 0, NULL, '1U设备:865335183', '通讯正常', '设备故障', '精密空调', 1, 865335271, 255, '广州'),
	(134896, 865335209, 9513, '2018-07-11 03:51:45', 0, NULL, '1U设备:865335209', '环境温度1正常', '设备故障', '环境温湿度', 1, 865335271, 255, '广州'),
	(134897, 865335209, 9529, '2018-07-11 03:51:45', 0, NULL, '1U设备:865335209', '环境湿度1正常', '设备故障', '环境温湿度', 1, 865335271, 255, '广州'),
	(134898, 865335209, 9529, '2018-07-11 03:51:49', 1, NULL, '1U设备:865335209', '环境湿度1过低', '设备故障', '环境温湿度', 1, 865335271, 255, '广州'),
	(134899, 865335209, 9513, '2018-07-11 03:51:49', 1, NULL, '1U设备:865335209', '环境温度1过低', '设备故障', '环境温湿度', 1, 865335271, 255, '广州'),
	(134900, 865335171, 9598, '2018-07-11 03:51:56', 1, NULL, '1U设备:865335171', 'UPS断线', '设备故障', '单相UPS', 1, 865335271, 255, '广州'),
	(134901, 865335169, 9598, '2018-07-11 03:51:56', 1, NULL, '1U设备', 'UPS断线', '设备故障', '单相UPS', 1, 865335271, 255, '广州'),
	(134902, 865335183, 9569, '2018-07-11 03:51:57', 1, NULL, '1U设备:865335183', '通讯故障', '设备故障', '精密空调', 1, 865335271, 255, '广州'),
	(134903, 865335169, 9598, '2018-07-11 03:53:46', 1, NULL, '1U设备', 'UPS断线', '设备故障', '单相UPS', 1, 865335271, 255, '广州'),
	(134904, 988627073, 9598, '2018-07-11 03:53:47', 1, NULL, '113', 'UPS断线', '设备故障', '单相UPS', 1, 988627143, 255, '广州'),
	(134905, 854475649, 9596, '2018-07-11 03:53:47', 1, NULL, '102', 'UPS市电中断', '设备故障', '单相UPS', 1, 854475727, 255, '广州'),
	(134906, 951412353, 9598, '2018-07-11 03:53:49', 1, NULL, '112', 'UPS断线', '设备故障', '单相UPS', 1, 951412422, 255, '广州'),
	(134907, 854475681, 9538, '2018-07-11 03:53:53', 1, NULL, '102:854475681', '环境温湿度2断线', '设备故障', '环境温湿度', 1, 854475727, 255, '广州'),
	(134908, 854475681, 9539, '2018-07-11 03:53:53', 1, NULL, '102:854475681', '环境温湿度3断线', '设备故障', '环境温湿度', 1, 854475727, 255, '广州'),
	(134909, 854475681, 9540, '2018-07-11 03:53:53', 1, NULL, '102:854475681', '环境温湿度4断线', '设备故障', '环境温湿度', 1, 854475727, 255, '广州'),
	(134910, 854475681, 9541, '2018-07-11 03:53:53', 1, NULL, '102:854475681', '环境温湿度5断线', '设备故障', '环境温湿度', 1, 854475727, 255, '广州'),
	(134911, 854475681, 9542, '2018-07-11 03:53:53', 1, NULL, '102:854475681', '环境温湿度6断线', '设备故障', '环境温湿度', 1, 854475727, 255, '广州'),
	(134912, 854475682, 9572, '2018-07-11 03:53:53', 1, NULL, '102:854475682', '开关量1异常', '设备故障', '环境开关量', 1, 854475727, 255, '广州'),
	(134913, 854475682, 9573, '2018-07-11 03:53:53', 1, NULL, '102:854475682', '开关量2异常', '设备故障', '环境开关量', 1, 854475727, 255, '广州'),
	(134914, 854475682, 9574, '2018-07-11 03:53:53', 1, NULL, '102:854475682', '开关量3异常', '设备故障', '环境开关量', 1, 854475727, 255, '广州'),
	(134915, 854475682, 9575, '2018-07-11 03:53:53', 1, NULL, '102:854475682', '开关量4异常', '设备故障', '环境开关量', 1, 854475727, 255, '广州'),
	(134916, 865335171, 9598, '2018-07-11 03:53:56', 1, NULL, '1U设备:865335171', 'UPS断线', '设备故障', '单相UPS', 1, 865335271, 255, '广州'),
	(134917, 865335183, 9569, '2018-07-11 03:53:56', 1, NULL, '1U设备:865335183', '通讯故障', '设备故障', '精密空调', 1, 865335271, 255, '广州'),
	(134918, 865335209, 9513, '2018-07-11 03:53:56', 1, NULL, '1U设备:865335209', '环境温度1过低', '设备故障', '环境温湿度', 1, 865335271, 255, '广州'),
	(134919, 865335209, 9529, '2018-07-11 03:53:56', 1, NULL, '1U设备:865335209', '环境湿度1过低', '设备故障', '环境温湿度', 1, 865335271, 255, '广州'),
	(134920, 988627105, 9537, '2018-07-11 03:53:57', 1, NULL, '113:988627105', '环境温湿度1断线', '设备故障', '环境温湿度', 1, 988627143, 255, '广州'),
	(134921, 951412385, 9537, '2018-07-11 03:54:00', 1, NULL, '112:951412385', '环境温湿度1断线', '设备故障', '环境温湿度', 1, 951412422, 255, '广州'),
	(134922, 865335209, 9538, '2018-07-11 04:01:16', 1, NULL, '1U设备:865335209', '环境温湿度2断线', '设备故障', '环境温湿度', 1, 865335271, 255, '广州'),
	(134923, 865335209, 9539, '2018-07-11 04:01:22', 1, NULL, '1U设备:865335209', '环境温湿度3断线', '设备故障', '环境温湿度', 1, 865335271, 255, '广州'),
	(134924, 854475649, 9599, '2018-07-11 18:33:23', 1, NULL, '102', '网络通讯断线', '设备故障', '单相UPS', 1, 854475727, 255, '广州'),
	(134925, 854475681, 9545, '2018-07-11 18:33:23', 1, NULL, '102:854475681', '网络通讯断线', '设备故障', '环境温湿度', 1, 854475727, 255, '广州'),
	(134926, 854475682, 9588, '2018-07-11 18:33:23', 1, NULL, '102:854475682', '网络通讯断线', '设备故障', '环境开关量', 1, 854475727, 255, '广州'),
	(134927, 865335169, 9599, '2018-07-11 21:37:31', 1, NULL, '1U设备', '网络通讯断线', '设备故障', '单相UPS', 1, 865335271, 255, '广州'),
	(134928, 865335171, 9599, '2018-07-11 21:37:31', 1, NULL, '1U设备:865335171', '网络通讯断线', '设备故障', '单相UPS', 1, 865335271, 255, '广州'),
	(134929, 865335183, 9571, '2018-07-11 21:37:31', 1, NULL, '1U设备:865335183', '网络通讯断线', '设备故障', '精密空调', 1, 865335271, 255, '广州'),
	(134930, 865335209, 9545, '2018-07-11 21:37:31', 1, NULL, '1U设备:865335209', '网络通讯断线', '设备故障', '环境温湿度', 1, 865335271, 255, '广州'),
	(134931, 865335210, 9588, '2018-07-11 21:37:31', 1, NULL, '1U设备:865335210', '网络通讯断线', '设备故障', '环境开关量', 1, 865335271, 255, '广州'),
	(134932, 865335169, 9598, '2018-07-12 00:39:55', 0, NULL, '1U设备', 'UPS连线正常', '设备故障', '单相UPS', 1, 865335271, 255, '广州'),
	(134933, 865335171, 9598, '2018-07-12 00:39:55', 0, NULL, '1U设备:865335171', 'UPS连线正常', '设备故障', '单相UPS', 1, 865335271, 255, '广州'),
	(134934, 865335183, 9569, '2018-07-12 00:39:55', 0, NULL, '1U设备:865335183', '通讯正常', '设备故障', '精密空调', 1, 865335271, 255, '广州'),
	(134935, 865335209, 9538, '2018-07-12 00:39:55', 0, NULL, '1U设备:865335209', '环境温湿度2连接正常', '设备故障', '环境温湿度', 1, 865335271, 255, '广州'),
	(134936, 865335209, 9539, '2018-07-12 00:39:55', 0, NULL, '1U设备:865335209', '环境温湿度3连接正常', '设备故障', '环境温湿度', 1, 865335271, 255, '广州'),
	(134937, 865335169, 9599, '2018-07-12 00:39:55', 0, NULL, '1U设备', '网络通讯正常', '设备故障', '单相UPS', 1, 865335271, 255, '广州'),
	(134938, 865335171, 9599, '2018-07-12 00:39:55', 0, NULL, '1U设备:865335171', '网络通讯正常', '设备故障', '单相UPS', 1, 865335271, 255, '广州'),
	(134939, 865335183, 9571, '2018-07-12 00:39:55', 0, NULL, '1U设备:865335183', '网络通讯正常', '设备故障', '精密空调', 1, 865335271, 255, '广州'),
	(134940, 865335209, 9545, '2018-07-12 00:39:55', 0, NULL, '1U设备:865335209', '网络通讯正常', '设备故障', '环境温湿度', 1, 865335271, 255, '广州'),
	(134941, 865335210, 9588, '2018-07-12 00:39:55', 0, NULL, '1U设备:865335210', '网络通讯正常', '设备故障', '环境开关量', 1, 865335271, 255, '广州'),
	(134942, 865335183, 9569, '2018-07-12 00:40:10', 1, NULL, '1U设备:865335183', '通讯故障', '设备故障', '精密空调', 1, 865335271, 255, '广州'),
	(134943, 865335171, 9598, '2018-07-12 00:40:10', 1, NULL, '1U设备:865335171', 'UPS断线', '设备故障', '单相UPS', 1, 865335271, 255, '广州'),
	(134944, 865335169, 9598, '2018-07-12 00:40:10', 1, NULL, '1U设备', 'UPS断线', '设备故障', '单相UPS', 1, 865335271, 255, '广州'),
	(134945, 865335209, 9538, '2018-07-12 00:49:29', 1, NULL, '1U设备:865335209', '环境温湿度2断线', '设备故障', '环境温湿度', 1, 865335271, 255, '广州'),
	(134946, 865335209, 9539, '2018-07-12 00:49:34', 1, NULL, '1U设备:865335209', '环境温湿度3断线', '设备故障', '环境温湿度', 1, 865335271, 255, '广州'),
	(134947, 865335209, 9537, '2018-07-12 00:49:39', 1, NULL, '1U设备:865335209', '环境温湿度1断线', '设备故障', '环境温湿度', 1, 865335271, 255, '广州'),
	(134948, 865335169, 9598, '2018-07-12 00:58:16', 0, NULL, '1U设备', 'UPS连线正常', '设备故障', '单相UPS', 1, 865335271, 255, '广州'),
	(134949, 865335169, 9590, '2018-07-12 00:58:31', 1, NULL, '1U设备', 'UPS喇叭开', '设备故障', '单相UPS', 1, 865335271, 255, '广州'),
	(134950, 865335169, 9590, '2018-07-12 00:59:48', 0, NULL, '1U设备', 'UPS喇叭的关', '设备故障', '单相UPS', 1, 865335271, 255, '广州'),
	(134951, 865335169, 9590, '2018-07-12 01:00:43', 1, NULL, '1U设备', 'UPS喇叭开', '设备故障', '单相UPS', 1, 865335271, 255, '广州'),
	(134952, 865335169, 9590, '2018-07-12 01:01:23', 0, NULL, '1U设备', 'UPS喇叭的关', '设备故障', '单相UPS', 1, 865335271, 255, '广州'),
	(134953, 865335169, 9591, '2018-07-12 01:05:39', 1, NULL, '1U设备', 'UPS关机', '设备故障', '单相UPS', 1, 865335271, 255, '广州'),
	(134954, 865335209, 9539, '2018-07-12 01:05:41', 0, NULL, '1U设备:865335209', '环境温湿度3连接正常', '设备故障', '环境温湿度', 1, 865335271, 255, '广州'),
	(134955, 865335209, 9538, '2018-07-12 01:05:41', 0, NULL, '1U设备:865335209', '环境温湿度2连接正常', '设备故障', '环境温湿度', 1, 865335271, 255, '广州'),
	(134956, 865335183, 9569, '2018-07-12 01:05:41', 0, NULL, '1U设备:865335183', '通讯正常', '设备故障', '精密空调', 1, 865335271, 255, '广州'),
	(134957, 865335171, 9598, '2018-07-12 01:05:41', 0, NULL, '1U设备:865335171', 'UPS连线正常', '设备故障', '单相UPS', 1, 865335271, 255, '广州'),
	(134958, 865335209, 9537, '2018-07-12 01:05:51', 0, NULL, '1U设备:865335209', '环境温湿度1连接正常', '设备故障', '环境温湿度', 1, 865335271, 255, '广州'),
	(134959, 865335171, 9598, '2018-07-12 01:05:55', 1, NULL, '1U设备:865335171', 'UPS断线', '设备故障', '单相UPS', 1, 865335271, 255, '广州'),
	(134960, 865335183, 9569, '2018-07-12 01:05:56', 1, NULL, '1U设备:865335183', '通讯故障', '设备故障', '精密空调', 1, 865335271, 255, '广州'),
	(134961, 865335169, 9591, '2018-07-12 01:06:36', 0, NULL, '1U设备', 'UPS开机', '设备故障', '单相UPS', 1, 865335271, 255, '广州'),
	(134962, 865335169, 9591, '2018-07-12 01:07:01', 1, NULL, '1U设备', 'UPS关机', '设备故障', '单相UPS', 1, 865335271, 255, '广州'),
	(134963, 865335209, 9538, '2018-07-12 01:15:16', 1, NULL, '1U设备:865335209', '环境温湿度2断线', '设备故障', '环境温湿度', 1, 865335271, 255, '广州'),
	(134964, 865335209, 9539, '2018-07-12 01:15:20', 1, NULL, '1U设备:865335209', '环境温湿度3断线', '设备故障', '环境温湿度', 1, 865335271, 255, '广州'),
	(134965, 865335209, 9537, '2018-07-12 01:15:25', 1, NULL, '1U设备:865335209', '环境温湿度1断线', '设备故障', '环境温湿度', 1, 865335271, 255, '广州'),
	(134966, 865335169, 9598, '2018-07-12 01:46:26', 1, NULL, '1U设备', 'UPS断线', '设备故障', '单相UPS', 1, 865335271, 255, '广州'),
	(134967, 988627106, 9588, '2018-07-12 16:13:17', 1, NULL, '113:988627106', '网络通讯断线', '设备故障', '环境开关量', 1, 988627143, 255, '广州'),
	(134968, 988627105, 9545, '2018-07-12 16:13:17', 1, NULL, '113:988627105', '网络通讯断线', '设备故障', '环境温湿度', 1, 988627143, 255, '广州'),
	(134969, 988627073, 9599, '2018-07-12 16:13:17', 1, NULL, '113', '网络通讯断线', '设备故障', '单相UPS', 1, 988627143, 255, '广州'),
	(134970, 951412353, 9599, '2018-07-12 16:13:17', 1, NULL, '112', '网络通讯断线', '设备故障', '单相UPS', 1, 951412422, 255, '广州'),
	(134971, 951412385, 9545, '2018-07-12 16:13:17', 1, NULL, '112:951412385', '网络通讯断线', '设备故障', '环境温湿度', 1, 951412422, 255, '广州'),
	(134972, 951412386, 9588, '2018-07-12 16:13:17', 1, NULL, '112:951412386', '网络通讯断线', '设备故障', '环境开关量', 1, 951412422, 255, '广州'),
	(134973, 988627106, 9588, '2018-07-12 16:13:39', 0, NULL, '113:988627106', '网络通讯正常', '设备故障', '环境开关量', 1, 988627143, 255, '广州'),
	(134974, 988627105, 9545, '2018-07-12 16:13:39', 0, NULL, '113:988627105', '网络通讯正常', '设备故障', '环境温湿度', 1, 988627143, 255, '广州'),
	(134975, 988627073, 9599, '2018-07-12 16:13:39', 0, NULL, '113', '网络通讯正常', '设备故障', '单相UPS', 1, 988627143, 255, '广州'),
	(134976, 951412353, 9599, '2018-07-12 16:13:40', 0, NULL, '112', '网络通讯正常', '设备故障', '单相UPS', 1, 951412422, 255, '广州'),
	(134977, 951412385, 9545, '2018-07-12 16:13:40', 0, NULL, '112:951412385', '网络通讯正常', '设备故障', '环境温湿度', 1, 951412422, 255, '广州'),
	(134978, 951412386, 9588, '2018-07-12 16:13:40', 0, NULL, '112:951412386', '网络通讯正常', '设备故障', '环境开关量', 1, 951412422, 255, '广州'),
	(134979, 865335169, 9598, '2018-07-12 16:51:05', 1, NULL, '1U设备', 'UPS断线', '设备故障', '单相UPS', 1, 865335271, 255, '广州'),
	(134980, 865335171, 9598, '2018-07-12 16:51:05', 1, NULL, '1U设备:865335171', 'UPS断线', '设备故障', '单相UPS', 1, 865335271, 255, '广州'),
	(134981, 865335183, 9569, '2018-07-12 16:51:05', 1, NULL, '1U设备:865335183', '通讯故障', '设备故障', '精密空调', 1, 865335271, 255, '广州'),
	(134982, 865335209, 9537, '2018-07-12 16:51:05', 1, NULL, '1U设备:865335209', '环境温湿度1断线', '设备故障', '环境温湿度', 1, 865335271, 255, '广州'),
	(134983, 865335209, 9538, '2018-07-12 16:51:05', 1, NULL, '1U设备:865335209', '环境温湿度2断线', '设备故障', '环境温湿度', 1, 865335271, 255, '广州'),
	(134984, 865335209, 9539, '2018-07-12 16:51:05', 1, NULL, '1U设备:865335209', '环境温湿度3断线', '设备故障', '环境温湿度', 1, 865335271, 255, '广州'),
	(134985, 988627073, 9598, '2018-07-12 16:51:10', 1, NULL, '113', 'UPS断线', '设备故障', '单相UPS', 1, 988627143, 255, '广州'),
	(134986, 988627105, 9537, '2018-07-12 16:51:10', 1, NULL, '113:988627105', '环境温湿度1断线', '设备故障', '环境温湿度', 1, 988627143, 255, '广州'),
	(134987, 951412353, 9598, '2018-07-12 16:51:10', 1, NULL, '112', 'UPS断线', '设备故障', '单相UPS', 1, 951412422, 255, '广州'),
	(134988, 951412385, 9537, '2018-07-12 16:51:10', 1, NULL, '112:951412385', '环境温湿度1断线', '设备故障', '环境温湿度', 1, 951412422, 255, '广州'),
	(134989, 854475649, 9599, '2018-07-12 16:52:20', 1, NULL, '102', '网络通讯断线', '设备故障', '单相UPS', 1, 854475727, 255, '广州'),
	(134990, 854475681, 9545, '2018-07-12 16:52:20', 1, NULL, '102:854475681', '网络通讯断线', '设备故障', '环境温湿度', 1, 854475727, 255, '广州'),
	(134991, 854475682, 9588, '2018-07-12 16:52:20', 1, NULL, '102:854475682', '网络通讯断线', '设备故障', '环境开关量', 1, 854475727, 255, '广州'),
	(134992, 854475649, 9599, '2018-07-12 23:09:16', 0, NULL, '102', '网络通讯正常', '设备故障', '单相UPS', 1, 854475727, 255, '广州'),
	(134993, 854475681, 9545, '2018-07-12 23:09:16', 0, NULL, '102:854475681', '网络通讯正常', '设备故障', '环境温湿度', 1, 854475727, 255, '广州'),
	(134994, 854475682, 9588, '2018-07-12 23:09:16', 0, NULL, '102:854475682', '网络通讯正常', '设备故障', '环境开关量', 1, 854475727, 255, '广州'),
	(134995, 854475649, 9598, '2018-07-12 23:09:29', 1, NULL, '102', 'UPS断线', '设备故障', '单相UPS', 1, 854475727, 255, '广州'),
	(134996, 865335171, 9599, '2018-07-12 23:10:19', 1, NULL, '1U设备:865335171', '网络通讯断线', '设备故障', '单相UPS', 1, 865335271, 255, '广州'),
	(134997, 865335169, 9599, '2018-07-12 23:10:19', 1, NULL, '1U设备', '网络通讯断线', '设备故障', '单相UPS', 1, 865335271, 255, '广州'),
	(134998, 865335183, 9571, '2018-07-12 23:10:19', 1, NULL, '1U设备:865335183', '网络通讯断线', '设备故障', '精密空调', 1, 865335271, 255, '广州'),
	(134999, 865335209, 9545, '2018-07-12 23:10:19', 1, NULL, '1U设备:865335209', '网络通讯断线', '设备故障', '环境温湿度', 1, 865335271, 255, '广州'),
	(135000, 865335210, 9588, '2018-07-12 23:10:19', 1, NULL, '1U设备:865335210', '网络通讯断线', '设备故障', '环境开关量', 1, 865335271, 255, '广州'),
	(135001, 854475681, 9538, '2018-07-12 23:11:48', 1, NULL, '102:854475681', '环境温湿度2断线', '设备故障', '环境温湿度', 1, 854475727, 255, '广州'),
	(135002, 854475681, 9539, '2018-07-12 23:11:50', 1, NULL, '102:854475681', '环境温湿度3断线', '设备故障', '环境温湿度', 1, 854475727, 255, '广州'),
	(135003, 854475681, 9540, '2018-07-12 23:11:51', 1, NULL, '102:854475681', '环境温湿度4断线', '设备故障', '环境温湿度', 1, 854475727, 255, '广州'),
	(135004, 854475681, 9541, '2018-07-12 23:11:53', 1, NULL, '102:854475681', '环境温湿度5断线', '设备故障', '环境温湿度', 1, 854475727, 255, '广州'),
	(135005, 854475681, 9537, '2018-07-12 23:11:54', 1, NULL, '102:854475681', '环境温湿度1断线', '设备故障', '环境温湿度', 1, 854475727, 255, '广州'),
	(135006, 854475681, 9542, '2018-07-12 23:11:54', 1, NULL, '102:854475681', '环境温湿度6断线', '设备故障', '环境温湿度', 1, 854475727, 255, '广州'),
	(135007, 854475649, 9598, '2018-07-12 23:19:17', 0, NULL, '102', 'UPS连线正常', '设备故障', '单相UPS', 1, 854475727, 255, '广州'),
	(135008, 854475681, 9538, '2018-07-12 23:19:17', 0, NULL, '102:854475681', '环境温湿度2连接正常', '设备故障', '环境温湿度', 1, 854475727, 255, '广州'),
	(135009, 854475681, 9539, '2018-07-12 23:19:17', 0, NULL, '102:854475681', '环境温湿度3连接正常', '设备故障', '环境温湿度', 1, 854475727, 255, '广州'),
	(135010, 854475681, 9540, '2018-07-12 23:19:17', 0, NULL, '102:854475681', '环境温湿度4连接正常', '设备故障', '环境温湿度', 1, 854475727, 255, '广州'),
	(135011, 854475681, 9541, '2018-07-12 23:19:17', 0, NULL, '102:854475681', '环境温湿度5连接正常', '设备故障', '环境温湿度', 1, 854475727, 255, '广州'),
	(135012, 854475681, 9537, '2018-07-12 23:19:17', 0, NULL, '102:854475681', '环境温湿度1连接正常', '设备故障', '环境温湿度', 1, 854475727, 255, '广州'),
	(135013, 854475681, 9542, '2018-07-12 23:19:17', 0, NULL, '102:854475681', '环境温湿度6连接正常', '设备故障', '环境温湿度', 1, 854475727, 255, '广州'),
	(135014, 854475649, 9598, '2018-07-12 23:19:31', 1, NULL, '102', 'UPS断线', '设备故障', '单相UPS', 1, 854475727, 255, '广州'),
	(135015, 854475649, 9598, '2018-07-12 23:21:18', 0, NULL, '102', 'UPS连线正常', '设备故障', '单相UPS', 1, 854475727, 255, '广州'),
	(135016, 854475649, 9598, '2018-07-12 23:21:31', 1, NULL, '102', 'UPS断线', '设备故障', '单相UPS', 1, 854475727, 255, '广州'),
	(135017, 854475682, 9572, '2018-07-12 23:22:44', 1, NULL, '102:854475682', '开关量1异常', '设备故障', '环境开关量', 1, 854475727, 255, '广州'),
	(135018, 854475681, 9538, '2018-07-12 23:23:46', 1, NULL, '102:854475681', '环境温湿度2断线', '设备故障', '环境温湿度', 1, 854475727, 255, '广州'),
	(135019, 854475681, 9539, '2018-07-12 23:23:47', 1, NULL, '102:854475681', '环境温湿度3断线', '设备故障', '环境温湿度', 1, 854475727, 255, '广州'),
	(135020, 854475681, 9540, '2018-07-12 23:23:55', 1, NULL, '102:854475681', '环境温湿度4断线', '设备故障', '环境温湿度', 1, 854475727, 255, '广州'),
	(135021, 854475681, 9541, '2018-07-12 23:23:56', 1, NULL, '102:854475681', '环境温湿度5断线', '设备故障', '环境温湿度', 1, 854475727, 255, '广州'),
	(135022, 854475681, 9542, '2018-07-12 23:23:58', 1, NULL, '102:854475681', '环境温湿度6断线', '设备故障', '环境温湿度', 1, 854475727, 255, '广州'),
	(135023, 854475681, 9537, '2018-07-12 23:23:59', 1, NULL, '102:854475681', '环境温湿度1断线', '设备故障', '环境温湿度', 1, 854475727, 255, '广州'),
	(135024, 854475682, 9573, '2018-07-12 23:24:05', 1, NULL, '102:854475682', '开关量2异常', '设备故障', '环境开关量', 1, 854475727, 255, '广州'),
	(135025, 854475682, 9574, '2018-07-12 23:24:05', 1, NULL, '102:854475682', '开关量3异常', '设备故障', '环境开关量', 1, 854475727, 255, '广州'),
	(135026, 854475682, 9575, '2018-07-12 23:24:05', 1, NULL, '102:854475682', '开关量4异常', '设备故障', '环境开关量', 1, 854475727, 255, '广州'),
	(135027, 854475681, 9541, '2018-07-12 23:26:38', 0, NULL, '102:854475681', '环境温湿度5连接正常', '设备故障', '环境温湿度', 1, 854475727, 255, '广州'),
	(135028, 854475681, 9540, '2018-07-12 23:26:38', 0, NULL, '102:854475681', '环境温湿度4连接正常', '设备故障', '环境温湿度', 1, 854475727, 255, '广州'),
	(135029, 854475681, 9539, '2018-07-12 23:26:38', 0, NULL, '102:854475681', '环境温湿度3连接正常', '设备故障', '环境温湿度', 1, 854475727, 255, '广州'),
	(135030, 854475681, 9538, '2018-07-12 23:26:38', 0, NULL, '102:854475681', '环境温湿度2连接正常', '设备故障', '环境温湿度', 1, 854475727, 255, '广州'),
	(135031, 854475649, 9598, '2018-07-12 23:26:38', 0, NULL, '102', 'UPS连线正常', '设备故障', '单相UPS', 1, 854475727, 255, '广州'),
	(135032, 854475681, 9542, '2018-07-12 23:26:42', 0, NULL, '102:854475681', '环境温湿度6连接正常', '设备故障', '环境温湿度', 1, 854475727, 255, '广州'),
	(135033, 854475681, 9537, '2018-07-12 23:26:42', 0, NULL, '102:854475681', '环境温湿度1连接正常', '设备故障', '环境温湿度', 1, 854475727, 255, '广州'),
	(135034, 854475649, 9598, '2018-07-12 23:26:56', 1, NULL, '102', 'UPS断线', '设备故障', '单相UPS', 1, 854475727, 255, '广州'),
	(135035, 854475649, 9598, '2018-07-12 23:28:05', 0, NULL, '102', 'UPS连线正常', '设备故障', '单相UPS', 1, 854475727, 255, '广州'),
	(135036, 854475649, 9598, '2018-07-12 23:28:24', 1, NULL, '102', 'UPS断线', '设备故障', '单相UPS', 1, 854475727, 255, '广州'),
	(135037, 854475681, 9538, '2018-07-12 23:30:42', 1, NULL, '102:854475681', '环境温湿度2断线', '设备故障', '环境温湿度', 1, 854475727, 255, '广州'),
	(135038, 854475681, 9539, '2018-07-12 23:30:43', 1, NULL, '102:854475681', '环境温湿度3断线', '设备故障', '环境温湿度', 1, 854475727, 255, '广州'),
	(135039, 854475681, 9540, '2018-07-12 23:30:45', 1, NULL, '102:854475681', '环境温湿度4断线', '设备故障', '环境温湿度', 1, 854475727, 255, '广州'),
	(135040, 854475681, 9542, '2018-07-12 23:30:46', 1, NULL, '102:854475681', '环境温湿度6断线', '设备故障', '环境温湿度', 1, 854475727, 255, '广州'),
	(135041, 854475681, 9541, '2018-07-12 23:30:46', 1, NULL, '102:854475681', '环境温湿度5断线', '设备故障', '环境温湿度', 1, 854475727, 255, '广州'),
	(135042, 854475681, 9537, '2018-07-12 23:30:48', 1, NULL, '102:854475681', '环境温湿度1断线', '设备故障', '环境温湿度', 1, 854475727, 255, '广州'),
	(135043, 854475681, 9538, '2018-07-12 23:35:14', 0, NULL, '102:854475681', '环境温湿度2连接正常', '设备故障', '环境温湿度', 1, 854475727, 255, '广州'),
	(135044, 854475681, 9541, '2018-07-12 23:35:14', 0, NULL, '102:854475681', '环境温湿度5连接正常', '设备故障', '环境温湿度', 1, 854475727, 255, '广州'),
	(135045, 854475681, 9540, '2018-07-12 23:35:14', 0, NULL, '102:854475681', '环境温湿度4连接正常', '设备故障', '环境温湿度', 1, 854475727, 255, '广州'),
	(135046, 854475681, 9539, '2018-07-12 23:35:14', 0, NULL, '102:854475681', '环境温湿度3连接正常', '设备故障', '环境温湿度', 1, 854475727, 255, '广州'),
	(135047, 854475649, 9598, '2018-07-12 23:35:14', 0, NULL, '102', 'UPS连线正常', '设备故障', '单相UPS', 1, 854475727, 255, '广州'),
	(135048, 854475681, 9537, '2018-07-12 23:35:19', 0, NULL, '102:854475681', '环境温湿度1连接正常', '设备故障', '环境温湿度', 1, 854475727, 255, '广州'),
	(135049, 854475681, 9542, '2018-07-12 23:35:19', 0, NULL, '102:854475681', '环境温湿度6连接正常', '设备故障', '环境温湿度', 1, 854475727, 255, '广州'),
	(135050, 854475649, 9598, '2018-07-12 23:35:32', 1, NULL, '102', 'UPS断线', '设备故障', '单相UPS', 1, 854475727, 255, '广州'),
	(135051, 854475682, 9572, '2018-07-12 23:36:58', 0, NULL, '102:854475682', '开关量1正常', '设备故障', '环境开关量', 1, 854475727, 255, '广州'),
	(135052, 854475682, 9573, '2018-07-12 23:36:58', 0, NULL, '102:854475682', '开关量2正常', '设备故障', '环境开关量', 1, 854475727, 255, '广州'),
	(135053, 854475682, 9574, '2018-07-12 23:36:58', 0, NULL, '102:854475682', '开关量3正常', '设备故障', '环境开关量', 1, 854475727, 255, '广州'),
	(135054, 854475682, 9575, '2018-07-12 23:36:58', 0, NULL, '102:854475682', '开关量4正常', '设备故障', '环境开关量', 1, 854475727, 255, '广州'),
	(135055, 854475682, 9588, '2018-07-12 23:38:51', 1, NULL, '102:854475682', '网络通讯断线', '设备故障', '环境开关量', 1, 854475727, 255, '广州'),
	(135056, 854475681, 9545, '2018-07-12 23:38:51', 1, NULL, '102:854475681', '网络通讯断线', '设备故障', '环境温湿度', 1, 854475727, 255, '广州'),
	(135057, 854475649, 9599, '2018-07-12 23:38:51', 1, NULL, '102', '网络通讯断线', '设备故障', '单相UPS', 1, 854475727, 255, '广州'),
	(135058, 854475649, 9598, '2018-07-13 05:00:04', 0, NULL, '102', 'UPS连线正常', '设备故障', '单相UPS', 1, 854475727, 255, '广州'),
	(135059, 854475682, 9588, '2018-07-13 05:00:04', 0, NULL, '102:854475682', '网络通讯正常', '设备故障', '环境开关量', 1, 854475727, 255, '广州'),
	(135060, 854475681, 9545, '2018-07-13 05:00:04', 0, NULL, '102:854475681', '网络通讯正常', '设备故障', '环境温湿度', 1, 854475727, 255, '广州'),
	(135061, 854475649, 9599, '2018-07-13 05:00:04', 0, NULL, '102', '网络通讯正常', '设备故障', '单相UPS', 1, 854475727, 255, '广州'),
	(135062, 854475649, 9598, '2018-07-13 05:00:17', 1, NULL, '102', 'UPS断线', '设备故障', '单相UPS', 1, 854475727, 255, '广州'),
	(135063, 854475681, 9538, '2018-07-13 05:02:39', 1, NULL, '102:854475681', '环境温湿度2断线', '设备故障', '环境温湿度', 1, 854475727, 255, '广州'),
	(135064, 854475681, 9540, '2018-07-13 05:02:40', 1, NULL, '102:854475681', '环境温湿度4断线', '设备故障', '环境温湿度', 1, 854475727, 255, '广州'),
	(135065, 854475681, 9539, '2018-07-13 05:02:40', 1, NULL, '102:854475681', '环境温湿度3断线', '设备故障', '环境温湿度', 1, 854475727, 255, '广州'),
	(135066, 854475681, 9541, '2018-07-13 05:02:41', 1, NULL, '102:854475681', '环境温湿度5断线', '设备故障', '环境温湿度', 1, 854475727, 255, '广州'),
	(135067, 854475681, 9542, '2018-07-13 05:02:43', 1, NULL, '102:854475681', '环境温湿度6断线', '设备故障', '环境温湿度', 1, 854475727, 255, '广州'),
	(135068, 854475681, 9537, '2018-07-13 05:02:45', 1, NULL, '102:854475681', '环境温湿度1断线', '设备故障', '环境温湿度', 1, 854475727, 255, '广州'),
	(135069, 854475682, 9588, '2018-07-13 05:07:09', 1, NULL, '102:854475682', '网络通讯断线', '设备故障', '环境开关量', 1, 854475727, 255, '广州'),
	(135070, 854475681, 9545, '2018-07-13 05:07:09', 1, NULL, '102:854475681', '网络通讯断线', '设备故障', '环境温湿度', 1, 854475727, 255, '广州'),
	(135071, 854475649, 9599, '2018-07-13 05:07:09', 1, NULL, '102', '网络通讯断线', '设备故障', '单相UPS', 1, 854475727, 255, '广州'),
	(135072, 854475681, 9542, '2018-07-13 05:14:09', 0, NULL, '102:854475681', '环境温湿度6连接正常', '设备故障', '环境温湿度', 1, 854475727, 255, '广州'),
	(135073, 854475681, 9540, '2018-07-13 05:14:09', 0, NULL, '102:854475681', '环境温湿度4连接正常', '设备故障', '环境温湿度', 1, 854475727, 255, '广州'),
	(135074, 854475682, 9588, '2018-07-13 05:14:09', 0, NULL, '102:854475682', '网络通讯正常', '设备故障', '环境开关量', 1, 854475727, 255, '广州'),
	(135075, 854475681, 9545, '2018-07-13 05:14:09', 0, NULL, '102:854475681', '网络通讯正常', '设备故障', '环境温湿度', 1, 854475727, 255, '广州'),
	(135076, 854475681, 9541, '2018-07-13 05:14:09', 0, NULL, '102:854475681', '环境温湿度5连接正常', '设备故障', '环境温湿度', 1, 854475727, 255, '广州'),
	(135077, 854475649, 9599, '2018-07-13 05:14:09', 0, NULL, '102', '网络通讯正常', '设备故障', '单相UPS', 1, 854475727, 255, '广州'),
	(135078, 854475681, 9537, '2018-07-13 05:14:09', 0, NULL, '102:854475681', '环境温湿度1连接正常', '设备故障', '环境温湿度', 1, 854475727, 255, '广州'),
	(135079, 854475681, 9539, '2018-07-13 05:14:09', 0, NULL, '102:854475681', '环境温湿度3连接正常', '设备故障', '环境温湿度', 1, 854475727, 255, '广州'),
	(135080, 854475681, 9538, '2018-07-13 05:14:09', 0, NULL, '102:854475681', '环境温湿度2连接正常', '设备故障', '环境温湿度', 1, 854475727, 255, '广州'),
	(135081, 854475682, 9588, '2018-07-13 05:15:59', 1, NULL, '102:854475682', '网络通讯断线', '设备故障', '环境开关量', 1, 854475727, 255, '广州'),
	(135082, 854475681, 9545, '2018-07-13 05:15:59', 1, NULL, '102:854475681', '网络通讯断线', '设备故障', '环境温湿度', 1, 854475727, 255, '广州'),
	(135083, 854475649, 9599, '2018-07-13 05:15:59', 1, NULL, '102', '网络通讯断线', '设备故障', '单相UPS', 1, 854475727, 255, '广州'),
	(135084, 854475682, 9588, '2018-07-13 05:21:36', 0, NULL, '102:854475682', '网络通讯正常', '设备故障', '环境开关量', 1, 854475727, 255, '广州'),
	(135085, 854475681, 9545, '2018-07-13 05:21:36', 0, NULL, '102:854475681', '网络通讯正常', '设备故障', '环境温湿度', 1, 854475727, 255, '广州'),
	(135086, 854475649, 9599, '2018-07-13 05:21:36', 0, NULL, '102', '网络通讯正常', '设备故障', '单相UPS', 1, 854475727, 255, '广州'),
	(135087, 854475649, 9598, '2018-07-13 05:21:36', 0, NULL, '102', 'UPS连线正常', '设备故障', '单相UPS', 1, 854475727, 255, '广州'),
	(135088, 854475649, 9598, '2018-07-13 05:21:49', 1, NULL, '102', 'UPS断线', '设备故障', '单相UPS', 1, 854475727, 255, '广州'),
	(135089, 854475681, 9538, '2018-07-13 05:24:08', 1, NULL, '102:854475681', '环境温湿度2断线', '设备故障', '环境温湿度', 1, 854475727, 255, '广州'),
	(135090, 854475681, 9539, '2018-07-13 05:24:10', 1, NULL, '102:854475681', '环境温湿度3断线', '设备故障', '环境温湿度', 1, 854475727, 255, '广州'),
	(135091, 854475681, 9541, '2018-07-13 05:24:11', 1, NULL, '102:854475681', '环境温湿度5断线', '设备故障', '环境温湿度', 1, 854475727, 255, '广州'),
	(135092, 854475681, 9540, '2018-07-13 05:24:11', 1, NULL, '102:854475681', '环境温湿度4断线', '设备故障', '环境温湿度', 1, 854475727, 255, '广州'),
	(135093, 854475681, 9542, '2018-07-13 05:24:13', 1, NULL, '102:854475681', '环境温湿度6断线', '设备故障', '环境温湿度', 1, 854475727, 255, '广州'),
	(135094, 854475681, 9537, '2018-07-13 05:24:14', 1, NULL, '102:854475681', '环境温湿度1断线', '设备故障', '环境温湿度', 1, 854475727, 255, '广州'),
	(135095, 854475681, 9537, '2018-07-13 05:24:51', 0, NULL, '102:854475681', '环境温湿度1连接正常', '设备故障', '环境温湿度', 1, 854475727, 255, '广州'),
	(135096, 854475681, 9542, '2018-07-13 05:24:51', 0, NULL, '102:854475681', '环境温湿度6连接正常', '设备故障', '环境温湿度', 1, 854475727, 255, '广州'),
	(135097, 854475681, 9541, '2018-07-13 05:24:51', 0, NULL, '102:854475681', '环境温湿度5连接正常', '设备故障', '环境温湿度', 1, 854475727, 255, '广州'),
	(135098, 854475681, 9540, '2018-07-13 05:24:51', 0, NULL, '102:854475681', '环境温湿度4连接正常', '设备故障', '环境温湿度', 1, 854475727, 255, '广州'),
	(135099, 854475681, 9539, '2018-07-13 05:24:51', 0, NULL, '102:854475681', '环境温湿度3连接正常', '设备故障', '环境温湿度', 1, 854475727, 255, '广州'),
	(135100, 854475681, 9538, '2018-07-13 05:24:51', 0, NULL, '102:854475681', '环境温湿度2连接正常', '设备故障', '环境温湿度', 1, 854475727, 255, '广州'),
	(135101, 854475649, 9598, '2018-07-13 05:24:51', 0, NULL, '102', 'UPS连线正常', '设备故障', '单相UPS', 1, 854475727, 255, '广州'),
	(135102, 854475649, 9598, '2018-07-13 05:25:04', 1, NULL, '102', 'UPS断线', '设备故障', '单相UPS', 1, 854475727, 255, '广州'),
	(135103, 854475649, 9598, '2018-07-13 05:25:39', 0, NULL, '102', 'UPS连线正常', '设备故障', '单相UPS', 1, 854475727, 255, '广州'),
	(135104, 854475649, 9598, '2018-07-13 05:25:52', 1, NULL, '102', 'UPS断线', '设备故障', '单相UPS', 1, 854475727, 255, '广州'),
	(135105, 854475682, 9588, '2018-07-13 05:29:00', 1, NULL, '102:854475682', '网络通讯断线', '设备故障', '环境开关量', 1, 854475727, 255, '广州'),
	(135106, 854475681, 9545, '2018-07-13 05:29:00', 1, NULL, '102:854475681', '网络通讯断线', '设备故障', '环境温湿度', 1, 854475727, 255, '广州'),
	(135107, 854475649, 9599, '2018-07-13 05:29:00', 1, NULL, '102', '网络通讯断线', '设备故障', '单相UPS', 1, 854475727, 255, '广州'),
	(135108, 854475682, 9588, '2018-07-13 05:43:15', 0, NULL, '102:854475682', '网络通讯正常', '设备故障', '环境开关量', 1, 854475727, 255, '广州'),
	(135109, 854475681, 9545, '2018-07-13 05:43:15', 0, NULL, '102:854475681', '网络通讯正常', '设备故障', '环境温湿度', 1, 854475727, 255, '广州'),
	(135110, 854475649, 9599, '2018-07-13 05:43:15', 0, NULL, '102', '网络通讯正常', '设备故障', '单相UPS', 1, 854475727, 255, '广州'),
	(135111, 854475649, 9598, '2018-07-13 05:43:15', 0, NULL, '102', 'UPS连线正常', '设备故障', '单相UPS', 1, 854475727, 255, '广州'),
	(135112, 854475649, 9598, '2018-07-13 05:43:28', 1, NULL, '102', 'UPS断线', '设备故障', '单相UPS', 1, 854475727, 255, '广州'),
	(135113, 854475649, 9598, '2018-07-13 05:46:02', 0, NULL, '102', 'UPS连线正常', '设备故障', '单相UPS', 1, 854475727, 255, '广州'),
	(135114, 854475649, 9598, '2018-07-13 05:46:16', 1, NULL, '102', 'UPS断线', '设备故障', '单相UPS', 1, 854475727, 255, '广州'),
	(135115, 854475681, 9538, '2018-07-13 05:48:35', 1, NULL, '102:854475681', '环境温湿度2断线', '设备故障', '环境温湿度', 1, 854475727, 255, '广州'),
	(135116, 854475681, 9540, '2018-07-13 05:48:36', 1, NULL, '102:854475681', '环境温湿度4断线', '设备故障', '环境温湿度', 1, 854475727, 255, '广州'),
	(135117, 854475681, 9539, '2018-07-13 05:48:36', 1, NULL, '102:854475681', '环境温湿度3断线', '设备故障', '环境温湿度', 1, 854475727, 255, '广州'),
	(135118, 854475681, 9541, '2018-07-13 05:48:38', 1, NULL, '102:854475681', '环境温湿度5断线', '设备故障', '环境温湿度', 1, 854475727, 255, '广州'),
	(135119, 854475681, 9542, '2018-07-13 05:48:39', 1, NULL, '102:854475681', '环境温湿度6断线', '设备故障', '环境温湿度', 1, 854475727, 255, '广州'),
	(135120, 854475681, 9537, '2018-07-13 05:48:41', 1, NULL, '102:854475681', '环境温湿度1断线', '设备故障', '环境温湿度', 1, 854475727, 255, '广州'),
	(135121, 854475682, 9588, '2018-07-13 05:51:31', 1, NULL, '102:854475682', '网络通讯断线', '设备故障', '环境开关量', 1, 854475727, 255, '广州'),
	(135122, 854475681, 9545, '2018-07-13 05:51:31', 1, NULL, '102:854475681', '网络通讯断线', '设备故障', '环境温湿度', 1, 854475727, 255, '广州'),
	(135123, 854475649, 9599, '2018-07-13 05:51:31', 1, NULL, '102', '网络通讯断线', '设备故障', '单相UPS', 1, 854475727, 255, '广州'),
	(135124, 854475682, 9588, '2018-07-13 05:53:27', 0, NULL, '102:854475682', '网络通讯正常', '设备故障', '环境开关量', 1, 854475727, 255, '广州'),
	(135125, 854475681, 9545, '2018-07-13 05:53:27', 0, NULL, '102:854475681', '网络通讯正常', '设备故障', '环境温湿度', 1, 854475727, 255, '广州'),
	(135126, 854475649, 9599, '2018-07-13 05:53:27', 0, NULL, '102', '网络通讯正常', '设备故障', '单相UPS', 1, 854475727, 255, '广州'),
	(135127, 854475681, 9537, '2018-07-13 05:53:27', 0, NULL, '102:854475681', '环境温湿度1连接正常', '设备故障', '环境温湿度', 1, 854475727, 255, '广州'),
	(135128, 854475681, 9542, '2018-07-13 05:53:27', 0, NULL, '102:854475681', '环境温湿度6连接正常', '设备故障', '环境温湿度', 1, 854475727, 255, '广州'),
	(135129, 854475681, 9541, '2018-07-13 05:53:27', 0, NULL, '102:854475681', '环境温湿度5连接正常', '设备故障', '环境温湿度', 1, 854475727, 255, '广州'),
	(135130, 854475681, 9540, '2018-07-13 05:53:27', 0, NULL, '102:854475681', '环境温湿度4连接正常', '设备故障', '环境温湿度', 1, 854475727, 255, '广州'),
	(135131, 854475681, 9539, '2018-07-13 05:53:27', 0, NULL, '102:854475681', '环境温湿度3连接正常', '设备故障', '环境温湿度', 1, 854475727, 255, '广州'),
	(135132, 854475681, 9538, '2018-07-13 05:53:27', 0, NULL, '102:854475681', '环境温湿度2连接正常', '设备故障', '环境温湿度', 1, 854475727, 255, '广州'),
	(135133, 854475649, 9598, '2018-07-13 05:53:27', 0, NULL, '102', 'UPS连线正常', '设备故障', '单相UPS', 1, 854475727, 255, '广州'),
	(135134, 854475649, 9598, '2018-07-13 05:53:40', 1, NULL, '102', 'UPS断线', '设备故障', '单相UPS', 1, 854475727, 255, '广州'),
	(135135, 854475682, 9588, '2018-07-13 05:55:41', 1, NULL, '102:854475682', '网络通讯断线', '设备故障', '环境开关量', 1, 854475727, 255, '广州'),
	(135136, 854475681, 9545, '2018-07-13 05:55:41', 1, NULL, '102:854475681', '网络通讯断线', '设备故障', '环境温湿度', 1, 854475727, 255, '广州'),
	(135137, 854475649, 9599, '2018-07-13 05:55:41', 1, NULL, '102', '网络通讯断线', '设备故障', '单相UPS', 1, 854475727, 255, '广州'),
	(135138, 854475682, 9588, '2018-07-13 05:55:50', 0, NULL, '102:854475682', '网络通讯正常', '设备故障', '环境开关量', 1, 854475727, 255, '广州'),
	(135139, 854475681, 9545, '2018-07-13 05:55:50', 0, NULL, '102:854475681', '网络通讯正常', '设备故障', '环境温湿度', 1, 854475727, 255, '广州'),
	(135140, 854475649, 9599, '2018-07-13 05:55:50', 0, NULL, '102', '网络通讯正常', '设备故障', '单相UPS', 1, 854475727, 255, '广州'),
	(135141, 854475649, 9598, '2018-07-13 05:55:50', 0, NULL, '102', 'UPS连线正常', '设备故障', '单相UPS', 1, 854475727, 255, '广州'),
	(135142, 854475649, 9598, '2018-07-13 05:56:04', 1, NULL, '102', 'UPS断线', '设备故障', '单相UPS', 1, 854475727, 255, '广州'),
	(135143, 854475681, 9538, '2018-07-13 05:58:21', 1, NULL, '102:854475681', '环境温湿度2断线', '设备故障', '环境温湿度', 1, 854475727, 255, '广州'),
	(135144, 854475681, 9539, '2018-07-13 05:58:23', 1, NULL, '102:854475681', '环境温湿度3断线', '设备故障', '环境温湿度', 1, 854475727, 255, '广州'),
	(135145, 854475681, 9540, '2018-07-13 05:58:24', 1, NULL, '102:854475681', '环境温湿度4断线', '设备故障', '环境温湿度', 1, 854475727, 255, '广州'),
	(135146, 854475681, 9541, '2018-07-13 05:58:26', 1, NULL, '102:854475681', '环境温湿度5断线', '设备故障', '环境温湿度', 1, 854475727, 255, '广州'),
	(135147, 854475681, 9542, '2018-07-13 05:58:27', 1, NULL, '102:854475681', '环境温湿度6断线', '设备故障', '环境温湿度', 1, 854475727, 255, '广州'),
	(135148, 854475681, 9537, '2018-07-13 05:58:27', 1, NULL, '102:854475681', '环境温湿度1断线', '设备故障', '环境温湿度', 1, 854475727, 255, '广州'),
	(135149, 854475682, 9575, '2018-07-13 06:23:09', 1, NULL, '102:854475682', '开关量4异常', '设备故障', '环境开关量', 1, 854475727, 255, '广州'),
	(135150, 854475682, 9575, '2018-07-13 06:23:11', 0, NULL, '102:854475682', '开关量4正常', '设备故障', '环境开关量', 1, 854475727, 255, '广州'),
	(135151, 854475682, 9588, '2018-07-13 17:50:42', 1, NULL, '102:854475682', '网络通讯断线', '设备故障', '环境开关量', 1, 854475727, 255, '广州'),
	(135152, 854475681, 9545, '2018-07-13 17:50:42', 1, NULL, '102:854475681', '网络通讯断线', '设备故障', '环境温湿度', 1, 854475727, 255, '广州'),
	(135153, 854475649, 9599, '2018-07-13 17:50:42', 1, NULL, '102', '网络通讯断线', '设备故障', '单相UPS', 1, 854475727, 255, '广州'),
	(135154, 951412353, 9598, '2018-07-13 19:04:28', 0, NULL, '112', 'UPS连线正常', '设备故障', '单相UPS', 1, 951412422, 255, '广州'),
	(135155, 951412385, 9537, '2018-07-13 19:04:28', 0, NULL, '112:951412385', '环境温湿度1连接正常', '设备故障', '环境温湿度', 1, 951412422, 255, '广州'),
	(135156, 951412353, 9598, '2018-07-13 19:04:41', 1, NULL, '112', 'UPS断线', '设备故障', '单相UPS', 1, 951412422, 255, '广州'),
	(135157, 951412385, 9537, '2018-07-13 19:04:49', 1, NULL, '112:951412385', '环境温湿度1断线', '设备故障', '环境温湿度', 1, 951412422, 255, '广州'),
	(135158, 951412385, 9537, '2018-07-13 19:06:15', 0, NULL, '112:951412385', '环境温湿度1连接正常', '设备故障', '环境温湿度', 1, 951412422, 255, '广州'),
	(135159, 951412353, 9598, '2018-07-13 19:06:15', 0, NULL, '112', 'UPS连线正常', '设备故障', '单相UPS', 1, 951412422, 255, '广州'),
	(135160, 951412353, 9598, '2018-07-13 19:06:28', 1, NULL, '112', 'UPS断线', '设备故障', '单相UPS', 1, 951412422, 255, '广州'),
	(135161, 951412385, 9537, '2018-07-13 19:06:35', 1, NULL, '112:951412385', '环境温湿度1断线', '设备故障', '环境温湿度', 1, 951412422, 255, '广州'),
	(135162, 988627073, 9599, '2018-07-14 00:52:28', 1, NULL, '113', '网络通讯断线', '设备故障', '单相UPS', 1, 988627143, 255, '广州'),
	(135163, 988627105, 9545, '2018-07-14 00:52:28', 1, NULL, '113:988627105', '网络通讯断线', '设备故障', '环境温湿度', 1, 988627143, 255, '广州'),
	(135164, 988627106, 9588, '2018-07-14 00:52:28', 1, NULL, '113:988627106', '网络通讯断线', '设备故障', '环境开关量', 1, 988627143, 255, '广州'),
	(135165, 951412353, 9599, '2018-07-14 00:52:28', 1, NULL, '112', '网络通讯断线', '设备故障', '单相UPS', 1, 951412422, 255, '广州'),
	(135166, 951412385, 9545, '2018-07-14 00:52:28', 1, NULL, '112:951412385', '网络通讯断线', '设备故障', '环境温湿度', 1, 951412422, 255, '广州'),
	(135167, 951412386, 9588, '2018-07-14 00:52:28', 1, NULL, '112:951412386', '网络通讯断线', '设备故障', '环境开关量', 1, 951412422, 255, '广州'),
	(135168, 988627073, 9599, '2018-07-14 01:13:56', 0, NULL, '113', '网络通讯正常', '设备故障', '单相UPS', 1, 988627143, 255, '广州'),
	(135169, 988627105, 9545, '2018-07-14 01:13:56', 0, NULL, '113:988627105', '网络通讯正常', '设备故障', '环境温湿度', 1, 988627143, 255, '广州'),
	(135170, 988627106, 9588, '2018-07-14 01:13:56', 0, NULL, '113:988627106', '网络通讯正常', '设备故障', '环境开关量', 1, 988627143, 255, '广州'),
	(135171, 951412353, 9599, '2018-07-14 01:13:56', 0, NULL, '112', '网络通讯正常', '设备故障', '单相UPS', 1, 951412422, 255, '广州'),
	(135172, 951412385, 9545, '2018-07-14 01:13:56', 0, NULL, '112:951412385', '网络通讯正常', '设备故障', '环境温湿度', 1, 951412422, 255, '广州'),
	(135173, 951412386, 9588, '2018-07-14 01:13:56', 0, NULL, '112:951412386', '网络通讯正常', '设备故障', '环境开关量', 1, 951412422, 255, '广州'),
	(135174, 951412386, 9588, '2018-07-14 01:20:52', 1, NULL, '112:951412386', '网络通讯断线', '设备故障', '环境开关量', 1, 951412422, 255, '广州'),
	(135175, 951412385, 9545, '2018-07-14 01:20:52', 1, NULL, '112:951412385', '网络通讯断线', '设备故障', '环境温湿度', 1, 951412422, 255, '广州'),
	(135176, 951412353, 9599, '2018-07-14 01:20:52', 1, NULL, '112', '网络通讯断线', '设备故障', '单相UPS', 1, 951412422, 255, '广州'),
	(135177, 988627106, 9588, '2018-07-14 01:20:52', 1, NULL, '113:988627106', '网络通讯断线', '设备故障', '环境开关量', 1, 988627143, 255, '广州'),
	(135178, 988627105, 9545, '2018-07-14 01:20:52', 1, NULL, '113:988627105', '网络通讯断线', '设备故障', '环境温湿度', 1, 988627143, 255, '广州'),
	(135179, 988627073, 9599, '2018-07-14 01:20:52', 1, NULL, '113', '网络通讯断线', '设备故障', '单相UPS', 1, 988627143, 255, '广州'),
	(135180, 865335169, 9599, '2018-08-10 14:31:57', 1, NULL, '1U设备', '网络通讯断线', '设备故障', '单相UPS', 1, 865335271, 255, '广州'),
	(135181, 865335171, 9599, '2018-08-10 14:31:57', 1, NULL, '1U设备:865335171', '网络通讯断线', '设备故障', '单相UPS', 1, 865335271, 255, '广州'),
	(135182, 865335183, 9571, '2018-08-10 14:31:57', 1, NULL, '1U设备:865335183', '网络通讯断线', '设备故障', '精密空调', 1, 865335271, 255, '广州'),
	(135183, 865335209, 9545, '2018-08-10 14:31:57', 1, NULL, '1U设备:865335209', '网络通讯断线', '设备故障', '环境温湿度', 1, 865335271, 255, '广州'),
	(135184, 865335210, 9588, '2018-08-10 14:31:57', 1, NULL, '1U设备:865335210', '网络通讯断线', '设备故障', '环境开关量', 1, 865335271, 255, '广州'),
	(135185, 1523721601, 9599, '2018-08-10 14:31:57', 1, NULL, 'UPS', '网络通讯断线', '设备故障', '单相UPS', 1, 1523721674, 255, '广州'),
	(135186, 988627073, 9599, '2018-08-10 14:31:57', 1, NULL, '113', '网络通讯断线', '设备故障', '单相UPS', 1, 988627143, 255, '广州'),
	(135187, 988627105, 9545, '2018-08-10 14:31:57', 1, NULL, '113:988627105', '网络通讯断线', '设备故障', '环境温湿度', 1, 988627143, 255, '广州'),
	(135188, 988627106, 9588, '2018-08-10 14:31:57', 1, NULL, '113:988627106', '网络通讯断线', '设备故障', '环境开关量', 1, 988627143, 255, '广州'),
	(135189, 854475649, 9599, '2018-08-10 14:31:57', 1, NULL, '102', '网络通讯断线', '设备故障', '单相UPS', 1, 854475727, 255, '广州'),
	(135190, 854475681, 9545, '2018-08-10 14:31:57', 1, NULL, '102:854475681', '网络通讯断线', '设备故障', '环境温湿度', 1, 854475727, 255, '广州'),
	(135191, 854475682, 9588, '2018-08-10 14:31:57', 1, NULL, '102:854475682', '网络通讯断线', '设备故障', '环境开关量', 1, 854475727, 255, '广州'),
	(135192, 951412353, 9599, '2018-08-10 14:31:57', 1, NULL, '112', '网络通讯断线', '设备故障', '单相UPS', 1, 951412422, 255, '广州'),
	(135193, 951412385, 9545, '2018-08-10 14:31:57', 1, NULL, '112:951412385', '网络通讯断线', '设备故障', '环境温湿度', 1, 951412422, 255, '广州'),
	(135194, 951412386, 9588, '2018-08-10 14:31:57', 1, NULL, '112:951412386', '网络通讯断线', '设备故障', '环境开关量', 1, 951412422, 255, '广州'),
	(135195, 865335169, 9599, '2018-08-11 09:59:34', 1, NULL, '1U设备', '网络通讯断线', '设备故障', '单相UPS', 1, 865335271, 255, '广州'),
	(135196, 865335171, 9599, '2018-08-11 09:59:34', 1, NULL, '1U设备:865335171', '网络通讯断线', '设备故障', '单相UPS', 1, 865335271, 255, '广州'),
	(135197, 865335183, 9571, '2018-08-11 09:59:34', 1, NULL, '1U设备:865335183', '网络通讯断线', '设备故障', '精密空调', 1, 865335271, 255, '广州'),
	(135198, 865335209, 9545, '2018-08-11 09:59:34', 1, NULL, '1U设备:865335209', '网络通讯断线', '设备故障', '环境温湿度', 1, 865335271, 255, '广州'),
	(135199, 865335210, 9588, '2018-08-11 09:59:34', 1, NULL, '1U设备:865335210', '网络通讯断线', '设备故障', '环境开关量', 1, 865335271, 255, '广州'),
	(135200, 1523721601, 9599, '2018-08-11 09:59:34', 1, NULL, 'UPS', '网络通讯断线', '设备故障', '单相UPS', 1, 1523721674, 255, '广州'),
	(135201, 676214794, 9450, '2018-08-11 09:59:34', 1, NULL, '三相UPS', '网络通讯断线', '设备故障', '三相UPS', 1, 676214843, 255, '广州'),
	(135202, 988627073, 9599, '2018-08-11 09:59:34', 1, NULL, '113', '网络通讯断线', '设备故障', '单相UPS', 1, 988627143, 255, '广州'),
	(135203, 988627105, 9545, '2018-08-11 09:59:34', 1, NULL, '113:988627105', '网络通讯断线', '设备故障', '环境温湿度', 1, 988627143, 255, '广州'),
	(135204, 988627106, 9588, '2018-08-11 09:59:34', 1, NULL, '113:988627106', '网络通讯断线', '设备故障', '环境开关量', 1, 988627143, 255, '广州'),
	(135205, 854475649, 9599, '2018-08-11 09:59:34', 1, NULL, '102', '网络通讯断线', '设备故障', '单相UPS', 1, 854475727, 255, '广州'),
	(135206, 854475681, 9545, '2018-08-11 09:59:34', 1, NULL, '102:854475681', '网络通讯断线', '设备故障', '环境温湿度', 1, 854475727, 255, '广州'),
	(135207, 854475682, 9588, '2018-08-11 09:59:34', 1, NULL, '102:854475682', '网络通讯断线', '设备故障', '环境开关量', 1, 854475727, 255, '广州'),
	(135208, 951412353, 9599, '2018-08-11 09:59:34', 1, NULL, '112', '网络通讯断线', '设备故障', '单相UPS', 1, 951412422, 255, '广州'),
	(135209, 951412385, 9545, '2018-08-11 09:59:34', 1, NULL, '112:951412385', '网络通讯断线', '设备故障', '环境温湿度', 1, 951412422, 255, '广州'),
	(135210, 951412386, 9588, '2018-08-11 09:59:34', 1, NULL, '112:951412386', '网络通讯断线', '设备故障', '环境开关量', 1, 951412422, 255, '广州'),
	(135211, 865335210, 9588, '2018-08-11 10:31:49', 0, NULL, '测试设备:865335210', '网络通讯正常', '设备故障', '环境开关量', 1, 865335271, 256, '广州'),
	(135212, 676214794, 9450, '2018-08-11 11:43:24', 1, NULL, '三相UPS', '网络通讯断线', '设备故障', '三相UPS', 1, 676214843, 257, '海珠'),
	(135213, 886738703, 9568, '2018-08-11 15:49:05', 1, NULL, '电量仪:886738703', '一般告警', '设备故障', '精密空调', 1, 886738807, 257, '海珠'),
	(135214, 886738703, 9561, '2018-08-11 15:50:16', 1, NULL, '电量仪:886738703', '低温报警', '设备故障', '精密空调', 1, 886738807, 257, '海珠'),
	(135215, 886738703, 9568, '2018-08-11 17:30:47', 0, NULL, '电量仪:886738703', '一般告警取消', '设备故障', '精密空调', 1, 886738807, 257, '海珠'),
	(135216, 886738703, 9571, '2018-08-11 18:18:54', 1, NULL, '电量仪:886738703', '网络通讯断线', '设备故障', '精密空调', 1, 886738807, 257, '海珠'),
	(135217, 886738729, 9545, '2018-08-11 18:18:54', 1, NULL, '电量仪:886738729', '网络通讯断线', '设备故障', '环境温湿度', 1, 886738807, 257, '海珠'),
	(135218, 886738730, 9588, '2018-08-11 18:18:54', 1, NULL, '电量仪:886738730', '网络通讯断线', '设备故障', '环境开关量', 1, 886738807, 257, '海珠'),
	(135219, 886738703, 9571, '2018-08-11 18:23:23', 0, NULL, '电量仪:886738703', '网络通讯正常', '设备故障', '精密空调', 1, 886738807, 257, '海珠'),
	(135220, 886738703, 9561, '2018-08-11 18:23:23', 0, NULL, '电量仪:886738703', '温度正常', '设备故障', '精密空调', 1, 886738807, 257, '海珠'),
	(135221, 886738729, 9545, '2018-08-11 18:23:23', 0, NULL, '电量仪:886738729', '网络通讯正常', '设备故障', '环境温湿度', 1, 886738807, 257, '海珠'),
	(135222, 886738730, 9588, '2018-08-11 18:23:23', 0, NULL, '电量仪:886738730', '网络通讯正常', '设备故障', '环境开关量', 1, 886738807, 257, '海珠'),
	(135223, 886738703, 9561, '2018-08-11 18:24:07', 1, NULL, '电量仪:886738703', '低温报警', '设备故障', '精密空调', 1, 886738807, 257, '海珠'),
	(135224, 886738703, 9560, '2018-08-11 18:25:27', 1, NULL, '电量仪:886738703', '高湿报警', '设备故障', '精密空调', 1, 886738807, 257, '海珠'),
	(135225, 886738703, 9562, '2018-08-11 18:26:06', 1, NULL, '电量仪:886738703', '低湿报警', '设备故障', '精密空调', 1, 886738807, 257, '海珠'),
	(135226, 886738703, 9564, '2018-08-11 18:36:42', 1, NULL, '电量仪:886738703', '加湿器故障', '设备故障', '精密空调', 1, 886738807, 257, '海珠'),
	(135227, 886738703, 9565, '2018-08-11 18:39:11', 1, NULL, '电量仪:886738703', '漏水报警', '设备故障', '精密空调', 1, 886738807, 257, '海珠'),
	(135228, 886738703, 9566, '2018-08-11 18:40:31', 1, NULL, '电量仪:886738703', '电源故障', '设备故障', '精密空调', 1, 886738807, 257, '海珠'),
	(135229, 886738703, 9567, '2018-08-11 18:42:31', 1, NULL, '电量仪:886738703', '烟火报警', '设备故障', '精密空调', 1, 886738807, 257, '海珠'),
	(135230, 886738703, 9563, '2018-08-11 18:59:34', 1, NULL, '电量仪:886738703', '风机故障', '设备故障', '精密空调', 1, 886738807, 257, '海珠'),
	(135231, 886738703, 9570, '2018-08-11 19:07:41', 1, NULL, '电量仪:886738703', '压缩机故障', '设备故障', '精密空调', 1, 886738807, 257, '海珠'),
	(135232, 886738703, 9568, '2018-08-11 19:10:40', 1, NULL, '电量仪:886738703', '一般告警', '设备故障', '精密空调', 1, 886738807, 257, '海珠'),
	(135233, 676214785, 9590, '2018-08-12 15:59:59', 1, NULL, '三相UPS:676214785', 'UPS喇叭开', '设备故障', '单相UPS', 1, 676214843, 257, '海珠'),
	(135234, 886738703, 9571, '2018-08-12 16:02:41', 1, NULL, '电量仪:886738703', '网络通讯断线', '设备故障', '精密空调', 1, 886738807, 257, '海珠'),
	(135235, 886738729, 9545, '2018-08-12 16:02:41', 1, NULL, '电量仪:886738729', '网络通讯断线', '设备故障', '环境温湿度', 1, 886738807, 257, '海珠'),
	(135236, 886738730, 9588, '2018-08-12 16:02:41', 1, NULL, '电量仪:886738730', '网络通讯断线', '设备故障', '环境开关量', 1, 886738807, 257, '海珠'),
	(135237, 865335169, 9599, '2018-08-12 19:02:38', 1, NULL, 'UPS-1U', '网络通讯断线', '设备故障', '单相UPS', 1, 865335271, 260, '广州'),
	(135238, 865335169, 9599, '2018-08-12 19:05:11', 0, NULL, 'UPS-1U', '网络通讯正常', '设备故障', '单相UPS', 1, 865335271, 260, '广州'),
	(135239, 865335179, 9450, '2018-08-12 19:06:18', 1, NULL, 'UPS-1U:865335179', '网络通讯断线', '设备故障', '三相UPS', 1, 865335271, 260, '广州'),
	(135240, 865335169, 9599, '2018-08-12 19:08:18', 1, NULL, 'UPS-1U', '网络通讯断线', '设备故障', '单相UPS', 1, 865335271, 260, '广州'),
	(135241, 865335210, 9588, '2018-08-12 19:08:18', 1, NULL, 'UPS-1U:865335210', '网络通讯断线', '设备故障', '环境开关量', 1, 865335271, 260, '广州'),
	(135242, 865335169, 9599, '2018-08-12 19:42:28', 0, NULL, '1U设备', '网络通讯正常', '设备故障', '单相UPS', 1, 865335271, 260, '广州'),
	(135243, 865335210, 9588, '2018-08-12 19:42:38', 0, NULL, '1U设备:865335210', '网络通讯正常', '设备故障', '环境开关量', 1, 865335271, 260, '广州'),
	(135244, 886738701, 9559, '2018-08-13 11:03:25', 1, NULL, '精密空调', '高温报警', '设备故障', '精密空调', 1, 886738807, 260, '广州'),
	(135245, 886738701, 9560, '2018-08-13 11:03:25', 1, NULL, '精密空调', '高湿报警', '设备故障', '精密空调', 1, 886738807, 260, '广州'),
	(135246, 886738701, 9561, '2018-08-13 11:03:25', 1, NULL, '精密空调', '低温报警', '设备故障', '精密空调', 1, 886738807, 260, '广州'),
	(135247, 886738701, 9562, '2018-08-13 11:03:25', 1, NULL, '精密空调', '低湿报警', '设备故障', '精密空调', 1, 886738807, 260, '广州'),
	(135248, 886738701, 9563, '2018-08-13 11:03:25', 1, NULL, '精密空调', '风机故障', '设备故障', '精密空调', 1, 886738807, 260, '广州'),
	(135249, 886738701, 9564, '2018-08-13 11:03:25', 1, NULL, '精密空调', '加湿器故障', '设备故障', '精密空调', 1, 886738807, 260, '广州'),
	(135250, 886738701, 9565, '2018-08-13 11:03:25', 1, NULL, '精密空调', '漏水报警', '设备故障', '精密空调', 1, 886738807, 260, '广州'),
	(135251, 886738701, 9566, '2018-08-13 11:03:25', 1, NULL, '精密空调', '电源故障', '设备故障', '精密空调', 1, 886738807, 260, '广州'),
	(135252, 886738701, 9567, '2018-08-13 11:03:25', 1, NULL, '精密空调', '烟火报警', '设备故障', '精密空调', 1, 886738807, 260, '广州'),
	(135253, 886738701, 9568, '2018-08-13 11:03:25', 1, NULL, '精密空调', '一般告警', '设备故障', '精密空调', 1, 886738807, 260, '广州'),
	(135254, 886738701, 9570, '2018-08-13 11:03:25', 1, NULL, '精密空调', '压缩机故障', '设备故障', '精密空调', 1, 886738807, 260, '广州'),
	(135255, 865335183, 9569, '2018-08-13 11:03:25', 1, NULL, '1U设备:865335183', '通讯故障', '设备故障', '精密空调', 1, 865335271, 260, '广州'),
	(135256, 676214785, 9590, '2018-08-13 11:03:25', 1, NULL, '单相UPS', 'UPS喇叭开', '设备故障', '单相UPS', 1, 676214843, 260, '广州'),
	(135257, 886738701, 9559, '2018-08-13 11:13:17', 0, NULL, '精密空调', '温度正常', '设备故障', '精密空调', 1, 886738807, 260, '广州'),
	(135258, 886738701, 9560, '2018-08-13 11:13:17', 0, NULL, '精密空调', '湿度正常', '设备故障', '精密空调', 1, 886738807, 260, '广州'),
	(135259, 886738701, 9561, '2018-08-13 11:13:17', 0, NULL, '精密空调', '温度正常', '设备故障', '精密空调', 1, 886738807, 260, '广州'),
	(135260, 886738701, 9562, '2018-08-13 11:13:17', 0, NULL, '精密空调', '湿度正常', '设备故障', '精密空调', 1, 886738807, 260, '广州'),
	(135261, 886738701, 9563, '2018-08-13 11:13:17', 0, NULL, '精密空调', '风机正常', '设备故障', '精密空调', 1, 886738807, 260, '广州'),
	(135262, 886738701, 9564, '2018-08-13 11:13:17', 0, NULL, '精密空调', '加湿器正常', '设备故障', '精密空调', 1, 886738807, 260, '广州'),
	(135263, 886738701, 9565, '2018-08-13 11:13:17', 0, NULL, '精密空调', '漏水报警取消', '设备故障', '精密空调', 1, 886738807, 260, '广州'),
	(135264, 886738701, 9566, '2018-08-13 11:13:17', 0, NULL, '精密空调', '电源正常', '设备故障', '精密空调', 1, 886738807, 260, '广州'),
	(135265, 886738701, 9567, '2018-08-13 11:13:17', 0, NULL, '精密空调', '烟火报警取消', '设备故障', '精密空调', 1, 886738807, 260, '广州'),
	(135266, 886738701, 9568, '2018-08-13 11:13:17', 0, NULL, '精密空调', '一般告警取消', '设备故障', '精密空调', 1, 886738807, 260, '广州'),
	(135267, 886738701, 9570, '2018-08-13 11:13:17', 0, NULL, '精密空调', '压缩机正常', '设备故障', '精密空调', 1, 886738807, 260, '广州'),
	(135268, 886738701, 9571, '2018-08-13 11:13:17', 1, NULL, '精密空调', '网络通讯断线', '设备故障', '精密空调', 1, 886738807, 260, '广州'),
	(135269, 886738730, 9588, '2018-08-13 11:13:17', 1, NULL, '干接点', '网络通讯断线', '设备故障', '环境开关量', 1, 886738807, 260, '广州'),
	(135270, 886738701, 9571, '2018-08-13 11:14:41', 1, NULL, '精密空调', '网络通讯断线', '设备故障', '精密空调', 1, 886738807, 260, '广州'),
	(135271, 886738730, 9588, '2018-08-13 11:14:41', 1, NULL, '干接点', '网络通讯断线', '设备故障', '环境开关量', 1, 886738807, 260, '广州'),
	(135272, 865335183, 9569, '2018-08-13 11:14:41', 1, NULL, '1U设备:865335183', '通讯故障', '设备故障', '精密空调', 1, 865335271, 260, '广州'),
	(135273, 676214785, 9590, '2018-08-13 11:14:41', 1, NULL, '单相UPS', 'UPS喇叭开', '设备故障', '单相UPS', 1, 676214843, 260, '广州'),
	(135274, 886738701, 9571, '2018-08-13 11:15:35', 1, NULL, '精密空调', '网络通讯断线', '设备故障', '精密空调', 1, 886738807, 260, '广州'),
	(135275, 886738730, 9588, '2018-08-13 11:15:35', 1, NULL, '干接点', '网络通讯断线', '设备故障', '环境开关量', 1, 886738807, 260, '广州'),
	(135276, 865335183, 9569, '2018-08-13 11:15:35', 1, NULL, '1U设备:865335183', '通讯故障', '设备故障', '精密空调', 1, 865335271, 260, '广州'),
	(135277, 676214785, 9590, '2018-08-13 11:15:35', 1, NULL, '单相UPS', 'UPS喇叭开', '设备故障', '单相UPS', 1, 676214843, 260, '广州'),
	(135278, 676214785, 9594, '2018-08-13 11:22:59', 1, NULL, '单相UPS', 'UPS旁路', '设备故障', '单相UPS', 1, 676214843, 260, '广州'),
	(135279, 676214785, 9594, '2018-08-13 11:27:48', 0, NULL, '单相UPS', 'UPS旁路取消', '设备故障', '单相UPS', 1, 676214843, 260, '广州'),
	(135280, 676214785, 9596, '2018-08-13 11:33:08', 1, NULL, '单相UPS', 'UPS市电中断', '设备故障', '单相UPS', 1, 676214843, 260, '广州'),
	(135281, 676214785, 9596, '2018-08-13 11:34:15', 0, NULL, '单相UPS', 'UPS市电正常', '设备故障', '单相UPS', 1, 676214843, 260, '广州'),
	(135282, 886738701, 9571, '2018-08-13 11:47:35', 0, NULL, '精密空调', '网络通讯正常', '设备故障', '精密空调', 1, 886738807, 260, '广州'),
	(135283, 886738730, 9588, '2018-08-13 11:47:35', 0, NULL, '干接点', '网络通讯正常', '设备故障', '环境开关量', 1, 886738807, 260, '广州'),
	(135284, 886738701, 9569, '2018-08-13 11:47:39', 1, NULL, '精密空调', '通讯故障', '设备故障', '精密空调', 1, 886738807, 260, '广州'),
	(135285, 865335183, 9569, '2018-08-13 15:25:25', 1, NULL, '1U设备:865335169::865335183', '通讯故障', '设备故障', '精密空调', 1, 865335271, 260, '广州'),
	(135286, 676214785, 9590, '2018-08-13 15:25:25', 1, NULL, '单相UPS:676214785', 'UPS喇叭开', '设备故障', '单相UPS', 1, 676214843, 260, '广州');
/*!40000 ALTER TABLE `t_historywarn` ENABLE KEYS */;

-- 导出  表 homestead.t_phpwarn 结构
CREATE TABLE IF NOT EXISTS `t_phpwarn` (
  `pdi_index` int(10) NOT NULL AUTO_INCREMENT,
  `rs_index` int(10) NOT NULL DEFAULT '0',
  `pdi_devid` int(10) NOT NULL DEFAULT '0',
  `pdi_name` varchar(64) NOT NULL DEFAULT '',
  `pdi_type` int(10) NOT NULL DEFAULT '0',
  `pdi_typename` varchar(64) NOT NULL DEFAULT '',
  `pdi_typememo` varchar(255) DEFAULT NULL,
  `Pdi_netoff` int(10) NOT NULL DEFAULT '0',
  `Pdi_devoff` int(10) NOT NULL DEFAULT '0',
  `pdi_warnlevel` int(10) NOT NULL DEFAULT '0',
  `pdi_warnname` varchar(64) NOT NULL DEFAULT '',
  `pdi_warnId` int(4) NOT NULL DEFAULT '0',
  `pdi_warnPId` bigint(20) NOT NULL DEFAULT '0',
  `pdi_warnDId` int(11) NOT NULL DEFAULT '0',
  `pdi_warnorigDId` int(11) DEFAULT '0',
  `pdi_warnJId` int(11) NOT NULL DEFAULT '0',
  `pdi_areaid` int(10) NOT NULL DEFAULT '0',
  `pdi_areaname` varchar(60) NOT NULL DEFAULT '',
  `pdi_realtable` varchar(64) NOT NULL DEFAULT '',
  `pdi_histable` varchar(64) NOT NULL DEFAULT '',
  `pdi_updatetime` datetime NOT NULL DEFAULT '0000-00-00 00:00:00',
  `pdi_realdata` varchar(64) NOT NULL DEFAULT '',
  `pdi_realdataname` varchar(64) NOT NULL DEFAULT '',
  `pdi_realdatadesc` varchar(64) NOT NULL DEFAULT '',
  `pdi_realdataunit` varchar(64) NOT NULL DEFAULT '',
  `pdi_slack` int(11) NOT NULL DEFAULT '0',
  `pdi_warnconfirm` tinyint(2) NOT NULL DEFAULT '0',
  `pdi_MoniType` int(10) NOT NULL,
  PRIMARY KEY (`pdi_index`),
  UNIQUE KEY `pdi_index` (`pdi_index`)
) ENGINE=MEMORY DEFAULT CHARSET=utf8;

-- 正在导出表  homestead.t_phpwarn 的数据：0 rows
/*!40000 ALTER TABLE `t_phpwarn` DISABLE KEYS */;
/*!40000 ALTER TABLE `t_phpwarn` ENABLE KEYS */;

-- 导出  表 homestead.t_prideviceinfo 结构
CREATE TABLE IF NOT EXISTS `t_prideviceinfo` (
  `pdi_index` int(10) unsigned NOT NULL AUTO_INCREMENT,
  `pdi_name` varchar(64) NOT NULL DEFAULT '',
  `pdi_code` varchar(64) NOT NULL DEFAULT '',
  `dpt_id` int(10) NOT NULL DEFAULT '0',
  `pdi_mac` varchar(20) NOT NULL DEFAULT '',
  `pdi_ip` varchar(16) NOT NULL DEFAULT '',
  `pdi_port` int(10) NOT NULL DEFAULT '0',
  `pdi_interval` int(10) NOT NULL DEFAULT '20',
  `pdi_pwd` varchar(16) NOT NULL DEFAULT 'RICHCOMM',
  `pdi_saveinterval` int(4) NOT NULL DEFAULT '0',
  `pdi_updatetime` datetime DEFAULT NULL,
  `nm_delflag` tinyint(1) NOT NULL DEFAULT '0',
  `pdi_enable` tinyint(1) NOT NULL DEFAULT '1',
  `nm_memo` varchar(255) NOT NULL,
  `AreaId` varchar(20) DEFAULT NULL,
  `u_username` varchar(50) DEFAULT NULL,
  `u_tel` varchar(50) DEFAULT NULL,
  `u_a` varchar(2) DEFAULT NULL,
  `u_b` varchar(2) DEFAULT NULL,
  `u_c` varchar(2) DEFAULT NULL,
  `u_d` varchar(2) DEFAULT NULL,
  `u_myrootid` int(10) DEFAULT NULL,
  `pdi_icon` varchar(255) DEFAULT NULL,
  `devicename` varchar(255) DEFAULT NULL COMMENT '鍙ｄ覆璁惧鐢ㄦ埛鍛藉悕',
  `childTypeName` varchar(255) DEFAULT NULL,
  `bd_index` int(4) DEFAULT NULL,
  `conn_tele_phone` varchar(13) DEFAULT NULL,
  `snmp_typeid` int(2) NOT NULL DEFAULT '0',
  `snmp_version` varchar(50) NOT NULL DEFAULT 'SNMPv1 ',
  `snmp_community` varchar(50) NOT NULL DEFAULT 'public',
  `Co_ID` int(10) DEFAULT '0',
  `Longitude` varchar(100) DEFAULT '0',
  `Latitude` varchar(100) DEFAULT '0',
  `DragX` varchar(50) DEFAULT '0',
  `DragY` varchar(50) DEFAULT '0',
  `SubNum` int(10) DEFAULT '0',
  PRIMARY KEY (`pdi_index`),
  UNIQUE KEY `pdi_index` (`pdi_index`)
) ENGINE=MyISAM AUTO_INCREMENT=886738743 DEFAULT CHARSET=utf8;

-- 正在导出表  homestead.t_prideviceinfo 的数据：18 rows
/*!40000 ALTER TABLE `t_prideviceinfo` DISABLE KEYS */;
INSERT INTO `t_prideviceinfo` (`pdi_index`, `pdi_name`, `pdi_code`, `dpt_id`, `pdi_mac`, `pdi_ip`, `pdi_port`, `pdi_interval`, `pdi_pwd`, `pdi_saveinterval`, `pdi_updatetime`, `nm_delflag`, `pdi_enable`, `nm_memo`, `AreaId`, `u_username`, `u_tel`, `u_a`, `u_b`, `u_c`, `u_d`, `u_myrootid`, `pdi_icon`, `devicename`, `childTypeName`, `bd_index`, `conn_tele_phone`, `snmp_typeid`, `snmp_version`, `snmp_community`, `Co_ID`, `Longitude`, `Latitude`, `DragX`, `DragY`, `SubNum`) VALUES
	(865335210, 'ip摄像头', '865335271', 116, '', '192.168.0.100', 7001, 20, 'AZWL', 30, '2018-08-13 15:23:52', 0, 1, '', '254', '551', '551', NULL, NULL, NULL, NULL, NULL, NULL, NULL, NULL, NULL, NULL, 0, 'SNMPv1 ', 'public', 2, '0', '0', '0', '0', 16),
	(865335169, '液位传感器', '865335271', 115, '', '192.168.0.100', 7001, 20, 'AZWL', 30, '2018-08-13 11:53:34', 0, 1, '', '254', '551', '551', NULL, NULL, NULL, NULL, NULL, NULL, NULL, NULL, NULL, NULL, 0, 'SNMPv1 ', 'public', 2, '0', '0', '0', '0', 0),
	(865335191, '土壤墒情传感器', '865335271', 84, '', '192.168.0.100', 7001, 20, 'AZWL', 30, '2018-08-13 15:23:52', 0, 1, '', '260', '551', '551', NULL, NULL, NULL, NULL, NULL, NULL, NULL, NULL, NULL, NULL, 0, 'SNMPv1 ', 'public', 1, '0', '0', '0', '0', 0),
	(865335183, '光照度传感器', '865335271', 83, '', '192.168.0.100', 7001, 20, 'AZWL', 30, '2018-08-13 15:23:52', 0, 1, '', '260', '551', '551', NULL, NULL, NULL, NULL, NULL, NULL, NULL, NULL, NULL, NULL, 0, 'SNMPv1 ', 'public', 1, '0', '0', '0', '0', 0),
	(676214785, '二氧化碳传感器', '676214843', 81, '', '192.168.0.100', 7001, 20, 'AZWL', 30, '2018-08-13 11:53:36', 0, 1, '', '260', '张', '557', NULL, NULL, NULL, NULL, NULL, NULL, NULL, NULL, NULL, NULL, 0, 'SNMPv1 ', 'public', 1, '0', '0', '0', '0', 0),
	(886738701, '空气温湿度传感器', '886738807', 80, '', '192.168.0.100', 7001, 20, 'AZWL', 30, '2018-08-13 11:53:41', 0, 1, '', '260', '张', '557', NULL, NULL, NULL, NULL, NULL, NULL, NULL, NULL, NULL, NULL, 0, 'SNMPv1 ', 'public', 1, '0', '0', '0', '0', 0),
	(865335209, '空气温湿度传感器', '886738807', 80, '', '192.168.0.100', 7001, 20, 'AZWL', 30, '2018-08-13 11:53:41', 0, 1, '', '284', '张', '557', NULL, NULL, NULL, NULL, NULL, NULL, NULL, NULL, NULL, NULL, 0, 'SNMPv1 ', 'public', 1, '0', '0', '0', '0', 16),
	(676214795, '光照度传感器', '676214843', 83, '', '192.168.0.100', 7001, 20, 'AZWL', 30, '2018-08-13 15:39:19', 0, 1, '', '260', '张', '557', NULL, NULL, NULL, NULL, NULL, NULL, NULL, NULL, NULL, NULL, 0, 'SNMPv1 ', 'public', 1, '0', '0', '0', '0', 6),
	(886738733, '卷帘', '86591235', 117, '', '', 0, 20, 'RICHCOMM', 0, NULL, 0, 1, '', '260', NULL, NULL, NULL, NULL, NULL, NULL, NULL, NULL, NULL, NULL, NULL, NULL, 0, 'SNMPv1 ', 'public', 1, '0', '0', '0', '0', 0),
	(886738734, '灌溉', '86591234', 118, '', '', 0, 20, 'RICHCOMM', 0, NULL, 0, 1, '', '260', NULL, NULL, NULL, NULL, NULL, NULL, NULL, NULL, NULL, NULL, NULL, NULL, 0, 'SNMPv1 ', 'public', 1, '0', '0', '0', '0', 0),
	(886738735, '施肥 ', '86591236', 119, '', '', 0, 20, 'RICHCOMM', 0, NULL, 0, 1, '', '260', NULL, NULL, NULL, NULL, NULL, NULL, NULL, NULL, NULL, NULL, NULL, NULL, 0, 'SNMPv1 ', 'public', 1, '0', '0', '0', '0', 0),
	(886738736, '调温', '86591237', 120, '', '', 0, 20, 'RICHCOMM', 0, NULL, 0, 1, '', '260', NULL, NULL, NULL, NULL, NULL, NULL, NULL, NULL, NULL, NULL, NULL, NULL, 0, 'SNMPv1 ', 'public', 1, '0', '0', '0', '0', 0),
	(886738737, '通风', '86591238', 121, '', '', 0, 20, 'RICHCOMM', 0, NULL, 0, 1, '', '260', NULL, NULL, NULL, NULL, NULL, NULL, NULL, NULL, NULL, NULL, NULL, NULL, 0, 'SNMPv1 ', 'public', 1, '0', '0', '0', '0', 0),
	(886738738, '补光', '86591239', 122, '', '', 0, 20, 'RICHCOMM', 0, NULL, 0, 1, '', '260', NULL, NULL, NULL, NULL, NULL, NULL, NULL, NULL, NULL, NULL, NULL, NULL, 0, 'SNMPv1 ', 'public', 1, '0', '0', '0', '0', 0),
	(886738739, '视频1', '86592237 ', 116, '', '', 0, 20, 'RICHCOMM', 0, NULL, 0, 1, '', '260', NULL, NULL, NULL, NULL, NULL, NULL, NULL, NULL, NULL, NULL, NULL, NULL, 0, 'SNMPv1 ', 'public', 1, '0', '0', '0', '0', 0),
	(886738740, '视频2', '86592238 ', 116, '', '', 0, 20, 'RICHCOMM', 0, NULL, 0, 1, '', '260', NULL, NULL, NULL, NULL, NULL, NULL, NULL, NULL, NULL, NULL, NULL, NULL, 0, 'SNMPv1 ', 'public', 1, '0', '0', '0', '0', 0),
	(886738741, '视频3', '86592239', 116, '', '', 0, 20, 'RICHCOMM', 0, NULL, 0, 1, '', '260', NULL, NULL, NULL, NULL, NULL, NULL, NULL, NULL, NULL, NULL, NULL, NULL, 0, 'SNMPv1 ', 'public', 1, '0', '0', '0', '0', 0),
	(886738742, '视频4', '86592240', 116, '', '', 0, 20, 'RICHCOMM', 0, NULL, 0, 1, '', '260', NULL, NULL, NULL, NULL, NULL, NULL, NULL, NULL, NULL, NULL, NULL, NULL, 0, 'SNMPv1 ', 'public', 1, '0', '0', '0', '0', 0);
/*!40000 ALTER TABLE `t_prideviceinfo` ENABLE KEYS */;

-- 导出  表 homestead.t_realdata_air 结构
CREATE TABLE IF NOT EXISTS `t_realdata_air` (
  `rd_updatetime` datetime DEFAULT NULL,
  `pdi_index` int(11) NOT NULL,
  `rd_temp` double(9,2) NOT NULL DEFAULT '0.00' COMMENT '温度',
  `rd_wet` double(9,2) NOT NULL DEFAULT '0.00' COMMENT '湿度',
  UNIQUE KEY `t_realdata_air_pdi_index_unique` (`pdi_index`)
) ENGINE=InnoDB DEFAULT CHARSET=utf8 COLLATE=utf8_unicode_ci;

-- 正在导出表  homestead.t_realdata_air 的数据：~2 rows (大约)
/*!40000 ALTER TABLE `t_realdata_air` DISABLE KEYS */;
INSERT INTO `t_realdata_air` (`rd_updatetime`, `pdi_index`, `rd_temp`, `rd_wet`) VALUES
	('2018-09-10 14:56:34', 886738701, 22.00, 5.00),
	('2018-09-10 14:56:34', 886738730, 15.00, 3.00);
/*!40000 ALTER TABLE `t_realdata_air` ENABLE KEYS */;

-- 导出  表 homestead.t_realdata_buguang 结构
CREATE TABLE IF NOT EXISTS `t_realdata_buguang` (
  `rd_updatetime` datetime DEFAULT NULL,
  `pdi_index` int(11) NOT NULL,
  `device_status` tinyint(4) NOT NULL DEFAULT '1' COMMENT '设备状态 1=停止 0=正常',
  `running_status` tinyint(4) NOT NULL DEFAULT '1' COMMENT '运行状态 1=关闭 0=打开',
  UNIQUE KEY `t_realdata_buguang_pdi_index_unique` (`pdi_index`)
) ENGINE=InnoDB DEFAULT CHARSET=utf8 COLLATE=utf8_unicode_ci;

-- 正在导出表  homestead.t_realdata_buguang 的数据：~0 rows (大约)
/*!40000 ALTER TABLE `t_realdata_buguang` DISABLE KEYS */;
INSERT INTO `t_realdata_buguang` (`rd_updatetime`, `pdi_index`, `device_status`, `running_status`) VALUES
	('2018-09-21 10:27:27', 886738738, 1, 1);
/*!40000 ALTER TABLE `t_realdata_buguang` ENABLE KEYS */;

-- 导出  表 homestead.t_realdata_co2 结构
CREATE TABLE IF NOT EXISTS `t_realdata_co2` (
  `rd_updatetime` datetime DEFAULT NULL,
  `pdi_index` int(11) NOT NULL,
  `rd_co2_concentration` double(9,2) NOT NULL DEFAULT '0.00' COMMENT '二氧化碳浓度',
  UNIQUE KEY `t_realdata_co2_pdi_index_unique` (`pdi_index`)
) ENGINE=InnoDB DEFAULT CHARSET=utf8 COLLATE=utf8_unicode_ci;

-- 正在导出表  homestead.t_realdata_co2 的数据：~0 rows (大约)
/*!40000 ALTER TABLE `t_realdata_co2` DISABLE KEYS */;
INSERT INTO `t_realdata_co2` (`rd_updatetime`, `pdi_index`, `rd_co2_concentration`) VALUES
	('2018-09-10 14:56:34', 676214785, 7.00);
/*!40000 ALTER TABLE `t_realdata_co2` ENABLE KEYS */;

-- 导出  表 homestead.t_realdata_co2concentration 结构
CREATE TABLE IF NOT EXISTS `t_realdata_co2concentration` (
  `rd_updatetime` datetime NOT NULL DEFAULT '0000-00-00 00:00:00',
  `pdi_index` int(11) NOT NULL DEFAULT '0',
  `rd_Concentration1` float(9,2) DEFAULT '0.00',
  `rd_Concentration2` float(9,2) DEFAULT '0.00',
  `rd_Concentration3` float(9,2) DEFAULT '0.00',
  `rd_Concentration4` float(9,2) DEFAULT '0.00',
  `rd_Concentration5` float(9,2) DEFAULT '0.00',
  `rd_Concentration6` float(9,2) DEFAULT '0.00',
  `rd_Concentration7` float(9,2) DEFAULT '0.00',
  `rd_Concentration8` float(9,2) DEFAULT '0.00',
  `rd_Concentration9` float(9,2) DEFAULT '0.00',
  `rd_Concentration10` float(9,2) DEFAULT '0.00',
  `rd_Concentration_num` float(9,2) DEFAULT '0.00',
  `rd_Concentration1hwarn` tinyint(2) DEFAULT '0',
  `rd_Concentration2hwarn` tinyint(2) DEFAULT '0',
  `rd_Concentration3hwarn` tinyint(2) DEFAULT '0',
  `rd_Concentration4hwarn` tinyint(2) DEFAULT '0',
  `rd_Concentration5hwarn` tinyint(2) DEFAULT '0',
  `rd_Concentration6hwarn` tinyint(2) DEFAULT '0',
  `rd_Concentration7hwarn` tinyint(2) DEFAULT '0',
  `rd_Concentration8hwarn` tinyint(2) DEFAULT '0',
  `rd_Concentration9hwarn` tinyint(2) DEFAULT '0',
  `rd_Concentration10hwarn` tinyint(2) DEFAULT '0',
  `rd_Concentration1lwarn` tinyint(2) DEFAULT '0',
  `rd_Concentration2lwarn` tinyint(2) DEFAULT '0',
  `rd_Concentration3lwarn` tinyint(2) DEFAULT '0',
  `rd_Concentration4lwarn` tinyint(2) DEFAULT '0',
  `rd_Concentration5lwarn` tinyint(2) DEFAULT '0',
  `rd_Concentration6lwarn` tinyint(2) DEFAULT '0',
  `rd_Concentration7lwarn` tinyint(2) DEFAULT '0',
  `rd_Concentration8lwarn` tinyint(2) DEFAULT '0',
  `rd_Concentration9lwarn` tinyint(2) DEFAULT '0',
  `rd_Concentration10lwarn` tinyint(2) DEFAULT '0',
  `rd_Concentration1consta` tinyint(2) DEFAULT '0',
  `rd_Concentration2consta` tinyint(2) DEFAULT '0',
  `rd_Concentration3consta` tinyint(2) DEFAULT '0',
  `rd_Concentration4consta` tinyint(2) DEFAULT '0',
  `rd_Concentration5consta` tinyint(2) DEFAULT '0',
  `rd_Concentration6consta` tinyint(2) DEFAULT '0',
  `rd_Concentration7consta` tinyint(2) DEFAULT '0',
  `rd_Concentration8consta` tinyint(2) DEFAULT '0',
  `rd_Concentration9consta` tinyint(2) DEFAULT '0',
  `rd_Concentration10consta` tinyint(2) DEFAULT '0',
  `rd_NetCom` tinyint(2) DEFAULT '0',
  UNIQUE KEY `pdi_index` (`pdi_index`)
) ENGINE=MEMORY DEFAULT CHARSET=utf8;

-- 正在导出表  homestead.t_realdata_co2concentration 的数据：0 rows
/*!40000 ALTER TABLE `t_realdata_co2concentration` DISABLE KEYS */;
/*!40000 ALTER TABLE `t_realdata_co2concentration` ENABLE KEYS */;

-- 导出  表 homestead.t_realdata_envtemphumi 结构
CREATE TABLE IF NOT EXISTS `t_realdata_envtemphumi` (
  `rd_updatetime` datetime NOT NULL DEFAULT '0000-00-00 00:00:00',
  `pdi_index` int(11) NOT NULL DEFAULT '0',
  `rd_envitemp1` float(9,2) DEFAULT '0.00',
  `rd_envitemp2` float(9,2) DEFAULT '0.00',
  `rd_envitemp3` float(9,2) DEFAULT '0.00',
  `rd_envitemp4` float(9,2) DEFAULT '0.00',
  `rd_envitemp5` float(9,2) DEFAULT '0.00',
  `rd_envitemp6` float(9,2) DEFAULT '0.00',
  `rd_envitemp7` float(9,2) DEFAULT '0.00',
  `rd_envitemp8` float(9,2) DEFAULT '0.00',
  `rd_envitemp9` float(9,2) DEFAULT '0.00',
  `rd_envitemp10` float(9,2) DEFAULT '0.00',
  `rd_envihumi1` float(9,2) DEFAULT '0.00',
  `rd_envihumi2` float(9,2) DEFAULT '0.00',
  `rd_envihumi3` float(9,2) DEFAULT '0.00',
  `rd_envihumi4` float(9,2) DEFAULT '0.00',
  `rd_envihumi5` float(9,2) DEFAULT '0.00',
  `rd_envihumi6` float(9,2) DEFAULT '0.00',
  `rd_envihumi7` float(9,2) DEFAULT '0.00',
  `rd_envihumi8` float(9,2) DEFAULT '0.00',
  `rd_envihumi9` float(9,2) DEFAULT '0.00',
  `rd_envihumi10` float(9,2) DEFAULT '0.00',
  `rd_envihumi_num` float(9,2) DEFAULT '0.00',
  `rd_envitemp1hwarn` tinyint(2) DEFAULT '0',
  `rd_envitemp2hwarn` tinyint(2) DEFAULT '0',
  `rd_envitemp3hwarn` tinyint(2) DEFAULT '0',
  `rd_envitemp4hwarn` tinyint(2) DEFAULT '0',
  `rd_envitemp5hwarn` tinyint(2) DEFAULT '0',
  `rd_envitemp6hwarn` tinyint(2) DEFAULT '0',
  `rd_envitemp7hwarn` tinyint(2) DEFAULT '0',
  `rd_envitemp8hwarn` tinyint(2) DEFAULT '0',
  `rd_envitemp9hwarn` tinyint(2) DEFAULT '0',
  `rd_envitemp10hwarn` tinyint(2) DEFAULT '0',
  `rd_envitemp1lwarn` tinyint(2) DEFAULT '0',
  `rd_envitemp2lwarn` tinyint(2) DEFAULT '0',
  `rd_envitemp3lwarn` tinyint(2) DEFAULT '0',
  `rd_envitemp4lwarn` tinyint(2) DEFAULT '0',
  `rd_envitemp5lwarn` tinyint(2) DEFAULT '0',
  `rd_envitemp6lwarn` tinyint(2) DEFAULT '0',
  `rd_envitemp7lwarn` tinyint(2) DEFAULT '0',
  `rd_envitemp8lwarn` tinyint(2) DEFAULT '0',
  `rd_envitemp9lwarn` tinyint(2) DEFAULT '0',
  `rd_envitemp10lwarn` tinyint(2) DEFAULT '0',
  `rd_envihumi1hwarn` tinyint(2) DEFAULT '0',
  `rd_envihumi2hwarn` tinyint(2) DEFAULT '0',
  `rd_envihumi3hwarn` tinyint(2) DEFAULT '0',
  `rd_envihumi4hwarn` tinyint(2) DEFAULT '0',
  `rd_envihumi5hwarn` tinyint(2) DEFAULT '0',
  `rd_envihumi6hwarn` tinyint(2) DEFAULT '0',
  `rd_envihumi7hwarn` tinyint(2) DEFAULT '0',
  `rd_envihumi8hwarn` tinyint(2) DEFAULT '0',
  `rd_envihumi9hwarn` tinyint(2) DEFAULT '0',
  `rd_envihumi10hwarn` tinyint(2) DEFAULT '0',
  `rd_envihumi1lwarn` tinyint(2) DEFAULT '0',
  `rd_envihumi2lwarn` tinyint(2) DEFAULT '0',
  `rd_envihumi3lwarn` tinyint(2) DEFAULT '0',
  `rd_envihumi4lwarn` tinyint(2) DEFAULT '0',
  `rd_envihumi5lwarn` tinyint(2) DEFAULT '0',
  `rd_envihumi6lwarn` tinyint(2) DEFAULT '0',
  `rd_envihumi7lwarn` tinyint(2) DEFAULT '0',
  `rd_envihumi8lwarn` tinyint(2) DEFAULT '0',
  `rd_envihumi9lwarn` tinyint(2) DEFAULT '0',
  `rd_envihumi10lwarn` tinyint(2) DEFAULT '0',
  `rd_envihumi1consta` tinyint(2) DEFAULT '0',
  `rd_envihumi2consta` tinyint(2) DEFAULT '0',
  `rd_envihumi3consta` tinyint(2) DEFAULT '0',
  `rd_envihumi4consta` tinyint(2) DEFAULT '0',
  `rd_envihumi5consta` tinyint(2) DEFAULT '0',
  `rd_envihumi6consta` tinyint(2) DEFAULT '0',
  `rd_envihumi7consta` tinyint(2) DEFAULT '0',
  `rd_envihumi8consta` tinyint(2) DEFAULT '0',
  `rd_envihumi9consta` tinyint(2) DEFAULT '0',
  `rd_envihumi10consta` tinyint(2) DEFAULT '0',
  `rd_NetCom` tinyint(2) DEFAULT '0',
  UNIQUE KEY `pdi_index` (`pdi_index`)
) ENGINE=MEMORY DEFAULT CHARSET=utf8;

-- 正在导出表  homestead.t_realdata_envtemphumi 的数据：0 rows
/*!40000 ALTER TABLE `t_realdata_envtemphumi` DISABLE KEYS */;
INSERT INTO `t_realdata_envtemphumi` (`rd_updatetime`, `pdi_index`, `rd_envitemp1`, `rd_envitemp2`, `rd_envitemp3`, `rd_envitemp4`, `rd_envitemp5`, `rd_envitemp6`, `rd_envitemp7`, `rd_envitemp8`, `rd_envitemp9`, `rd_envitemp10`, `rd_envihumi1`, `rd_envihumi2`, `rd_envihumi3`, `rd_envihumi4`, `rd_envihumi5`, `rd_envihumi6`, `rd_envihumi7`, `rd_envihumi8`, `rd_envihumi9`, `rd_envihumi10`, `rd_envihumi_num`, `rd_envitemp1hwarn`, `rd_envitemp2hwarn`, `rd_envitemp3hwarn`, `rd_envitemp4hwarn`, `rd_envitemp5hwarn`, `rd_envitemp6hwarn`, `rd_envitemp7hwarn`, `rd_envitemp8hwarn`, `rd_envitemp9hwarn`, `rd_envitemp10hwarn`, `rd_envitemp1lwarn`, `rd_envitemp2lwarn`, `rd_envitemp3lwarn`, `rd_envitemp4lwarn`, `rd_envitemp5lwarn`, `rd_envitemp6lwarn`, `rd_envitemp7lwarn`, `rd_envitemp8lwarn`, `rd_envitemp9lwarn`, `rd_envitemp10lwarn`, `rd_envihumi1hwarn`, `rd_envihumi2hwarn`, `rd_envihumi3hwarn`, `rd_envihumi4hwarn`, `rd_envihumi5hwarn`, `rd_envihumi6hwarn`, `rd_envihumi7hwarn`, `rd_envihumi8hwarn`, `rd_envihumi9hwarn`, `rd_envihumi10hwarn`, `rd_envihumi1lwarn`, `rd_envihumi2lwarn`, `rd_envihumi3lwarn`, `rd_envihumi4lwarn`, `rd_envihumi5lwarn`, `rd_envihumi6lwarn`, `rd_envihumi7lwarn`, `rd_envihumi8lwarn`, `rd_envihumi9lwarn`, `rd_envihumi10lwarn`, `rd_envihumi1consta`, `rd_envihumi2consta`, `rd_envihumi3consta`, `rd_envihumi4consta`, `rd_envihumi5consta`, `rd_envihumi6consta`, `rd_envihumi7consta`, `rd_envihumi8consta`, `rd_envihumi9consta`, `rd_envihumi10consta`, `rd_NetCom`) VALUES
	('2018-09-28 11:57:31', 865335209, 22.36, 12.34, 33.32, 0.00, 0.00, 0.00, 0.00, 0.00, 0.00, 0.00, 56.98, 56.89, 36.36, 0.00, 0.00, 0.00, 0.00, 0.00, 0.00, 0.00, 0.00, 0, 0, 0, 0, 0, 0, 0, 0, 0, 0, 0, 0, 0, 0, 0, 0, 0, 0, 0, 0, 0, 0, 0, 0, 0, 0, 0, 0, 0, 0, 0, 0, 0, 0, 0, 0, 0, 0, 0, 0, 1, 1, 1, 1, 1, 0, 0, 0, 0, 0, 0);
/*!40000 ALTER TABLE `t_realdata_envtemphumi` ENABLE KEYS */;

-- 导出  表 homestead.t_realdata_guangai 结构
CREATE TABLE IF NOT EXISTS `t_realdata_guangai` (
  `rd_updatetime` datetime DEFAULT NULL,
  `pdi_index` int(11) NOT NULL,
  `device_status` tinyint(4) NOT NULL DEFAULT '1' COMMENT '设备状态 1=停止 0=正常',
  `running_status` tinyint(4) NOT NULL DEFAULT '1' COMMENT '运行状态 1=关闭 0=打开',
  UNIQUE KEY `t_realdata_guangai_pdi_index_unique` (`pdi_index`)
) ENGINE=InnoDB DEFAULT CHARSET=utf8 COLLATE=utf8_unicode_ci;

-- 正在导出表  homestead.t_realdata_guangai 的数据：~0 rows (大约)
/*!40000 ALTER TABLE `t_realdata_guangai` DISABLE KEYS */;
INSERT INTO `t_realdata_guangai` (`rd_updatetime`, `pdi_index`, `device_status`, `running_status`) VALUES
	('2018-09-21 10:27:27', 886738734, 1, 1);
/*!40000 ALTER TABLE `t_realdata_guangai` ENABLE KEYS */;

-- 导出  表 homestead.t_realdata_juanlian 结构
CREATE TABLE IF NOT EXISTS `t_realdata_juanlian` (
  `rd_updatetime` datetime DEFAULT NULL,
  `pdi_index` int(11) NOT NULL,
  `device_status` tinyint(4) NOT NULL DEFAULT '1' COMMENT '设备状态 1=停止 0=正常',
  `running_status` tinyint(4) NOT NULL DEFAULT '1' COMMENT '运行状态 1=关闭 0=打开',
  UNIQUE KEY `t_realdata_juanlian_pdi_index_unique` (`pdi_index`)
) ENGINE=InnoDB DEFAULT CHARSET=utf8 COLLATE=utf8_unicode_ci;

-- 正在导出表  homestead.t_realdata_juanlian 的数据：~0 rows (大约)
/*!40000 ALTER TABLE `t_realdata_juanlian` DISABLE KEYS */;
INSERT INTO `t_realdata_juanlian` (`rd_updatetime`, `pdi_index`, `device_status`, `running_status`) VALUES
	('2018-09-21 10:27:27', 886738733, 0, 0);
/*!40000 ALTER TABLE `t_realdata_juanlian` ENABLE KEYS */;

-- 导出  表 homestead.t_realdata_levelvalue 结构
CREATE TABLE IF NOT EXISTS `t_realdata_levelvalue` (
  `rd_updatetime` datetime NOT NULL DEFAULT '0000-00-00 00:00:00',
  `pdi_index` int(11) NOT NULL DEFAULT '0',
  `rd_LevelValue1` float(9,2) DEFAULT '0.00',
  `rd_LevelValue2` float(9,2) DEFAULT '0.00',
  `rd_LevelValue3` float(9,2) DEFAULT '0.00',
  `rd_LevelValue4` float(9,2) DEFAULT '0.00',
  `rd_LevelValue5` float(9,2) DEFAULT '0.00',
  `rd_LevelValue6` float(9,2) DEFAULT '0.00',
  `rd_LevelValue7` float(9,2) DEFAULT '0.00',
  `rd_LevelValue8` float(9,2) DEFAULT '0.00',
  `rd_LevelValue9` float(9,2) DEFAULT '0.00',
  `rd_LevelValue10` float(9,2) DEFAULT '0.00',
  `rd_LevelValue_num` float(9,2) DEFAULT '0.00',
  `rd_LevelValue1hwarn` tinyint(2) DEFAULT '0',
  `rd_LevelValue2hwarn` tinyint(2) DEFAULT '0',
  `rd_LevelValue3hwarn` tinyint(2) DEFAULT '0',
  `rd_LevelValue4hwarn` tinyint(2) DEFAULT '0',
  `rd_LevelValue5hwarn` tinyint(2) DEFAULT '0',
  `rd_LevelValue6hwarn` tinyint(2) DEFAULT '0',
  `rd_LevelValue7hwarn` tinyint(2) DEFAULT '0',
  `rd_LevelValue8hwarn` tinyint(2) DEFAULT '0',
  `rd_LevelValue9hwarn` tinyint(2) DEFAULT '0',
  `rd_LevelValue10hwarn` tinyint(2) DEFAULT '0',
  `rd_LevelValue1lwarn` tinyint(2) DEFAULT '0',
  `rd_LevelValue2lwarn` tinyint(2) DEFAULT '0',
  `rd_LevelValue3lwarn` tinyint(2) DEFAULT '0',
  `rd_LevelValue4lwarn` tinyint(2) DEFAULT '0',
  `rd_LevelValue5lwarn` tinyint(2) DEFAULT '0',
  `rd_LevelValue6lwarn` tinyint(2) DEFAULT '0',
  `rd_LevelValue7lwarn` tinyint(2) DEFAULT '0',
  `rd_LevelValue8lwarn` tinyint(2) DEFAULT '0',
  `rd_LevelValue9lwarn` tinyint(2) DEFAULT '0',
  `rd_LevelValue10lwarn` tinyint(2) DEFAULT '0',
  `rd_LevelValue1consta` tinyint(2) DEFAULT '0',
  `rd_LevelValue2consta` tinyint(2) DEFAULT '0',
  `rd_LevelValue3consta` tinyint(2) DEFAULT '0',
  `rd_LevelValue4consta` tinyint(2) DEFAULT '0',
  `rd_LevelValue5consta` tinyint(2) DEFAULT '0',
  `rd_LevelValue6consta` tinyint(2) DEFAULT '0',
  `rd_LevelValue7consta` tinyint(2) DEFAULT '0',
  `rd_LevelValue8consta` tinyint(2) DEFAULT '0',
  `rd_LevelValue9consta` tinyint(2) DEFAULT '0',
  `rd_LevelValue10consta` tinyint(2) DEFAULT '0',
  `rd_NetCom` tinyint(2) DEFAULT '0',
  UNIQUE KEY `pdi_index` (`pdi_index`)
) ENGINE=MEMORY DEFAULT CHARSET=utf8;

-- 正在导出表  homestead.t_realdata_levelvalue 的数据：0 rows
/*!40000 ALTER TABLE `t_realdata_levelvalue` DISABLE KEYS */;
/*!40000 ALTER TABLE `t_realdata_levelvalue` ENABLE KEYS */;

-- 导出  表 homestead.t_realdata_light 结构
CREATE TABLE IF NOT EXISTS `t_realdata_light` (
  `rd_updatetime` datetime DEFAULT NULL,
  `pdi_index` int(11) NOT NULL,
  `rd_light_intensity` double(9,2) NOT NULL DEFAULT '0.00' COMMENT '光照强度',
  UNIQUE KEY `t_realdata_light_pdi_index_unique` (`pdi_index`)
) ENGINE=InnoDB DEFAULT CHARSET=utf8 COLLATE=utf8_unicode_ci;

-- 正在导出表  homestead.t_realdata_light 的数据：~2 rows (大约)
/*!40000 ALTER TABLE `t_realdata_light` DISABLE KEYS */;
INSERT INTO `t_realdata_light` (`rd_updatetime`, `pdi_index`, `rd_light_intensity`) VALUES
	('2018-09-10 14:56:34', 676214795, 30.00),
	('2018-09-10 14:56:34', 865335183, 11.00);
/*!40000 ALTER TABLE `t_realdata_light` ENABLE KEYS */;

-- 导出  表 homestead.t_realdata_lightintensity 结构
CREATE TABLE IF NOT EXISTS `t_realdata_lightintensity` (
  `rd_updatetime` datetime NOT NULL DEFAULT '0000-00-00 00:00:00',
  `pdi_index` int(11) NOT NULL DEFAULT '0',
  `rd_LightIntensity1` float(9,2) DEFAULT '0.00',
  `rd_LightIntensity2` float(9,2) DEFAULT '0.00',
  `rd_LightIntensity3` float(9,2) DEFAULT '0.00',
  `rd_LightIntensity4` float(9,2) DEFAULT '0.00',
  `rd_LightIntensity5` float(9,2) DEFAULT '0.00',
  `rd_LightIntensity6` float(9,2) DEFAULT '0.00',
  `rd_LightIntensity7` float(9,2) DEFAULT '0.00',
  `rd_LightIntensity8` float(9,2) DEFAULT '0.00',
  `rd_LightIntensity9` float(9,2) DEFAULT '0.00',
  `rd_LightIntensity10` float(9,2) DEFAULT '0.00',
  `rd_LightIntensity_num` float(9,2) DEFAULT '0.00',
  `rd_LightIntensity1hwarn` tinyint(2) DEFAULT '0',
  `rd_LightIntensity2hwarn` tinyint(2) DEFAULT '0',
  `rd_LightIntensity3hwarn` tinyint(2) DEFAULT '0',
  `rd_LightIntensity4hwarn` tinyint(2) DEFAULT '0',
  `rd_LightIntensity5hwarn` tinyint(2) DEFAULT '0',
  `rd_LightIntensity6hwarn` tinyint(2) DEFAULT '0',
  `rd_LightIntensity7hwarn` tinyint(2) DEFAULT '0',
  `rd_LightIntensity8hwarn` tinyint(2) DEFAULT '0',
  `rd_LightIntensity9hwarn` tinyint(2) DEFAULT '0',
  `rd_LightIntensity10hwarn` tinyint(2) DEFAULT '0',
  `rd_LightIntensity1lwarn` tinyint(2) DEFAULT '0',
  `rd_LightIntensity2lwarn` tinyint(2) DEFAULT '0',
  `rd_LightIntensity3lwarn` tinyint(2) DEFAULT '0',
  `rd_LightIntensity4lwarn` tinyint(2) DEFAULT '0',
  `rd_LightIntensity5lwarn` tinyint(2) DEFAULT '0',
  `rd_LightIntensity6lwarn` tinyint(2) DEFAULT '0',
  `rd_LightIntensity7lwarn` tinyint(2) DEFAULT '0',
  `rd_LightIntensity8lwarn` tinyint(2) DEFAULT '0',
  `rd_LightIntensity9lwarn` tinyint(2) DEFAULT '0',
  `rd_LightIntensity10lwarn` tinyint(2) DEFAULT '0',
  `rd_LightIntensity1consta` tinyint(2) DEFAULT '0',
  `rd_LightIntensity2consta` tinyint(2) DEFAULT '0',
  `rd_LightIntensity3consta` tinyint(2) DEFAULT '0',
  `rd_LightIntensity4consta` tinyint(2) DEFAULT '0',
  `rd_LightIntensity5consta` tinyint(2) DEFAULT '0',
  `rd_LightIntensity6consta` tinyint(2) DEFAULT '0',
  `rd_LightIntensity7consta` tinyint(2) DEFAULT '0',
  `rd_LightIntensity8consta` tinyint(2) DEFAULT '0',
  `rd_LightIntensity9consta` tinyint(2) DEFAULT '0',
  `rd_LightIntensity10consta` tinyint(2) DEFAULT '0',
  `rd_NetCom` tinyint(2) DEFAULT '0',
  UNIQUE KEY `pdi_index` (`pdi_index`)
) ENGINE=MEMORY DEFAULT CHARSET=utf8;

-- 正在导出表  homestead.t_realdata_lightintensity 的数据：0 rows
/*!40000 ALTER TABLE `t_realdata_lightintensity` DISABLE KEYS */;
/*!40000 ALTER TABLE `t_realdata_lightintensity` ENABLE KEYS */;

-- 导出  表 homestead.t_realdata_liquid 结构
CREATE TABLE IF NOT EXISTS `t_realdata_liquid` (
  `rd_updatetime` datetime DEFAULT NULL,
  `pdi_index` int(11) NOT NULL,
  `rd_level` double(9,2) NOT NULL DEFAULT '0.00' COMMENT '水位',
  UNIQUE KEY `t_realdata_liquid_pdi_index_unique` (`pdi_index`)
) ENGINE=InnoDB DEFAULT CHARSET=utf8 COLLATE=utf8_unicode_ci;

-- 正在导出表  homestead.t_realdata_liquid 的数据：~0 rows (大约)
/*!40000 ALTER TABLE `t_realdata_liquid` DISABLE KEYS */;
INSERT INTO `t_realdata_liquid` (`rd_updatetime`, `pdi_index`, `rd_level`) VALUES
	('2018-09-10 14:56:34', 865335191, 3.00);
/*!40000 ALTER TABLE `t_realdata_liquid` ENABLE KEYS */;

-- 导出  表 homestead.t_realdata_shifei 结构
CREATE TABLE IF NOT EXISTS `t_realdata_shifei` (
  `rd_updatetime` datetime DEFAULT NULL,
  `pdi_index` int(11) NOT NULL,
  `device_status` tinyint(4) NOT NULL DEFAULT '1' COMMENT '设备状态 1=停止 0=正常',
  `running_status` tinyint(4) NOT NULL DEFAULT '1' COMMENT '运行状态 1=关闭 0=打开',
  UNIQUE KEY `t_realdata_shifei_pdi_index_unique` (`pdi_index`)
) ENGINE=InnoDB DEFAULT CHARSET=utf8 COLLATE=utf8_unicode_ci;

-- 正在导出表  homestead.t_realdata_shifei 的数据：~0 rows (大约)
/*!40000 ALTER TABLE `t_realdata_shifei` DISABLE KEYS */;
INSERT INTO `t_realdata_shifei` (`rd_updatetime`, `pdi_index`, `device_status`, `running_status`) VALUES
	('2018-09-21 10:27:27', 886738735, 1, 1);
/*!40000 ALTER TABLE `t_realdata_shifei` ENABLE KEYS */;

-- 导出  表 homestead.t_realdata_single 结构
CREATE TABLE IF NOT EXISTS `t_realdata_single` (
  `rd_updatetime` datetime DEFAULT NULL,
  `pdi_index` int(11) unsigned NOT NULL DEFAULT '0',
  `rd_upsmanuinfo` varchar(25) DEFAULT '',
  `rd_upsmactype` varchar(25) DEFAULT '',
  `rd_upsver` varchar(25) DEFAULT '',
  `rd_upsvolr` varchar(25) DEFAULT '',
  `rd_upscurr` varchar(25) DEFAULT '',
  `rd_upsbatvolr` varchar(25) DEFAULT '',
  `rd_upsfreqr` varchar(25) DEFAULT '',
  `rd_upsinvol` float(9,2) DEFAULT '0.00',
  `rd_upsdefvol` float(9,2) DEFAULT '0.00',
  `rd_upsoutvol` float(9,2) DEFAULT '0.00',
  `rd_upscurload` float(9,2) DEFAULT '0.00',
  `rd_upsinfreq` float(9,2) DEFAULT '0.00',
  `rd_ups1batvol` float(9,2) DEFAULT '0.00',
  `rd_upstemp` float(9,2) DEFAULT '0.00',
  `rd_BattCap` float(9,2) DEFAULT '0.00',
  `rd_OutMaxVol` float(9,2) DEFAULT '0.00',
  `rd_OutMinVol` float(9,2) DEFAULT '0.00',
  `rd_BatTemp` float(9,2) DEFAULT '0.00',
  `rd_BatAllVol` float(9,2) DEFAULT '0.00',
  `rd_ReTime` float(9,2) DEFAULT '0.00',
  `rd_upssound` tinyint(2) DEFAULT '0',
  `rd_upspoweroff` tinyint(2) DEFAULT '0',
  `rd_upstest` tinyint(2) DEFAULT '0',
  `rd_upsfailstat` tinyint(2) DEFAULT '0',
  `rd_upsbypassstat` tinyint(2) DEFAULT '0',
  `rd_upsbatvollow` tinyint(2) DEFAULT '0',
  `rd_upsacfail` tinyint(2) DEFAULT '0',
  `rd_LoadAlarm` tinyint(2) DEFAULT '0',
  `rd_upsdisconn` tinyint(2) DEFAULT '0',
  `rd_NetCom` tinyint(2) DEFAULT '0',
  UNIQUE KEY `pdi_index` (`pdi_index`)
) ENGINE=MEMORY DEFAULT CHARSET=utf8;

-- 正在导出表  homestead.t_realdata_single 的数据：0 rows
/*!40000 ALTER TABLE `t_realdata_single` DISABLE KEYS */;
/*!40000 ALTER TABLE `t_realdata_single` ENABLE KEYS */;

-- 导出  表 homestead.t_realdata_soil 结构
CREATE TABLE IF NOT EXISTS `t_realdata_soil` (
  `rd_updatetime` datetime DEFAULT NULL,
  `pdi_index` int(11) NOT NULL,
  `rd_temp` double(9,2) NOT NULL DEFAULT '0.00' COMMENT '土壤温度',
  `rd_salt` double(9,2) NOT NULL DEFAULT '0.00' COMMENT '土壤盐碱',
  UNIQUE KEY `t_realdata_soil_pdi_index_unique` (`pdi_index`)
) ENGINE=InnoDB DEFAULT CHARSET=utf8 COLLATE=utf8_unicode_ci;

-- 正在导出表  homestead.t_realdata_soil 的数据：~0 rows (大约)
/*!40000 ALTER TABLE `t_realdata_soil` DISABLE KEYS */;
INSERT INTO `t_realdata_soil` (`rd_updatetime`, `pdi_index`, `rd_temp`, `rd_salt`) VALUES
	('2018-09-10 14:56:34', 865335169, 23.00, 24.00);
/*!40000 ALTER TABLE `t_realdata_soil` ENABLE KEYS */;

-- 导出  表 homestead.t_realdata_soilcondth 结构
CREATE TABLE IF NOT EXISTS `t_realdata_soilcondth` (
  `rd_updatetime` datetime NOT NULL DEFAULT '0000-00-00 00:00:00',
  `pdi_index` int(11) NOT NULL DEFAULT '0',
  `rd_Soiltemp1` float(9,2) DEFAULT '0.00',
  `rd_Soiltemp2` float(9,2) DEFAULT '0.00',
  `rd_Soiltemp3` float(9,2) DEFAULT '0.00',
  `rd_Soiltemp4` float(9,2) DEFAULT '0.00',
  `rd_Soiltemp5` float(9,2) DEFAULT '0.00',
  `rd_Soiltemp6` float(9,2) DEFAULT '0.00',
  `rd_Soiltemp7` float(9,2) DEFAULT '0.00',
  `rd_Soiltemp8` float(9,2) DEFAULT '0.00',
  `rd_Soiltemp9` float(9,2) DEFAULT '0.00',
  `rd_Soiltemp10` float(9,2) DEFAULT '0.00',
  `rd_Soilhumi1` float(9,2) DEFAULT '0.00',
  `rd_Soilhumi2` float(9,2) DEFAULT '0.00',
  `rd_Soilhumi3` float(9,2) DEFAULT '0.00',
  `rd_Soilhumi4` float(9,2) DEFAULT '0.00',
  `rd_Soilhumi5` float(9,2) DEFAULT '0.00',
  `rd_Soilhumi6` float(9,2) DEFAULT '0.00',
  `rd_Soilhumi7` float(9,2) DEFAULT '0.00',
  `rd_Soilhumi8` float(9,2) DEFAULT '0.00',
  `rd_Soilhumi9` float(9,2) DEFAULT '0.00',
  `rd_Soilhumi10` float(9,2) DEFAULT '0.00',
  `rd_SoilCond1` float(9,2) DEFAULT '0.00',
  `rd_SoilCond2` float(9,2) DEFAULT '0.00',
  `rd_SoilCond3` float(9,2) DEFAULT '0.00',
  `rd_SoilCond4` float(9,2) DEFAULT '0.00',
  `rd_SoilCond5` float(9,2) DEFAULT '0.00',
  `rd_SoilCond6` float(9,2) DEFAULT '0.00',
  `rd_SoilCond7` float(9,2) DEFAULT '0.00',
  `rd_SoilCond8` float(9,2) DEFAULT '0.00',
  `rd_SoilCond9` float(9,2) DEFAULT '0.00',
  `rd_SoilCond10` float(9,2) DEFAULT '0.00',
  `rd_SoilTH_num` float(9,2) DEFAULT '0.00',
  `rd_Soiltemp1hwarn` tinyint(2) DEFAULT '0',
  `rd_Soiltemp2hwarn` tinyint(2) DEFAULT '0',
  `rd_Soiltemp3hwarn` tinyint(2) DEFAULT '0',
  `rd_Soiltemp4hwarn` tinyint(2) DEFAULT '0',
  `rd_Soiltemp5hwarn` tinyint(2) DEFAULT '0',
  `rd_Soiltemp6hwarn` tinyint(2) DEFAULT '0',
  `rd_Soiltemp7hwarn` tinyint(2) DEFAULT '0',
  `rd_Soiltemp8hwarn` tinyint(2) DEFAULT '0',
  `rd_Soiltemp9hwarn` tinyint(2) DEFAULT '0',
  `rd_Soiltemp10hwarn` tinyint(2) DEFAULT '0',
  `rd_Soiltemp1lwarn` tinyint(2) DEFAULT '0',
  `rd_Soiltemp2lwarn` tinyint(2) DEFAULT '0',
  `rd_Soiltemp3lwarn` tinyint(2) DEFAULT '0',
  `rd_Soiltemp4lwarn` tinyint(2) DEFAULT '0',
  `rd_Soiltemp5lwarn` tinyint(2) DEFAULT '0',
  `rd_Soiltemp6lwarn` tinyint(2) DEFAULT '0',
  `rd_Soiltemp7lwarn` tinyint(2) DEFAULT '0',
  `rd_Soiltemp8lwarn` tinyint(2) DEFAULT '0',
  `rd_Soiltemp9lwarn` tinyint(2) DEFAULT '0',
  `rd_Soiltemp10lwarn` tinyint(2) DEFAULT '0',
  `rd_Soilhumi1hwarn` tinyint(2) DEFAULT '0',
  `rd_Soilhumi2hwarn` tinyint(2) DEFAULT '0',
  `rd_Soilhumi3hwarn` tinyint(2) DEFAULT '0',
  `rd_Soilhumi4hwarn` tinyint(2) DEFAULT '0',
  `rd_Soilhumi5hwarn` tinyint(2) DEFAULT '0',
  `rd_Soilhumi6hwarn` tinyint(2) DEFAULT '0',
  `rd_Soilhumi7hwarn` tinyint(2) DEFAULT '0',
  `rd_Soilhumi8hwarn` tinyint(2) DEFAULT '0',
  `rd_Soilhumi9hwarn` tinyint(2) DEFAULT '0',
  `rd_Soilhumi10hwarn` tinyint(2) DEFAULT '0',
  `rd_Soilhumi1lwarn` tinyint(2) DEFAULT '0',
  `rd_Soilhumi2lwarn` tinyint(2) DEFAULT '0',
  `rd_Soilhumi3lwarn` tinyint(2) DEFAULT '0',
  `rd_Soilhumi4lwarn` tinyint(2) DEFAULT '0',
  `rd_Soilhumi5lwarn` tinyint(2) DEFAULT '0',
  `rd_Soilhumi6lwarn` tinyint(2) DEFAULT '0',
  `rd_Soilhumi7lwarn` tinyint(2) DEFAULT '0',
  `rd_Soilhumi8lwarn` tinyint(2) DEFAULT '0',
  `rd_Soilhumi9lwarn` tinyint(2) DEFAULT '0',
  `rd_Soilhumi10lwarn` tinyint(2) DEFAULT '0',
  `rd_SoilCond1hwarn` tinyint(2) DEFAULT '0',
  `rd_SoilCond2hwarn` tinyint(2) DEFAULT '0',
  `rd_SoilCond3hwarn` tinyint(2) DEFAULT '0',
  `rd_SoilCond4hwarn` tinyint(2) DEFAULT '0',
  `rd_SoilCond5hwarn` tinyint(2) DEFAULT '0',
  `rd_SoilCond6hwarn` tinyint(2) DEFAULT '0',
  `rd_SoilCond7hwarn` tinyint(2) DEFAULT '0',
  `rd_SoilCond8hwarn` tinyint(2) DEFAULT '0',
  `rd_SoilCond9hwarn` tinyint(2) DEFAULT '0',
  `rd_SoilCond10hwarn` tinyint(2) DEFAULT '0',
  `rd_SoilCond1lwarn` tinyint(2) DEFAULT '0',
  `rd_SoilCond2lwarn` tinyint(2) DEFAULT '0',
  `rd_SoilCond3lwarn` tinyint(2) DEFAULT '0',
  `rd_SoilCond4lwarn` tinyint(2) DEFAULT '0',
  `rd_SoilCond5lwarn` tinyint(2) DEFAULT '0',
  `rd_SoilCond6lwarn` tinyint(2) DEFAULT '0',
  `rd_SoilCond7lwarn` tinyint(2) DEFAULT '0',
  `rd_SoilCond8lwarn` tinyint(2) DEFAULT '0',
  `rd_SoilCond9lwarn` tinyint(2) DEFAULT '0',
  `rd_SoilCond10lwarn` tinyint(2) DEFAULT '0',
  `rd_envihumi1consta` tinyint(2) DEFAULT '0',
  `rd_envihumi2consta` tinyint(2) DEFAULT '0',
  `rd_envihumi3consta` tinyint(2) DEFAULT '0',
  `rd_envihumi4consta` tinyint(2) DEFAULT '0',
  `rd_envihumi5consta` tinyint(2) DEFAULT '0',
  `rd_envihumi6consta` tinyint(2) DEFAULT '0',
  `rd_envihumi7consta` tinyint(2) DEFAULT '0',
  `rd_envihumi8consta` tinyint(2) DEFAULT '0',
  `rd_envihumi9consta` tinyint(2) DEFAULT '0',
  `rd_envihumi10consta` tinyint(2) DEFAULT '0',
  `rd_NetCom` tinyint(2) DEFAULT '0',
  UNIQUE KEY `pdi_index` (`pdi_index`)
) ENGINE=MEMORY DEFAULT CHARSET=utf8;

-- 正在导出表  homestead.t_realdata_soilcondth 的数据：0 rows
/*!40000 ALTER TABLE `t_realdata_soilcondth` DISABLE KEYS */;
/*!40000 ALTER TABLE `t_realdata_soilcondth` ENABLE KEYS */;

-- 导出  表 homestead.t_realdata_tiaowen 结构
CREATE TABLE IF NOT EXISTS `t_realdata_tiaowen` (
  `rd_updatetime` datetime DEFAULT NULL,
  `pdi_index` int(11) NOT NULL,
  `device_status` tinyint(4) NOT NULL DEFAULT '1' COMMENT '设备状态 1=停止 0=正常',
  `running_status` tinyint(4) NOT NULL DEFAULT '1' COMMENT '运行状态 1=关闭 0=打开',
  UNIQUE KEY `t_realdata_tiaowen_pdi_index_unique` (`pdi_index`)
) ENGINE=InnoDB DEFAULT CHARSET=utf8 COLLATE=utf8_unicode_ci;

-- 正在导出表  homestead.t_realdata_tiaowen 的数据：~0 rows (大约)
/*!40000 ALTER TABLE `t_realdata_tiaowen` DISABLE KEYS */;
INSERT INTO `t_realdata_tiaowen` (`rd_updatetime`, `pdi_index`, `device_status`, `running_status`) VALUES
	('2018-09-21 10:27:27', 886738736, 1, 1);
/*!40000 ALTER TABLE `t_realdata_tiaowen` ENABLE KEYS */;

-- 导出  表 homestead.t_realdata_tongfei 结构
CREATE TABLE IF NOT EXISTS `t_realdata_tongfei` (
  `rd_updatetime` datetime DEFAULT NULL,
  `pdi_index` int(11) NOT NULL,
  `device_status` tinyint(4) NOT NULL DEFAULT '1' COMMENT '设备状态 1=停止 0=正常',
  `running_status` tinyint(4) NOT NULL DEFAULT '1' COMMENT '运行状态 1=关闭 0=打开',
  UNIQUE KEY `t_realdata_tongfei_pdi_index_unique` (`pdi_index`)
) ENGINE=InnoDB DEFAULT CHARSET=utf8 COLLATE=utf8_unicode_ci;

-- 正在导出表  homestead.t_realdata_tongfei 的数据：~0 rows (大约)
/*!40000 ALTER TABLE `t_realdata_tongfei` DISABLE KEYS */;
INSERT INTO `t_realdata_tongfei` (`rd_updatetime`, `pdi_index`, `device_status`, `running_status`) VALUES
	('2018-09-21 10:27:27', 886738737, 1, 1);
/*!40000 ALTER TABLE `t_realdata_tongfei` ENABLE KEYS */;

-- 导出  表 homestead.t_realstatus 结构
CREATE TABLE IF NOT EXISTS `t_realstatus` (
  `rs_index` int(11) unsigned NOT NULL AUTO_INCREMENT,
  `pdi_index` int(10) unsigned NOT NULL DEFAULT '0',
  `wd_index` int(11) NOT NULL DEFAULT '0',
  `rs_updatetime` datetime NOT NULL,
  `rw_index` int(11) NOT NULL DEFAULT '0',
  `rs_status` int(11) NOT NULL DEFAULT '0',
  `rs_bExecute` tinyint(1) NOT NULL DEFAULT '0',
  `rs_warncontinue` tinyint(2) NOT NULL DEFAULT '0',
  PRIMARY KEY (`rs_index`),
  UNIQUE KEY `rs_index` (`rs_index`)
) ENGINE=MEMORY DEFAULT CHARSET=utf8;

-- 正在导出表  homestead.t_realstatus 的数据：0 rows
/*!40000 ALTER TABLE `t_realstatus` DISABLE KEYS */;
/*!40000 ALTER TABLE `t_realstatus` ENABLE KEYS */;

-- 导出  表 homestead.t_realwarn 结构
CREATE TABLE IF NOT EXISTS `t_realwarn` (
  `rw_index` int(10) NOT NULL AUTO_INCREMENT,
  `pdi_index` int(10) NOT NULL DEFAULT '0',
  `wd_index` int(10) NOT NULL DEFAULT '0',
  `rw_occurtime` datetime DEFAULT NULL,
  `hw_index` int(10) DEFAULT NULL,
  `rw_canceltime` datetime DEFAULT NULL,
  `rw_memo` varchar(60) DEFAULT NULL,
  PRIMARY KEY (`rw_index`)
) ENGINE=MyISAM AUTO_INCREMENT=32272 DEFAULT CHARSET=utf8;

-- 正在导出表  homestead.t_realwarn 的数据：2 rows
/*!40000 ALTER TABLE `t_realwarn` DISABLE KEYS */;
INSERT INTO `t_realwarn` (`rw_index`, `pdi_index`, `wd_index`, `rw_occurtime`, `hw_index`, `rw_canceltime`, `rw_memo`) VALUES
	(32270, 886738701, 9597, '2018-09-17 12:16:27', NULL, NULL, NULL),
	(32271, 886738730, 9598, '2018-09-17 12:18:43', NULL, NULL, NULL);
/*!40000 ALTER TABLE `t_realwarn` ENABLE KEYS */;

-- 导出  表 homestead.t_warnclass 结构
CREATE TABLE IF NOT EXISTS `t_warnclass` (
  `wc_index` int(4) NOT NULL AUTO_INCREMENT,
  `Wc_classname` varchar(64) NOT NULL DEFAULT '',
  `Wc_memo` varchar(255) DEFAULT NULL,
  PRIMARY KEY (`wc_index`)
) ENGINE=MyISAM AUTO_INCREMENT=29 DEFAULT CHARSET=utf8;

-- 正在导出表  homestead.t_warnclass 的数据：4 rows
/*!40000 ALTER TABLE `t_warnclass` DISABLE KEYS */;
INSERT INTO `t_warnclass` (`wc_index`, `Wc_classname`, `Wc_memo`) VALUES
	(1, '一级告警', 'level_one'),
	(26, '二级告警', 'level_two'),
	(27, '三级告警', 'level_three'),
	(28, '四级告警', 'level_four');
/*!40000 ALTER TABLE `t_warnclass` ENABLE KEYS */;

-- 导出  表 homestead.t_warnnotify 结构
CREATE TABLE IF NOT EXISTS `t_warnnotify` (
  `wn_index` int(4) NOT NULL AUTO_INCREMENT,
  `pdi_index` int(10) NOT NULL DEFAULT '0',
  `wd_index` int(10) NOT NULL DEFAULT '0',
  `wu_index` int(11) NOT NULL DEFAULT '0',
  `Wn_notifytype` int(10) NOT NULL DEFAULT '0',
  `wn_type` int(11) DEFAULT NULL,
  `wn_smsdes0` varchar(255) DEFAULT NULL,
  `wn_smsdes1` varchar(255) DEFAULT NULL,
  `wn_emaildes0` varchar(255) DEFAULT NULL,
  `wn_emaildes1` varchar(255) DEFAULT NULL,
  `wn_teldes0` varchar(255) DEFAULT NULL,
  `wn_teldes1` varchar(255) DEFAULT NULL,
  `wn_warnexisttime` int(11) NOT NULL DEFAULT '0',
  `SmsEn` int(10) DEFAULT '0',
  `VoiceEn` int(10) DEFAULT '0',
  `MailEn` int(10) DEFAULT '0',
  `WebChatEn` int(10) DEFAULT '0',
  PRIMARY KEY (`wn_index`)
) ENGINE=MyISAM AUTO_INCREMENT=512687 DEFAULT CHARSET=utf8;

-- 正在导出表  homestead.t_warnnotify 的数据：36 rows
/*!40000 ALTER TABLE `t_warnnotify` DISABLE KEYS */;
INSERT INTO `t_warnnotify` (`wn_index`, `pdi_index`, `wd_index`, `wu_index`, `Wn_notifytype`, `wn_type`, `wn_smsdes0`, `wn_smsdes1`, `wn_emaildes0`, `wn_emaildes1`, `wn_teldes0`, `wn_teldes1`, `wn_warnexisttime`, `SmsEn`, `VoiceEn`, `MailEn`, `WebChatEn`) VALUES
	(512559, 865335210, 0, 195, 7, NULL, '111', NULL, NULL, NULL, NULL, NULL, 0, 0, 0, 0, 0),
	(512562, 865335210, 0, 191, 1, NULL, '1113', NULL, NULL, NULL, NULL, NULL, 0, 0, 0, 0, 0),
	(512565, 865335210, 0, 191, 2, NULL, '测试UPS', NULL, NULL, NULL, NULL, NULL, 0, 0, 0, 0, 0),
	(512568, 158, 0, 187, 4, NULL, '55', NULL, NULL, NULL, NULL, NULL, 0, 0, 0, 0, 0),
	(512571, 160, 0, 187, 0, NULL, '333', NULL, NULL, NULL, NULL, NULL, 0, 0, 0, 0, 0),
	(512574, 161, 0, 187, 0, NULL, '555355555', NULL, NULL, NULL, NULL, NULL, 0, 0, 0, 0, 0),
	(512577, 162, 0, 187, 0, NULL, '55522', NULL, NULL, NULL, NULL, NULL, 0, 0, 0, 0, 0),
	(512631, 0, 0, 187, 0, NULL, '测试设备2', NULL, NULL, NULL, NULL, NULL, 0, 0, 0, 0, 0),
	(512628, 0, 0, 187, 0, NULL, '测试2', NULL, NULL, NULL, NULL, NULL, 0, 0, 0, 0, 0),
	(512634, 155, 0, 187, 4, NULL, 'UPS-1U', NULL, NULL, NULL, NULL, NULL, 0, 0, 0, 0, 0),
	(512625, 0, 0, 187, 0, NULL, '测试设备', NULL, NULL, NULL, NULL, NULL, 0, 0, 0, 0, 0),
	(512640, 512624, 0, 187, 0, NULL, 'UPS-1U', NULL, NULL, NULL, NULL, NULL, 0, 0, 0, 0, 0),
	(512637, 0, 0, 187, 0, NULL, '监控卡', NULL, NULL, NULL, NULL, NULL, 0, 0, 0, 0, 0),
	(512610, 176, 0, 187, 0, NULL, 'MAC', NULL, NULL, NULL, NULL, NULL, 0, 0, 0, 0, 0),
	(512613, 854475650, 0, 187, 0, NULL, 'MAC', NULL, NULL, NULL, NULL, NULL, 0, 0, 0, 0, 0),
	(512616, 0, 0, 187, 0, NULL, '测试设备', NULL, NULL, NULL, NULL, NULL, 0, 0, 0, 0, 0),
	(512619, 0, 0, 187, 0, NULL, '测试设备', NULL, NULL, NULL, NULL, NULL, 0, 0, 0, 0, 0),
	(512622, 0, 0, 187, 0, NULL, 'MAC', NULL, NULL, NULL, NULL, NULL, 0, 0, 0, 0, 0),
	(512643, 0, 0, 187, 0, NULL, '监控卡', NULL, NULL, NULL, NULL, NULL, 0, 0, 0, 0, 0),
	(512646, 512639, 0, 187, 0, NULL, '5555', NULL, NULL, NULL, NULL, NULL, 0, 0, 0, 0, 0),
	(512649, 0, 0, 187, 0, NULL, '1U设备', NULL, NULL, NULL, NULL, NULL, 0, 0, 0, 0, 0),
	(512652, 512648, 0, 187, 0, NULL, '1U设备', NULL, NULL, NULL, NULL, NULL, 0, 0, 0, 0, 0),
	(512655, 0, 0, 187, 0, NULL, '监控卡', NULL, NULL, NULL, NULL, NULL, 0, 0, 0, 0, 0),
	(512658, 0, 0, 187, 0, NULL, '2222', NULL, NULL, NULL, NULL, NULL, 0, 0, 0, 0, 0),
	(512661, 0, 0, 187, 0, NULL, '113', NULL, NULL, NULL, NULL, NULL, 0, 0, 0, 0, 0),
	(512664, 0, 0, 187, 0, NULL, '精密空调', NULL, NULL, NULL, NULL, NULL, 0, 0, 0, 0, 0),
	(512667, 0, 0, 187, 0, NULL, 'UPS', NULL, NULL, NULL, NULL, NULL, 0, 0, 0, 0, 0),
	(512686, 0, 0, 187, 0, NULL, '澳天UPS', NULL, NULL, NULL, NULL, NULL, 0, 0, 0, 0, 0),
	(512670, 0, 0, 187, 0, NULL, '三相UPS', NULL, NULL, NULL, NULL, NULL, 0, 0, 0, 0, 0),
	(512685, 0, 0, 187, 0, NULL, '精密空调', NULL, NULL, NULL, NULL, NULL, 0, 0, 0, 0, 0),
	(512673, 0, 0, 187, 0, NULL, '测试设备', NULL, NULL, NULL, NULL, NULL, 0, 0, 0, 0, 0),
	(512684, 0, 0, 187, 0, NULL, '单相UPS', NULL, NULL, NULL, NULL, NULL, 0, 0, 0, 0, 0),
	(512676, 0, 0, 187, 0, NULL, '三相UPS', NULL, NULL, NULL, NULL, NULL, 0, 0, 0, 0, 0),
	(512683, 0, 0, 187, 0, NULL, '1U设备', NULL, NULL, NULL, NULL, NULL, 0, 0, 0, 0, 0),
	(512679, 0, 0, 187, 0, NULL, '电量仪', NULL, NULL, NULL, NULL, NULL, 0, 0, 0, 0, 0),
	(512682, 0, 0, 187, 0, NULL, 'UPS-1U', NULL, NULL, NULL, NULL, NULL, 0, 0, 0, 0, 0);
/*!40000 ALTER TABLE `t_warnnotify` ENABLE KEYS */;

-- 导出  表 homestead.t_warnuser 结构
CREATE TABLE IF NOT EXISTS `t_warnuser` (
  `wu_index` int(10) NOT NULL AUTO_INCREMENT,
  `wu_parentid` int(10) NOT NULL DEFAULT '0',
  `Wu_name` varchar(64) DEFAULT NULL,
  `Wu_title` varchar(64) DEFAULT NULL,
  `Wu_SmsNumber` varchar(64) DEFAULT NULL,
  `Wu_Emailaddr` varchar(64) DEFAULT NULL,
  `Wu_Telenumber` varchar(64) DEFAULT NULL,
  `wu_type` varchar(255) NOT NULL DEFAULT '0',
  `setwarn_time` datetime DEFAULT NULL,
  `warn_content` varchar(64) NOT NULL DEFAULT '',
  `wu_sendmsgsp` int(11) DEFAULT NULL,
  `message` varchar(16) DEFAULT '11111111',
  `email` varchar(16) DEFAULT '11111111',
  `Co_ID` int(10) NOT NULL,
  `WeChat_ID` varchar(64) NOT NULL,
  PRIMARY KEY (`wu_index`),
  UNIQUE KEY `wu_index` (`wu_index`)
) ENGINE=MyISAM AUTO_INCREMENT=196 DEFAULT CHARSET=utf8;

-- 正在导出表  homestead.t_warnuser 的数据：5 rows
/*!40000 ALTER TABLE `t_warnuser` DISABLE KEYS */;
INSERT INTO `t_warnuser` (`wu_index`, `wu_parentid`, `Wu_name`, `Wu_title`, `Wu_SmsNumber`, `Wu_Emailaddr`, `Wu_Telenumber`, `wu_type`, `setwarn_time`, `warn_content`, `wu_sendmsgsp`, `message`, `email`, `Co_ID`, `WeChat_ID`) VALUES
	(187, 0, '告警对象1', '告警', '13751788672', '157473514@qq.com', '13751788672', '0', NULL, '', NULL, '11111111', '11111111', 1, '13751788672'),
	(191, 1, 'lingong', '林工', '13751788672', 'admin@123.com', '13751788672', '|', NULL, '', NULL, '11111111', '11111111', 0, ''),
	(192, 1, 'Test', '测试', '13751788672', 'admin@123.com', '13751788672', '|', NULL, '', NULL, '11111111', '11111111', 0, ''),
	(194, 1, '6667', '测试67', '13751788672', 'admin@123.com', '13751788672', '|', NULL, '', NULL, '11111111', '11111111', 0, ''),
	(195, 1, '222', '222', '13751788672', 'admin@123.com', '13751788672', '|', NULL, '', NULL, '11111111', '11111111', 0, '');
/*!40000 ALTER TABLE `t_warnuser` ENABLE KEYS */;

-- 导出  表 homestead.t_warn_define 结构
CREATE TABLE IF NOT EXISTS `t_warn_define` (
  `wd_index` int(4) NOT NULL AUTO_INCREMENT,
  `wd_id` int(10) NOT NULL DEFAULT '0',
  `dt_typeid` int(11) NOT NULL DEFAULT '0',
  `wd_name` varchar(64) NOT NULL DEFAULT '',
  `wd_warndesc0` varchar(64) NOT NULL DEFAULT '',
  `wd_warndesc1` varchar(64) NOT NULL DEFAULT '',
  `wd_warnsound` varchar(100) DEFAULT NULL,
  `wd_level0` int(10) NOT NULL DEFAULT '0',
  `wd_level1` int(10) NOT NULL DEFAULT '0',
  `wd_delay` int(11) NOT NULL DEFAULT '0',
  `wd_enablelog0` tinyint(1) NOT NULL DEFAULT '1',
  `wd_enablelog1` tinyint(1) NOT NULL DEFAULT '1',
  `wd_enable` tinyint(1) NOT NULL DEFAULT '1',
  `wd_memo` varchar(255) DEFAULT NULL,
  `wd_warntime` int(11) NOT NULL DEFAULT '1',
  `wd_spacetime` int(11) NOT NULL DEFAULT '1',
  `wd_origindex` int(11) DEFAULT '0',
  PRIMARY KEY (`wd_index`)
) ENGINE=MyISAM AUTO_INCREMENT=9601 DEFAULT CHARSET=utf8;

-- 正在导出表  homestead.t_warn_define 的数据：105 rows
/*!40000 ALTER TABLE `t_warn_define` DISABLE KEYS */;
INSERT INTO `t_warn_define` (`wd_index`, `wd_id`, `dt_typeid`, `wd_name`, `wd_warndesc0`, `wd_warndesc1`, `wd_warnsound`, `wd_level0`, `wd_level1`, `wd_delay`, `wd_enablelog0`, `wd_enablelog1`, `wd_enable`, `wd_memo`, `wd_warntime`, `wd_spacetime`, `wd_origindex`) VALUES
	(9597, 32776, 1, '负载状态', '过载', '负载正常', 'UPS_close.pcm|UPS_closecancel.pcm', 1, 2, 0, 1, 1, 1, 'dfg', 1, 1, 0),
	(9598, 32799, 1, 'UPS连线状态', 'UPS断线', 'UPS连线正常', 'UPS_close.pcm|UPS_closecancel.pcm', 1, 2, 0, 1, 1, 1, '', 1, 1, 0),
	(9599, 4101, 1, '网络通讯状态', '网络通讯断线', '网络通讯正常', 'UPS_close.pcm|UPS_closecancel.pcm', 2, 2, 0, 1, 1, 1, '', 1, 1, 0),
	(9596, 32775, 1, 'UPS市电状态', 'UPS市电中断', 'UPS市电正常', 'UPS_close.pcm|UPS_closecancel.pcm', 1, 2, 0, 1, 1, 1, '', 1, 1, 0),
	(9593, 32772, 1, 'UPS故障状态', 'UPS故障', 'UPS故障取消', 'UPS_close.pcm|UPS_closecancel.pcm', 1, 2, 0, 1, 1, 1, '', 1, 1, 0),
	(9595, 32774, 1, 'UPS电池电压状态', 'UPS电池电压低', 'UPS电池电压正常', 'UPS_close.pcm|UPS_closecancel.pcm', 1, 2, 0, 1, 1, 1, '', 1, 1, 0),
	(9594, 32773, 1, 'UPS旁路状态', 'UPS旁路', 'UPS旁路取消', 'UPS_close.pcm|UPS_closecancel.pcm', 1, 2, 0, 1, 1, 1, '', 1, 1, 0),
	(9592, 32770, 1, 'UPS测试状态', 'UPS自检', 'UPS自检完成', 'UPS_close.pcm|UPS_closecancel.pcm', 1, 2, 0, 1, 1, 1, '', 1, 1, 0),
	(9591, 32769, 1, 'UPS开关机状态', 'UPS关机', 'UPS开机', 'UPS_close.pcm|UPS_closecancel.pcm', 1, 2, 0, 1, 1, 1, '', 1, 1, 0),
	(9590, 32768, 1, 'UPS喇叭的开关状态', 'UPS喇叭开', 'UPS喇叭的关', 'UPS_close.pcm|UPS_closecancel.pcm', 1, 2, 0, 1, 1, 1, '', 1, 1, 0),
	(9450, 4101, 10, '网络通讯状态', '网络通讯断线', '网络通讯正常', 'UPS_close.pcm|UPS_closecancel.pcm', 1, 2, 0, 1, 1, 1, '', 1, 1, 0),
	(9449, 32804, 10, '测试指示', '测试指示', '测试完成', 'UPS_close.pcm|UPS_closecancel.pcm', 1, 2, 0, 1, 1, 1, '', 1, 1, 0),
	(9448, 32803, 10, '其他故障状态', '其他故障', '其他故障取消', 'UPS_close.pcm|UPS_closecancel.pcm', 1, 2, 0, 1, 1, 1, '', 1, 1, 0),
	(9447, 32802, 10, '旁路指示状态', '旁路指示', '旁路正常', 'UPS_close.pcm|UPS_closecancel.pcm', 1, 2, 0, 1, 1, 1, '', 1, 1, 0),
	(9445, 32800, 10, '电池状态', '电池故障', '电池正常', 'UPS_close.pcm|UPS_closecancel.pcm', 1, 2, 0, 1, 1, 1, '', 1, 1, 0),
	(9446, 32801, 10, '电池电压状态', '电池电压低', '电池电压正常', 'UPS_close.pcm|UPS_closecancel.pcm', 1, 2, 0, 1, 1, 1, '', 1, 1, 0),
	(9443, 32798, 10, '立即关机状态', '立即关机告警', '立即关机取消', 'UPS_close.pcm|UPS_closecancel.pcm', 1, 2, 0, 1, 1, 1, '', 1, 1, 0),
	(9444, 32799, 10, '设备连线状态', '设备离线', '设备连线', 'UPS_close.pcm|UPS_closecancel.pcm', 1, 2, 0, 1, 1, 1, '', 1, 1, 0),
	(9442, 32797, 10, '关机延时状态', '关机延时告警', '关机延时取消', 'UPS_close.pcm|UPS_closecancel.pcm', 1, 2, 0, 1, 1, 1, '', 1, 1, 0),
	(9441, 32796, 10, '市电恢复状态', '市电恢复自动开机', '市电恢复自动开机取消', 'UPS_close.pcm|UPS_closecancel.pcm', 1, 2, 0, 1, 1, 1, '', 1, 1, 0),
	(9440, 32795, 10, '一般故障', '一般故障', '一般故障取消', 'UPS_close.pcm|UPS_closecancel.pcm', 1, 2, 0, 1, 1, 1, '', 1, 1, 0),
	(9439, 32794, 10, '熔丝状态', '熔丝告警', '熔丝正常', 'UPS_close.pcm|UPS_closecancel.pcm', 1, 2, 0, 1, 1, 1, '', 1, 1, 0),
	(9438, 32793, 10, '风扇状态', '风扇故障', '风扇正常', 'UPS_close.pcm|UPS_closecancel.pcm', 1, 2, 0, 1, 1, 1, '', 1, 1, 0),
	(9437, 32792, 10, '系统状态', '系统关闭', '系统开启', 'UPS_close.pcm|UPS_closecancel.pcm', 1, 2, 0, 1, 1, 1, '', 1, 1, 0),
	(9436, 32791, 10, '充电状态', '充电故障', '充电正常', 'UPS_close.pcm|UPS_closecancel.pcm', 1, 2, 0, 1, 1, 1, '', 1, 1, 0),
	(9435, 32790, 10, 'UPS状态', 'UPS关闭', 'UPS开启', 'UPS_close.pcm|UPS_closecancel.pcm', 1, 2, 0, 1, 1, 1, '', 1, 1, 0),
	(9434, 32789, 10, '输出状态', '输出关闭', '输出正常', 'UPS_close.pcm|UPS_closecancel.pcm', 1, 2, 0, 1, 1, 1, '', 1, 1, 0),
	(9432, 32787, 10, '负载状态', '过载', '负载正常', 'UPS_close.pcm|UPS_closecancel.pcm', 1, 2, 0, 1, 1, 1, '', 1, 1, 0),
	(9433, 32788, 10, '旁路状态', '旁路故障', '旁路正常', 'UPS_close.pcm|UPS_closecancel.pcm', 1, 2, 0, 1, 1, 1, '', 1, 1, 0),
	(9431, 32786, 10, '输出状态', '输出故障', '输出正常', 'UPS_close.pcm|UPS_closecancel.pcm', 1, 2, 0, 1, 1, 1, '', 1, 1, 0),
	(9430, 32785, 10, '输入状态', '输入故障', '输入正常', 'UPS_close.pcm|UPS_closecancel.pcm', 1, 2, 0, 1, 1, 1, '', 1, 1, 0),
	(9429, 32784, 10, '温度状态', '温度过高', '温度正常', 'UPS_close.pcm|UPS_closecancel.pcm', 1, 2, 0, 1, 1, 1, '', 1, 1, 0),
	(9569, 32799, 13, '通讯状态', '通讯故障', '通讯正常', 'UPS_close.pcm|UPS_closecancel.pcm', 1, 2, 0, 1, 1, 1, '', 1, 1, 0),
	(9570, 37642, 13, '压缩机状态', '压缩机故障', '压缩机正常', 'UPS_close.pcm|UPS_closecancel.pcm', 1, 2, 0, 1, 1, 1, '', 1, 1, 0),
	(9568, 37641, 13, '一般告警状态', '一般告警', '一般告警取消', 'UPS_close.pcm|UPS_closecancel.pcm', 1, 2, 0, 1, 1, 1, '', 1, 1, 0),
	(9567, 37640, 13, '烟火状态', '烟火报警', '烟火报警取消', 'UPS_close.pcm|UPS_closecancel.pcm', 1, 2, 0, 1, 1, 1, '', 1, 1, 0),
	(9566, 37639, 13, '电源状态', '电源故障', '电源正常', 'UPS_close.pcm|UPS_closecancel.pcm', 1, 2, 0, 1, 1, 1, '', 1, 1, 0),
	(9565, 37638, 13, '漏水状态', '漏水报警', '漏水报警取消', 'UPS_close.pcm|UPS_closecancel.pcm', 1, 2, 0, 1, 1, 1, '', 1, 1, 0),
	(9564, 37637, 13, '加湿器状态', '加湿器故障', '加湿器正常', 'UPS_close.pcm|UPS_closecancel.pcm', 1, 2, 0, 1, 1, 1, '', 1, 1, 0),
	(9563, 37636, 13, '风机状态', '风机故障', '风机正常', 'UPS_close.pcm|UPS_closecancel.pcm', 1, 2, 0, 1, 1, 1, '', 1, 1, 0),
	(9562, 37635, 13, '低湿状态', '低湿报警', '湿度正常', 'UPS_close.pcm|UPS_closecancel.pcm', 1, 2, 0, 1, 1, 1, '', 1, 1, 0),
	(9561, 37634, 13, '低温状态', '低温报警', '温度正常', 'UPS_close.pcm|UPS_closecancel.pcm', 1, 2, 0, 1, 1, 1, '', 1, 1, 0),
	(9560, 37633, 13, '高湿状态', '高湿报警', '湿度正常', 'UPS_close.pcm|UPS_closecancel.pcm', 1, 2, 0, 1, 1, 1, '', 1, 1, 0),
	(9545, 4101, 33, '网络通讯状态', '网络通讯断线', '网络通讯正常', 'UPS_close.pcm|UPS_closecancel.pcm', 1, 2, 0, 1, 1, 1, '', 1, 1, 0),
	(9544, 32872, 33, '环境温湿度8连接状态', '环境温湿度8断线', '环境温湿度8连接正常', 'UPS_close.pcm|UPS_closecancel.pcm', 1, 2, 0, 1, 1, 1, '', 1, 1, 0),
	(9543, 32873, 33, '环境温湿度7连接状态', '环境温湿度7断线', '环境温湿度7连接正常', 'UPS_close.pcm|UPS_closecancel.pcm', 1, 2, 0, 1, 1, 1, '', 1, 1, 0),
	(9542, 32874, 33, '环境温湿度6连接状态', '环境温湿度6断线', '环境温湿度6连接正常', 'UPS_close.pcm|UPS_closecancel.pcm', 1, 2, 0, 1, 1, 1, '', 1, 1, 0),
	(9541, 32875, 33, '环境温湿度5连接状态', '环境温湿度5断线', '环境温湿度5连接正常', 'UPS_close.pcm|UPS_closecancel.pcm', 1, 2, 0, 1, 1, 1, '', 1, 1, 0),
	(9540, 32876, 33, '环境温湿度4连接状态', '环境温湿度4断线', '环境温湿度4连接正常', 'UPS_close.pcm|UPS_closecancel.pcm', 1, 2, 0, 1, 1, 1, '', 1, 1, 0),
	(9539, 32877, 33, '环境温湿度3连接状态', '环境温湿度3断线', '环境温湿度3连接正常', 'UPS_close.pcm|UPS_closecancel.pcm', 1, 2, 0, 1, 1, 1, '', 1, 1, 0),
	(9538, 32878, 33, '环境温湿度2连接状态', '环境温湿度2断线', '环境温湿度2连接正常', 'UPS_close.pcm|UPS_closecancel.pcm', 1, 2, 0, 1, 1, 1, '', 1, 1, 0),
	(9537, 32879, 33, '环境温湿度1连接状态', '环境温湿度1断线', '环境温湿度1连接正常', 'UPS_close.pcm|UPS_closecancel.pcm', 1, 2, 0, 1, 1, 1, '', 1, 1, 0),
	(9536, 32847, 33, '环境温度8下限告警', '环境湿度8过低', '环境湿度8正常', 'UPS_close.pcm|UPS_closecancel.pcm', 1, 2, 0, 1, 1, 1, '', 1, 1, 0),
	(9535, 32846, 33, '环境温度7下限告警', '环境湿度7过低', '环境湿度7正常', 'UPS_close.pcm|UPS_closecancel.pcm', 1, 2, 0, 1, 1, 1, '', 1, 1, 0),
	(9534, 32845, 33, '环境温度6下限告警', '环境湿度6过低', '环境湿度6正常', 'UPS_close.pcm|UPS_closecancel.pcm', 1, 2, 0, 1, 1, 1, '', 1, 1, 0),
	(9533, 32844, 33, '环境温度5下限告警', '环境湿度5过低', '环境湿度5正常', 'UPS_close.pcm|UPS_closecancel.pcm', 1, 2, 0, 1, 1, 1, '', 1, 1, 0),
	(9532, 32843, 33, '环境温度4下限告警', '环境湿度4过低', '环境湿度4正常', 'UPS_close.pcm|UPS_closecancel.pcm', 1, 2, 0, 1, 1, 1, '', 1, 1, 0),
	(9531, 32842, 33, '环境温度3下限告警', '环境湿度3过低', '环境湿度3正常', 'UPS_close.pcm|UPS_closecancel.pcm', 1, 2, 0, 1, 1, 1, '', 1, 1, 0),
	(9530, 32841, 33, '环境温度2下限告警', '环境湿度2过低', '环境湿度2正常', 'UPS_close.pcm|UPS_closecancel.pcm', 1, 2, 0, 1, 1, 1, '', 1, 1, 0),
	(9529, 32840, 33, '环境温度1下限告警', '环境湿度1过低', '环境湿度1正常', 'UPS_close.pcm|UPS_closecancel.pcm', 1, 2, 0, 1, 1, 1, '', 1, 1, 0),
	(9528, 32839, 33, '环境温度8上限告警', '环境湿度8过高', '环境湿度8正常', 'UPS_close.pcm|UPS_closecancel.pcm', 1, 2, 0, 1, 1, 1, '', 1, 1, 0),
	(9527, 32838, 33, '环境温度7上限告警', '环境湿度7过高', '环境湿度7正常', 'UPS_close.pcm|UPS_closecancel.pcm', 1, 2, 0, 1, 1, 1, '', 1, 1, 0),
	(9526, 32837, 33, '环境温度6上限告警', '环境湿度6过高', '环境湿度6正常', 'UPS_close.pcm|UPS_closecancel.pcm', 1, 2, 0, 1, 1, 1, '', 1, 1, 0),
	(9525, 32836, 33, '环境温度5上限告警', '环境湿度5过高', '环境湿度5正常', 'UPS_close.pcm|UPS_closecancel.pcm', 1, 2, 0, 1, 1, 1, '', 1, 1, 0),
	(9524, 32835, 33, '环境温度4上限告警', '环境湿度4过高', '环境湿度4正常', 'UPS_close.pcm|UPS_closecancel.pcm', 1, 2, 0, 1, 1, 1, '', 1, 1, 0),
	(9523, 32834, 33, '环境温度3上限告警', '环境湿度3过高', '环境湿度3正常', 'UPS_close.pcm|UPS_closecancel.pcm', 1, 2, 0, 1, 1, 1, '', 1, 1, 0),
	(9522, 32833, 33, '环境温度2上限告警', '环境湿度2过高', '环境湿度2正常', 'UPS_close.pcm|UPS_closecancel.pcm', 1, 2, 0, 1, 1, 1, '', 1, 1, 0),
	(9521, 32832, 33, '环境温度1上限告警', '环境湿度1过高', '环境湿度1正常', 'UPS_close.pcm|UPS_closecancel.pcm', 1, 2, 0, 1, 1, 1, '', 1, 1, 0),
	(9520, 32831, 33, '环境温度8下限告警', '环境温度8过低', '环境温度8正常', 'UPS_close.pcm|UPS_closecancel.pcm', 1, 2, 0, 1, 1, 1, '', 1, 1, 0),
	(9519, 32830, 33, '环境温度7下限告警', '环境温度7过低', '环境温度7正常', 'UPS_close.pcm|UPS_closecancel.pcm', 1, 2, 0, 1, 1, 1, '', 1, 1, 0),
	(9518, 32829, 33, '环境温度6下限告警', '环境温度6过低', '环境温度6正常', 'UPS_close.pcm|UPS_closecancel.pcm', 1, 2, 0, 1, 1, 1, '', 1, 1, 0),
	(9517, 32828, 33, '环境温度5下限告警', '环境温度5过低', '环境温度5正常', 'UPS_close.pcm|UPS_closecancel.pcm', 1, 2, 0, 1, 1, 1, '', 1, 1, 0),
	(9516, 32827, 33, '环境温度4下限告警', '环境温度4过低', '环境温度4正常', 'UPS_close.pcm|UPS_closecancel.pcm', 1, 2, 0, 1, 1, 1, '', 1, 1, 0),
	(9515, 32826, 33, '环境温度3下限告警', '环境温度3过低', '环境温度3正常', 'UPS_close.pcm|UPS_closecancel.pcm', 1, 2, 0, 1, 1, 1, '', 1, 1, 0),
	(9514, 32825, 33, '环境温度2下限告警', '环境温度2过低', '环境温度2正常', 'UPS_close.pcm|UPS_closecancel.pcm', 1, 2, 0, 1, 1, 1, '', 1, 1, 0),
	(9513, 32824, 33, '环境温度1下限告警', '环境温度1过低', '环境温度1正常', 'UPS_close.pcm|UPS_closecancel.pcm', 1, 2, 0, 1, 1, 1, '', 1, 1, 0),
	(9512, 32823, 33, '环境温度8上限告警', '环境温度8过高', '环境温度8正常', 'UPS_close.pcm|UPS_closecancel.pcm', 1, 2, 0, 1, 1, 1, '', 1, 1, 0),
	(9511, 32822, 33, '环境温度7上限告警', '环境温度7过高', '环境温度7正常', 'UPS_close.pcm|UPS_closecancel.pcm', 1, 2, 0, 1, 1, 1, '', 1, 1, 0),
	(9510, 32821, 33, '环境温度6上限告警', '环境温度6过高', '环境温度6正常', 'UPS_close.pcm|UPS_closecancel.pcm', 1, 2, 0, 1, 1, 1, '', 1, 1, 0),
	(9508, 32819, 33, '环境温度4上限告警', '环境温度4过高', '环境温度4正常', 'UPS_close.pcm|UPS_closecancel.pcm', 1, 2, 0, 1, 1, 1, '', 1, 1, 0),
	(9509, 32820, 33, '环境温度5上限告警', '环境温度5过高', '环境温度5正常', 'UPS_close.pcm|UPS_closecancel.pcm', 1, 2, 0, 1, 1, 1, '', 1, 1, 0),
	(9571, 4101, 13, '网络通讯状态', '网络通讯断线', '网络通讯正常', 'UPS_close.pcm|UPS_closecancel.pcm', 1, 2, 0, 1, 1, 1, '', 1, 1, 0),
	(9559, 37632, 13, '高温状态', '高温报警', '温度正常', 'UPS_close.pcm|UPS_closecancel.pcm', 1, 2, 0, 1, 1, 1, '', 1, 1, 0),
	(9507, 32818, 33, '环境温度3上限告警', '环境温度3过高', '环境温度3正常', 'UPS_close.pcm|UPS_closecancel.pcm', 1, 2, 0, 1, 1, 1, '', 1, 1, 0),
	(9506, 32817, 33, '环境温度2上限告警', '环境温度2过高', '环境温度2正常', 'UPS_close.pcm|UPS_closecancel.pcm', 1, 2, 0, 1, 1, 1, '', 1, 1, 0),
	(9505, 32816, 33, '环境温度1上限告警', '环境温度1过高', '环境温度1正常', 'UPS_close.pcm|UPS_closecancel.pcm', 1, 2, 0, 1, 1, 1, '', 1, 1, 0),
	(9572, 36736, 34, '开关量1状态', '开关量1异常', '开关量1正常', 'UPS_close.pcm|UPS_closecancel.pcm', 1, 2, 0, 1, 1, 1, '', 1, 1, 0),
	(9573, 36737, 34, '开关量2状态', '开关量2异常', '开关量2正常', 'UPS_close.pcm|UPS_closecancel.pcm', 1, 2, 0, 1, 1, 1, '', 1, 1, 0),
	(9574, 36738, 34, '开关量3状态', '开关量3异常', '开关量3正常', 'UPS_close.pcm|UPS_closecancel.pcm', 1, 2, 0, 1, 1, 1, '', 1, 1, 0),
	(9575, 36739, 34, '开关量4状态', '开关量4异常', '开关量4正常', 'UPS_close.pcm|UPS_closecancel.pcm', 1, 2, 0, 1, 1, 1, '', 1, 1, 0),
	(9576, 36740, 34, '开关量5状态', '开关量5异常', '开关量5正常', 'UPS_close.pcm|UPS_closecancel.pcm', 1, 2, 0, 1, 1, 1, '', 1, 1, 0),
	(9577, 36741, 34, '开关量6状态', '开关量6异常', '开关量6正常', 'UPS_close.pcm|UPS_closecancel.pcm', 1, 2, 0, 1, 1, 1, '', 1, 1, 0),
	(9578, 36742, 34, '开关量7状态', '开关量7异常', '开关量7正常', 'UPS_close.pcm|UPS_closecancel.pcm', 1, 2, 0, 1, 1, 1, '', 1, 1, 0),
	(9579, 36743, 34, '开关量8状态', '开关量8异常', '开关量8正常', 'UPS_close.pcm|UPS_closecancel.pcm', 1, 2, 0, 1, 1, 1, '', 1, 1, 0),
	(9580, 36744, 34, '开关量9状态', '开关量9异常', '开关量9正常', 'UPS_close.pcm|UPS_closecancel.pcm', 1, 2, 0, 1, 1, 1, '', 1, 1, 0),
	(9581, 36745, 34, '开关量10状态', '开关量10异常', '开关量10正常', 'UPS_close.pcm|UPS_closecancel.pcm', 1, 2, 0, 1, 1, 1, '', 1, 1, 0),
	(9582, 36746, 34, '开关量11状态', '开关量11异常', '开关量11正常', 'UPS_close.pcm|UPS_closecancel.pcm', 1, 2, 0, 1, 1, 1, '', 1, 1, 0),
	(9583, 36747, 34, '开关量12状态', '开关量12异常', '开关量12正常', 'UPS_close.pcm|UPS_closecancel.pcm', 1, 2, 0, 1, 1, 1, '', 1, 1, 0),
	(9584, 36748, 34, '开关量13状态', '开关量13异常', '开关量13正常', 'UPS_close.pcm|UPS_closecancel.pcm', 1, 2, 0, 1, 1, 1, '', 1, 1, 0),
	(9585, 36749, 34, '开关量14状态', '开关量14异常', '开关量14正常', 'UPS_close.pcm|UPS_closecancel.pcm', 1, 2, 0, 1, 1, 1, '', 1, 1, 0),
	(9586, 36750, 34, '开关量15状态', '开关量15异常', '开关量15正常', 'UPS_close.pcm|UPS_closecancel.pcm', 1, 2, 0, 1, 1, 1, '', 1, 1, 0),
	(9587, 36751, 34, '开关量16状态', '开关量16异常', '开关量16正常', 'UPS_close.pcm|UPS_closecancel.pcm', 1, 2, 0, 1, 1, 1, '', 1, 1, 0),
	(9588, 4101, 34, '网络通讯状态', '网络通讯断线', '网络通讯正常', 'UPS_close.pcm|UPS_closecancel.pcm', 1, 2, 0, 1, 1, 1, '', 1, 1, 0),
	(9589, 4101, 24, '网络通讯状态', '网络通讯断线', '网络通讯正常', 'UPS_close.pcm|UPS_closecancel.pcm', 1, 2, 0, 1, 1, 1, '', 1, 1, 0),
	(9600, 0, 0, '', '', '', '', 0, 0, 0, 1, 1, 1, '', 1, 1, 0);
/*!40000 ALTER TABLE `t_warn_define` ENABLE KEYS */;

-- 导出  表 homestead.users 结构
CREATE TABLE IF NOT EXISTS `users` (
  `id` int(10) unsigned NOT NULL AUTO_INCREMENT,
  `name` varchar(255) COLLATE utf8_unicode_ci NOT NULL,
  `email` varchar(255) COLLATE utf8_unicode_ci NOT NULL,
  `password` varchar(255) COLLATE utf8_unicode_ci NOT NULL,
  `remember_token` varchar(100) COLLATE utf8_unicode_ci DEFAULT NULL,
  `created_at` timestamp NULL DEFAULT NULL,
  `updated_at` timestamp NULL DEFAULT NULL,
  `avatar` varchar(150) COLLATE utf8_unicode_ci DEFAULT NULL,
  `company_id` int(11) DEFAULT NULL,
  PRIMARY KEY (`id`),
  UNIQUE KEY `users_email_unique` (`email`)
) ENGINE=InnoDB AUTO_INCREMENT=130 DEFAULT CHARSET=utf8 COLLATE=utf8_unicode_ci;

-- 正在导出表  homestead.users 的数据：~120 rows (大约)
/*!40000 ALTER TABLE `users` DISABLE KEYS */;
INSERT INTO `users` (`id`, `name`, `email`, `password`, `remember_token`, `created_at`, `updated_at`, `avatar`, `company_id`) VALUES
	(1, 'Lauriane', 'marlene@example.org', '$2y$10$5PJP5qI2PXNAcRXz9rDW0OMVykYP3VGCsUEkFNFRTkdAzKldnZI6m', 'jYZ6hkOp6uSS6Zbd21nUYrO2sbh10BZlF7xDKSPQOwOiMnNjTJUvzKNUckZB', '2018-07-30 09:31:16', '2018-08-13 10:09:23', 'attach/20180806/5b67ba226aef0.jpg', NULL),
	(2, 'Jena Pagac', '395458341@qq.com', '$2y$10$5PJP5qI2PXNAcRXz9rDW0OMVykYP3VGCsUEkFNFRTkdAzKldnZI6m', 'j9rtIv75IcgrPpzpeJ8t1VCGJ2JHKrYkD6iJzEaFIXQhuamirT75Dg1Mq88v', '2018-07-30 09:31:16', '2018-08-24 09:35:49', 'attach/20180808/5b6a5d24c8578.jpg', NULL),
	(3, 'Jerod Kirlin', 'feffertz@example.com', '$2y$10$1zspP8ocWKldLRz8RQ9DDeuTapHY8LLV9BSwTUriuQlB/O4JKdqTy', 'KZem3c2i5Fd8b0RRNcx49SwalseZ2CWyldWRcRWpF9Wke0OCJwbtupkZOjGj', '2018-07-30 09:31:16', '2018-08-09 15:40:04', 'attach/20180808/5b6a5e2268e20.jpg', 17),
	(4, 'Sylvester Balistreri DDS', 'thomas.jacobson@example.net', '$2y$10$5sbr1RFCnfr/HiotlUpIUeQ/jyGL0O/Gr67meJnFquJhhgsg0gv4m', 'Erzn1DDekw', '2018-07-30 09:31:16', '2018-08-13 15:40:39', NULL, 9),
	(5, 'Mr. Timothy Wyman', 'kristofer94@example.com', '$2y$10$eYvPTJPvIJDLphPC8GZixOWZ.7WlngyILPdBok1L1SVlIFH6vn9lS', '54n64jhyh8', '2018-07-30 09:31:16', '2018-08-13 11:01:24', NULL, 9),
	(6, 'Elvis Bernhard', 'ecormier@example.org', '$2y$10$u02zvO8obTPZWyhARZ1HGOKD2bnMw7rDuV0NDyHVcCaruEDdpJhre', 'wryDCFHgeX', '2018-07-30 09:31:16', '2018-08-13 10:54:07', NULL, 10),
	(7, 'Miss Yasmin Wuckert I', 'ratke.daisy@example.org', '$2y$10$YJ/PUQen6fB7u6Khe96B3uxCWbYbuVi9AQKCXEIZPCgWqbU2kxIUm', 'M9STCt2wNe', '2018-07-30 09:31:16', '2018-08-13 14:58:42', NULL, 11),
	(8, 'Jensen Smith', 'zoie.okon@example.org', '$2y$10$VKTD/HaYl41qA2oNcB.YPuWqAqEYqpxTu/CoXZW8JkzQg4d7evTYK', 'MCs74dKJSp', '2018-07-30 09:31:16', '2018-08-13 15:04:38', NULL, 17),
	(9, 'Aiyana Bashirian', 'gregory.lockman@example.org', '$2y$10$x/jS.j2LxpzySgAwQwkD6OniGfequz8YqEDFR5pKQDIWvl6fxJHHy', 'jJwWv9w7hk', '2018-07-30 09:31:16', '2018-08-13 16:42:33', NULL, 17),
	(10, 'Mr. Julian Larson IV', 'cole.catharine@example.org', '$2y$10$cepBiv.zBRn/GANiO559fuzhLM7rXRbNZDGjGkSgr3lXjezz4cNuG', 'gEFF5tZgc9', '2018-07-30 09:31:16', '2018-08-13 16:31:08', NULL, 11),
	(11, 'Athena Hermiston', 'nmante@example.net', '$2y$10$re9V7YUMz.iCUaI94FZa/.yrAKsu6lJ6VzI.9/IfvnGj2K66EUiGO', 'G3KP9ixnxq', '2018-07-30 09:31:16', '2018-07-30 09:31:16', NULL, NULL),
	(12, 'Prof. Delmer Nienow IV', 'yhansen@example.org', '$2y$10$OChJQxRVMnuK/KITwi8o9uXDMHEt5ww.P5suMAKROq0/6FyfRmuI6', '8L2cyxLV4c', '2018-07-30 09:31:16', '2018-07-30 09:31:16', NULL, NULL),
	(13, 'Esta Bernhard IV', 'xgerlach@example.net', '$2y$10$X1GZfvc.zTMwjez32QWbzuwlNL00rk7OLbNh1hzjB43EGet1Cb03u', 'iH5TGBGeZC', '2018-07-30 09:31:16', '2018-07-30 09:31:16', NULL, NULL),
	(14, 'Hannah McDermott I', 'darlene.jones@example.net', '$2y$10$B.ZwcCpXVXZmNcLEih3QUOvcfBByT89zWDgdRfVstUAT7Sm714Nh2', 'ZFupXFnc6l', '2018-07-30 09:31:16', '2018-07-30 09:31:16', NULL, NULL),
	(15, 'Dr. Jannie Schaden', 'justyn.waelchi@example.com', '$2y$10$IiVLPI/GaiznM.ZIUUt5pOwbYjguQUreV409F6sMpJ1RELHBMx2DG', 'xzIyPM77va', '2018-07-30 09:31:16', '2018-07-30 09:31:16', NULL, NULL),
	(16, 'Mr. Ryley Hoppe', 'vgreenholt@example.org', '$2y$10$9qL4rLJJxXNXOURGt4GidudjsEMaV8XXxLdsaE0PoTt1XBdtcFj6G', 'vlqKa8oWGz', '2018-07-30 09:31:16', '2018-07-30 09:31:16', NULL, NULL),
	(17, 'Lafayette Mueller', 'gleichner.keyshawn@example.net', '$2y$10$ED/r5pkflhlPDnXdmiWksOWgQqKWY0ecYnTQibhTG3tbmwdSNhN56', 'avdbnapPWh', '2018-07-30 09:31:16', '2018-07-30 09:31:16', NULL, NULL),
	(18, 'Miss Deanna Halvorson', 'octavia71@example.net', '$2y$10$dRyz6/TfJfh5pyqUy7RhZuSx5pNTtuWzf1ZufcNWiBzPjc5B6umAK', 'sT5iUHpXhH', '2018-07-30 09:31:16', '2018-07-30 09:31:16', NULL, NULL),
	(19, 'Miss Joelle Klocko', 'lang.hailee@example.net', '$2y$10$z9OxcCoZ02pAy2GBMU0Tj.aCoDhkmehHtpPDlfCvHdoSDF3p6cHZW', 'On8UNRJd2Q', '2018-07-30 09:31:16', '2018-07-30 09:31:16', NULL, NULL),
	(20, 'Ms. Yvette Larson', 'cyrus.kassulke@example.com', '$2y$10$JhKGIl0bWeigkBbfqZbXJ.owpYi6fEV1R41tDc995OWrsG.nhAqnu', 'zs8sBc7bN1', '2018-07-30 09:31:16', '2018-07-30 09:31:16', NULL, NULL),
	(21, 'Lorna Boyer', 'nora88@example.org', '$2y$10$hj1ZK.DtgGgBUmS/GY196.qBXOzGctV/EGLRUz6e616ighRnwFsai', 'DU5s74SHHz', '2018-07-30 09:31:16', '2018-07-30 09:31:16', NULL, NULL),
	(22, 'Luisa Reilly', 'cprice@example.net', '$2y$10$07LpfzXQ6hkTeXeFlIG1IOF4HzI6dLM5rmy7w5EMiHDjDJuwK1Z2S', 'WxTvXGTUml', '2018-07-30 09:31:16', '2018-07-30 09:31:16', NULL, NULL),
	(23, 'Loy Prosacco', 'jedidiah00@example.org', '$2y$10$em2gGA9SJ4yVWtFDHXjBKOV//kUXFlGWKLjyrG7G6BuAndAPflMoi', 'Y9r6k59ust', '2018-07-30 09:31:16', '2018-07-30 09:31:16', NULL, NULL),
	(24, 'Jan Wuckert', 'davonte.parker@example.net', '$2y$10$LcylsFD6.3gBvrlJp.l.M.VX0sCibY6eaXvRcDTxn96lXTdQgWNP6', 'akc1RtTVPV', '2018-07-30 09:31:16', '2018-07-30 09:31:16', NULL, NULL),
	(25, 'Flavie Weissnat', 'adonis.ondricka@example.net', '$2y$10$mdsIroxyAw6eWdqSkHwsv.aVoUay9m2Ip8J/d.0ZVlyWlqoThjRmm', 'NQabapmjWC', '2018-07-30 09:31:16', '2018-07-30 09:31:16', NULL, NULL),
	(26, 'Xander Waters I', 'vivienne37@example.com', '$2y$10$fs3QtZXGe3Y37pi0Jo4CTeNLnU2iiUvaJDMijwCM4iSa746CtSKoC', 'FSebih9auE', '2018-07-30 09:31:16', '2018-07-30 09:31:16', NULL, NULL),
	(27, 'Mrs. Natalie Kerluke', 'stracke.rahsaan@example.com', '$2y$10$fiXRsIYlUIIN.kKTB9LDwOcHEv0X47wGSXvLzpSETd0rJccqLzb8S', 'pii8IVAQB4', '2018-07-30 09:31:16', '2018-07-30 09:31:16', NULL, NULL),
	(28, 'Mr. Ricky Lemke', 'gail07@example.net', '$2y$10$dBJJCLnlalqKXWPcVzfJv.MQs2vGideSpOJl9dJba03lyG84ztKjq', 'et9sLmI4XF', '2018-07-30 09:31:16', '2018-07-30 09:31:16', NULL, NULL),
	(29, 'Miss Yoshiko Spencer I', 'kohler.ashlee@example.com', '$2y$10$jbDmlJOwKPtNJd5BaW7aNuaYrfDOeFKSj8aVc1VJeOThkDTymk.hy', 'A2xML2e5Wt', '2018-07-30 09:31:16', '2018-07-30 09:31:16', NULL, NULL),
	(30, 'Miss Avis Sporer', 'handerson@example.com', '$2y$10$zPMHRS2gDfIZyWTdT2iS9ef5MHoGoqmqxD2.Wf/s4kVlmJNruRSv.', 'vhNt1iTwOl', '2018-07-30 09:31:16', '2018-07-30 09:31:16', NULL, NULL),
	(31, 'Brigitte Kshlerin', 'phoebe30@example.org', '$2y$10$oYxy6/9bbMiWyx71zZ3oNusn/Ld.m6u2Th04PIkv3Dwq2M2Lg6kFG', 'TaENo7RV5C', '2018-07-30 09:31:16', '2018-07-30 09:31:16', NULL, NULL),
	(32, 'Mr. Franco Goldner', 'muller.cristobal@example.com', '$2y$10$RxrkIeYi9q1dXIIsZxZ6Ze03JHQQ3tQmFfT3ATLjybo1.6RPmWmWq', 'ZfFqhJIOUF', '2018-07-30 09:31:16', '2018-07-30 09:31:16', NULL, NULL),
	(33, 'Mrs. Burnice Nienow I', 'huels.gwen@example.net', '$2y$10$Vu4sO8a46eYVQcavWdOob.nFxusn0S6LYQSYkeUQGD3Y3ak3X6LCy', 'Hylx2aTs1S', '2018-07-30 09:31:16', '2018-07-30 09:31:16', NULL, NULL),
	(34, 'Armando Gottlieb II', 'ondricka.jermey@example.org', '$2y$10$os78o0PIMHgnDGvLA2FHme/5kRw1972lQdlpESlaIJsYT0zYOQyaq', 'R68MbYUdqb', '2018-07-30 09:31:16', '2018-07-30 09:31:16', NULL, NULL),
	(35, 'Mrs. Clotilde Lehner', 'cristina02@example.net', '$2y$10$nPq4uBcehiHzGqcvDDLql.zgLFHHO2YAnSiqurwi52x9KHD8Q.IDC', 'DHI0qzPwU0', '2018-07-30 09:31:16', '2018-07-30 09:31:16', NULL, NULL),
	(36, 'Adrienne Weber I', 'paris.dicki@example.net', '$2y$10$MsOeouEd/zAW0BbyjqXy4eMSZOsV/6OQ2l1mXCQmc0BzEKMP1XFui', 'szSypDrPK9', '2018-07-30 09:31:16', '2018-07-30 09:31:16', NULL, NULL),
	(37, 'Logan Barrows II', 'monahan.camryn@example.net', '$2y$10$YADdzETKs8zUVCTQpGSliOvKYqycakfvij3WNtumTpnGKUTMT9UEK', 'nHV4IGlcbt', '2018-07-30 09:31:16', '2018-07-30 09:31:16', NULL, NULL),
	(38, 'Prof. Izabella Bailey', 'celestine.lubowitz@example.net', '$2y$10$YWXcebcSzt18fQI98R.EEui3uBnX.W2VpFcKquV0rybQXXLpoLwFu', 'jbLhJ1ARYz', '2018-07-30 09:31:16', '2018-07-30 09:31:16', NULL, NULL),
	(39, 'Keyshawn Collins', 'russ63@example.net', '$2y$10$sPcc.2TiSiZa3XRd06LBIOycGEospCil/sFu08SXTah4iZb70S4BW', '9FsnhLIgJK', '2018-07-30 09:31:16', '2018-07-30 09:31:16', NULL, NULL),
	(40, 'Dr. Ryley Roberts', 'evert58@example.org', '$2y$10$uXxUr7VLftnHLMryoYnIXub0qIu09fhrzDtvXEXqDc3SON/fcsLzS', 'O3x1e1X26N', '2018-07-30 09:31:16', '2018-07-30 09:31:16', NULL, NULL),
	(41, 'Asha Weissnat', 'eugene.weber@example.com', '$2y$10$9Fy6Nb16DCCnO3DnT/ReX.J0ODOUGgAO.CpYbF2f7nqvwHojBDCD.', 'pkGpEerEKT', '2018-07-30 09:31:16', '2018-07-30 09:31:16', NULL, NULL),
	(42, 'Dr. Leta Sauer', 'wcummings@example.com', '$2y$10$C8/1Q42xnFpSParobvAjtegotlJsANRtotZIoWTiYV.MTQKTe5Doe', 'QYNwwC9n5l', '2018-07-30 09:31:16', '2018-07-30 09:31:16', NULL, NULL),
	(43, 'Stuart Hansen Jr.', 'tzulauf@example.org', '$2y$10$ZMhX3BX9.C3/Lrv77fulhO.t/Li2PocjnJF5AslJSvpi/Y5yzJbBS', 'yEEQcCf80q', '2018-07-30 09:31:16', '2018-07-30 09:31:16', NULL, NULL),
	(44, 'Dr. Delpha Keebler Jr.', 'buckridge.violette@example.com', '$2y$10$170GgLwRFRMb7Idq.PSWLu0.VB6X0BoIkgfFXfszJI0uhj4kHjn/e', 'XWLkXE1PxK', '2018-07-30 09:31:16', '2018-07-30 09:31:16', NULL, NULL),
	(45, 'Prof. Burley Bailey Sr.', 'jaden.christiansen@example.net', '$2y$10$he6oNcK2NqJUKmPU8Kb4rudqUGF.K2GlZsLpup9NPEBq/6liiui3y', 'fXFziKjUIU', '2018-07-30 09:31:16', '2018-07-30 09:31:16', NULL, NULL),
	(46, 'Naomi Glover', 'bernard.lueilwitz@example.org', '$2y$10$YSdvL1Gyn3crlkaMVe0IWenUF3UWmE4h.QD.qm.eS4B8VOH.guUwm', 'n0jpb2qBRU', '2018-07-30 09:31:17', '2018-07-30 09:31:17', NULL, NULL),
	(47, 'Geraldine Ziemann', 'athena56@example.org', '$2y$10$ueZDhdtpvIfXvQxAKG6kQeNM8HM016KfxZ8V/7WYC3HQFOeqLtVNK', 'E6PAgrxeLo', '2018-07-30 09:31:17', '2018-07-30 09:31:17', NULL, NULL),
	(48, 'Cicero Conn', 'goodwin.martina@example.net', '$2y$10$zr7RlWRrrGK5IX.RgjHo6OuD58g6VDW9oGfOeoqGCLks5ZkV/SZp2', 'aT6iaHFDR2', '2018-07-30 09:31:17', '2018-07-30 09:31:17', NULL, NULL),
	(49, 'Mr. Jay Koch V', 'ibrahim70@example.com', '$2y$10$xETOq8EJjvSS4cc3FuD92exGiU8gZoTrSU3iC8eozU6KRVF0E68yi', 'IQiMDYb5ca', '2018-07-30 09:31:17', '2018-07-30 09:31:17', NULL, NULL),
	(50, 'Dr. Scot Fritsch', 'jacinto09@example.net', '$2y$10$yw2GJ0bFdsHerN1jh0lByOTKpjxYdtKzMvy/AUDwP630RuMH2FLrO', '7cUmyezTFl', '2018-07-30 09:31:17', '2018-07-30 09:31:17', NULL, NULL),
	(51, 'Laurie Hudson V', 'cormier.maegan@example.com', '$2y$10$7gZFQmDlfKkTNPeW8D1dkuhHxSPu5d/v7HGzsqgNbhz9vYdjjsISW', 'wI99riTKTE', '2018-07-30 09:31:17', '2018-07-30 09:31:17', NULL, NULL),
	(52, 'Vinnie Feeney', 'george96@example.com', '$2y$10$rGGKZqhTtE.d9QKVM2muIuH3Gb32Lsiycz0LpCOVoOOGMsumVs2p.', 'LtKrPAqXdL', '2018-07-30 09:31:17', '2018-07-30 09:31:17', NULL, NULL),
	(53, 'Conner Flatley', 'cgislason@example.org', '$2y$10$qAsfqFMFuwg93gHmb3erK.uqp2dl2WkvcEg8FNaAXC6.x.C/Oovoi', 'KAC5XxMuxO', '2018-07-30 09:31:17', '2018-07-30 09:31:17', NULL, NULL),
	(54, 'Dr. Zena Moen PhD', 'nathen.kunde@example.com', '$2y$10$AqA652TGS7nBs3tqIEhBg.g6r.z96HPrW7o6xiRc5IzA/3VWH5sUi', 'rax0EOCgNi', '2018-07-30 09:31:17', '2018-07-30 09:31:17', NULL, NULL),
	(55, 'Mrs. Danielle Roberts Jr.', 'flavie.mills@example.net', '$2y$10$U8jsL02JFKY27s3xQfqJ6udlPPoCyvtD58G.cny/k6byJ70E/U9.y', 'wIPFbfQhfQ', '2018-07-30 09:31:17', '2018-07-30 09:31:17', NULL, NULL),
	(56, 'Alfredo Kertzmann', 'isidro.tremblay@example.com', '$2y$10$cUzc381VVdQqJZGUvQWgoeNocGGhJGSQHt1jDDA4QD4OtiM/SdhPm', 'PecTj6M7yq', '2018-07-30 09:31:17', '2018-07-30 09:31:17', NULL, NULL),
	(57, 'Dr. Edgardo Durgan', 'juliet68@example.net', '$2y$10$Pehm.W/D9KxdOIzKSCd8zuDC7Oq6rP61mPVGQPF0gedcYZNvO.elC', 'hT0DB08Ucf', '2018-07-30 09:31:17', '2018-07-30 09:31:17', NULL, NULL),
	(58, 'Amie Pollich', 'gleichner.elmore@example.net', '$2y$10$p366.8LLa8U1hAAwaGZUMuYZgApfnDuGNr2cIzZrmFp05F2x0QNua', 'bQCNDpjnad', '2018-07-30 09:31:17', '2018-07-30 09:31:17', NULL, NULL),
	(59, 'Corine Schumm', 'kertzmann.michele@example.org', '$2y$10$MhJT5HS6j3sZEp6eB/VtXei9EHLFD3.EHrfKULK0jSi2ofG.u6MeW', 'C9maKo3Y6E', '2018-07-30 09:31:17', '2018-07-30 09:31:17', NULL, NULL),
	(60, 'Daisy Beahan DVM', 'beahan.afton@example.org', '$2y$10$pGfB0bxU6oThMrEfjt6KPuDWdHEGTGXa4qcfa34Iaw9FjLNSMGvkW', 'CF3VpxTNUt', '2018-07-30 09:31:17', '2018-07-30 09:31:17', NULL, NULL),
	(61, 'Marques Kuhn', 'jalyn.erdman@example.org', '$2y$10$J45ZFWEhXcl1SrrxJj/.LePc6mjUGXWLr46cjcKrzClGm/OYtodjO', '46POrG0Km8', '2018-07-30 09:31:17', '2018-07-30 09:31:17', NULL, NULL),
	(62, 'Deonte Goldner', 'mschaefer@example.net', '$2y$10$iM60J50P/znfPmn4h6SuIeCxm.87NasTB0E8eRtlxsKSFwdxog2uy', '9qMsiuYt1o', '2018-07-30 09:31:17', '2018-07-30 09:31:17', NULL, NULL),
	(63, 'Christa Lesch Sr.', 'mohr.granville@example.net', '$2y$10$G1QafcToCEv9Lo1/ggym3O9Gg36Ia5obysCcXsFFzDMhf4tDayZ3.', 'WiFoGI6Jgi', '2018-07-30 09:31:17', '2018-07-30 09:31:17', NULL, NULL),
	(64, 'Ms. Thora O\'Conner PhD', 'maybelle.armstrong@example.net', '$2y$10$81QmirLS9x4w4umYT7ps3OdJhyfeI24tCm8JHtrexaz5Qb/BgWTqy', 'Byy6sGNocU', '2018-07-30 09:31:17', '2018-07-30 09:31:17', NULL, NULL),
	(65, 'Dock Hill', 'yhirthe@example.org', '$2y$10$mYCTLvKIoWpvSZQRso3qROvtQqZ3fVnWaaTJ1K9FrXUp5Gpm1vAJm', 'KBghxPRLlw', '2018-07-30 09:31:17', '2018-07-30 09:31:17', NULL, NULL),
	(66, 'Adela Gottlieb V', 'margret50@example.net', '$2y$10$Wg9Goqy3cjSIa9IbSl7e.uwzhVdcVTMOCRUnNIDD/8fod1NS0qeji', 'Ch4cz2Y985', '2018-07-30 09:31:17', '2018-07-30 09:31:17', NULL, NULL),
	(67, 'Dr. Amparo Lockman DDS', 'kilback.abdul@example.com', '$2y$10$XxKN.GH3iHZTs94x1g.REe7eZRffdHwjUGWOgU3pDSx6ws06mpiBa', 'HmacgSFJIA', '2018-07-30 09:31:17', '2018-07-30 09:31:17', NULL, NULL),
	(68, 'Garret Harber', 'oconner.lyda@example.net', '$2y$10$U1E37BjMxw4x.irAMXZGNeXe6ZD6EBFqMOfP7LqUlnFgpFexolpTO', '5d2SA7e0In', '2018-07-30 09:31:17', '2018-07-30 09:31:17', NULL, NULL),
	(69, 'Elias Considine', 'russel.dayne@example.net', '$2y$10$u9WDgFZ0QoeGiPdyciyVXebIYyfprZIEfi81w5.oHSFSLSnbFH5Xu', 'h7UudbUFdZ', '2018-07-30 09:31:17', '2018-07-30 09:31:17', NULL, NULL),
	(70, 'Wilbert Turner', 'ishields@example.com', '$2y$10$esIqgE3JEqb7n3kVl3ULlOE3ouTu6kOimA9HodBfj3wRw5w8gS4FC', 'Bo0YHjsMZ7', '2018-07-30 09:31:17', '2018-07-30 09:31:17', NULL, NULL),
	(71, 'Ed Pouros', 'lia45@example.com', '$2y$10$81DdNJYtS.UpfUCiAEdyz.nvIGFCgOsvbEzSqhKyRSq1kaObz0Au2', 'BYykdBjDch', '2018-07-30 09:31:17', '2018-07-30 09:31:17', NULL, NULL),
	(72, 'Kailee Hyatt', 'zfeest@example.com', '$2y$10$hAelQBlz8D7mk3sdGALDy.3AXPM3q6btGJyQeQLHz6qA4Xg0IH2X.', 'AY4voX8Sbj', '2018-07-30 09:31:17', '2018-07-30 09:31:17', NULL, NULL),
	(73, 'Mr. Aron Mohr Sr.', 'uwalter@example.com', '$2y$10$mbit.eQ6Elary.QEzFQUjO7EkGem.2ksJjU1qmybSxP2Y40rndLpe', 'eBbU00QFTI', '2018-07-30 09:31:17', '2018-07-30 09:31:17', NULL, NULL),
	(74, 'Elta McCullough', 'dgreenfelder@example.com', '$2y$10$OUStfeP35f6iWVn3SC53Q.QT2G4kcrxrKWVy4SdlzSUw62LleJhkG', 'OplD70jD94', '2018-07-30 09:31:17', '2018-07-30 09:31:17', NULL, NULL),
	(75, 'Caitlyn Runolfsson', 'oconn@example.org', '$2y$10$hhpHFX0H8ffBC8Y1s5IngOt6VWSjtly5fnzlrvdaqVT/3Ntz1ZXHW', 'JIUNnQfhna', '2018-07-30 09:31:17', '2018-07-30 09:31:17', NULL, NULL),
	(76, 'Augustine Von', 'halvorson.madonna@example.net', '$2y$10$xRYXiXCoMG2SyF.mqDTdOOFzPhZCYV713LUSI/7zbuJvGDC7z.eP2', 'AkLZtqQbug', '2018-07-30 09:31:17', '2018-07-30 09:31:17', NULL, NULL),
	(77, 'Judah Hartmann', 'vladimir61@example.net', '$2y$10$WNkit83w2WaO3mMPEuBXjutw1Zc17ap2rj/3L7SNlS5WDZ244GWx6', 'b9fqyaYwCj', '2018-07-30 09:31:17', '2018-07-30 09:31:17', NULL, NULL),
	(78, 'Jadyn Murphy DVM', 'kschmitt@example.com', '$2y$10$t3lTLqmI.J0KuSWGx90DYeN9Wm0f4mei37mV1f6sZsvwtW8Hj4AtG', '2dMMIw6xtm', '2018-07-30 09:31:17', '2018-07-30 09:31:17', NULL, NULL),
	(79, 'Amani Mertz', 'horace48@example.net', '$2y$10$zL1mfLZxdNjFwmyusi53n.IxID4snpm7AyEkJ/h3bpPxYAUmal0ki', 'nOzNgnysZk', '2018-07-30 09:31:17', '2018-07-30 09:31:17', NULL, NULL),
	(80, 'Prof. Brenna Hane II', 'jolie75@example.com', '$2y$10$zXWdIJkWt5AWqcnyWzjRZeKL1G7hmX6fhUgf3CqgdLY2QAvbDdJ8C', 'lp9uYzcplF', '2018-07-30 09:31:17', '2018-07-30 09:31:17', NULL, NULL),
	(81, 'Macy Hartmann', 'ullrich.rudolph@example.com', '$2y$10$pCSbV97JySSgFGUMXAVSwOSKRN0QVHSJCCd3X4IN/11eOV72j4b3q', '0XvdNGx3g8', '2018-07-30 09:31:17', '2018-07-30 09:31:17', NULL, NULL),
	(82, 'Stone Schulist', 'xavier99@example.net', '$2y$10$D1zoVA/Ul2OmfiSvWS9Yku0s580TIrtMyi/XSkhdE8AQQEOzo1CYK', 't2M2FwMc0u', '2018-07-30 09:31:17', '2018-07-30 09:31:17', NULL, NULL),
	(83, 'Naomie Kovacek', 'caroline.stroman@example.net', '$2y$10$3MfW9cxOagEdVGyR63HTQecH.QrFoF/gG4Vb2HTdn/kV3atbAnI8e', '6cCM4WcSDY', '2018-07-30 09:31:17', '2018-07-30 09:31:17', NULL, NULL),
	(84, 'Prof. Fern Bartoletti PhD', 'merlin73@example.net', '$2y$10$Tt2k1Ato7.cRxLZj2PHEMeETNA.51RTD2Xod/W5oJ5meveYa0SWLq', 'HlvMKwidgE', '2018-07-30 09:31:17', '2018-07-30 09:31:17', NULL, NULL),
	(85, 'Shawna Mills', 'sauer.samara@example.com', '$2y$10$cEsAcFvrgCuw4GJQBVoBauXj4vj/GTVE.bso/t2SeM3foQMH7p8rK', 'lYtU1JLgiF', '2018-07-30 09:31:17', '2018-07-30 09:31:17', NULL, NULL),
	(86, 'Willa Emmerich', 'ikemmer@example.com', '$2y$10$hhsxAAevLAPeaG.9f2S.Xu2r7WmQfuZpqTczYFzKw4Ynfse4jKR3u', 'bbRnptCGxD', '2018-07-30 09:31:17', '2018-07-30 09:31:17', NULL, NULL),
	(87, 'Mrs. Lily Wisoky DVM', 'mdamore@example.com', '$2y$10$ju1Bow7mQaK6zmaxCg1SGO6q6g5gj9dYRRxfru17wRALQvCw.7HTe', 'ytINLMRg9W', '2018-07-30 09:31:17', '2018-07-30 09:31:17', NULL, NULL),
	(88, 'Lea Legros', 'smedhurst@example.com', '$2y$10$uDpskz4UhE6PwDIrdP9jYOXN2/ot3aTJPkTKRunZNkw4V0bbd/M.y', 're9xE4rmgP', '2018-07-30 09:31:17', '2018-07-30 09:31:17', NULL, NULL),
	(89, 'Miss Sharon McLaughlin V', 'plabadie@example.net', '$2y$10$mjB76TzlKsP9pJyviW6LLObURHquZux2CcIpniYX6pjzMhXscrgyy', 'cib3Ad7bwn', '2018-07-30 09:31:17', '2018-07-30 09:31:17', NULL, NULL),
	(90, 'Prof. Andrew Barrows', 'collin.weissnat@example.com', '$2y$10$eM9e70rou2Qz/ZEcLBazVOm.54geNiLd8Aw8iWUB8rsnVAlF9MFXK', 'zqoot8R0yk', '2018-07-30 09:31:17', '2018-07-30 09:31:17', NULL, NULL),
	(91, 'Antonette Blick', 'mara.schiller@example.net', '$2y$10$wbXdHkCvtuz/3cTElom0TelKEhVjeBLmXHCQAhxzPOTf0C3wRRGrq', 'hzeP63Atb8', '2018-07-30 09:31:17', '2018-07-30 09:31:17', NULL, NULL),
	(92, 'Mr. Xavier Sipes PhD', 'nolan.corwin@example.org', '$2y$10$P4FFx52yomPTTN0SajafpOAQRfAhbn8bF2VbTWypNFcR4hKREktM.', '3GZOGRnMjy', '2018-07-30 09:31:17', '2018-07-30 09:31:17', NULL, NULL),
	(93, 'Emelie Kassulke', 'herzog.payton@example.com', '$2y$10$lYrZjCc/BwgWWkEZ7vYtjuK3BDVWUgvZzleOy60R/f/fMyv8ouI5W', '8lqHePUyUu', '2018-07-30 09:31:17', '2018-07-30 09:31:17', NULL, NULL),
	(94, 'Stewart Wilkinson', 'tyrese00@example.org', '$2y$10$KhTqadN0UFPiEnfxJ7hPF.c4yOrjuXXLzPY8.9JcHCF1xeZJ1CqwG', 'EiFt1O9JbU', '2018-07-30 09:31:17', '2018-07-30 09:31:17', NULL, NULL),
	(95, 'Margarete Gibson', 'jones.jed@example.net', '$2y$10$UgHzSVM5SnwMHFCuUZbkweXpthPdn.2j6TI3f8XyyKnDnjYtZIDvy', 'Axm51Ifdlg', '2018-07-30 09:31:17', '2018-07-30 09:31:17', NULL, NULL),
	(96, 'Madalyn Purdy', 'elisabeth.paucek@example.net', '$2y$10$xiMkvE5lsyK41WdDBsbkuePSR21sCgVAOe9BLfihr7JL83UFZP0am', 'oevUefWjK6', '2018-07-30 09:31:17', '2018-07-30 09:31:17', NULL, NULL),
	(97, 'Madeline Powlowski', 'gwest@example.com', '$2y$10$AUm.Bhm65juywyAUmtnAE.ZMQtECqSxW6JNIW3Ga4myqCW1OgmgWe', 'PvE4UYIxoV', '2018-07-30 09:31:17', '2018-07-30 09:31:17', NULL, NULL),
	(98, 'Prof. Ashton Windler', 'xturcotte@example.com', '$2y$10$PeOGt6ZIZXr6PnIcNNNgueYbHIp9.wOcssOZBnxdPAUdNE/E8Glnq', 'F7pGmT2sdU', '2018-07-30 09:31:17', '2018-07-30 09:31:17', NULL, NULL),
	(99, 'Sincere Huel', 'allie.simonis@example.org', '$2y$10$dFWP8i0MoVL/z/JJNVrshubpSKpHY8u25ZrOspE9dbiNcwGhCvJdi', 'KTOfoMctsF', '2018-07-30 09:31:17', '2018-07-30 09:31:17', NULL, NULL),
	(100, 'Trudie Smitham', 'zemlak.polly@example.com', '$2y$10$9ow.UMyU4aBAJ06FfXrVaOx7i5EYLxzUYm0psDyCnYFGpGNYLAK7e', '4X2YVrFGNw', '2018-07-30 09:31:17', '2018-07-30 09:31:17', NULL, NULL),
	(101, 'test!', 'test!@126.com', '$2y$10$RBdUh4XeKto7AqBjcUnAVu7DL8tideobpIOnbcqDcXVILb0E0Qhja', NULL, '2018-08-03 15:42:13', '2018-08-03 15:42:13', NULL, NULL),
	(102, 'sdf', 'sdf@126.com', '$2y$10$yevNRMkK/g6OXfe9oV4aF.vi4dj/OMR/7FRCn3wK5ZDUU8ACMP6Fe', NULL, '2018-08-06 17:01:39', '2018-08-06 17:01:39', NULL, NULL),
	(103, 'wer', 'wer@126.com', '$2y$10$mxYjMjEi97rSLlr7w9K1temPLazsjmjpmfND.atganDt9RCjXRLRK', NULL, '2018-08-06 17:03:44', '2018-08-06 17:03:44', NULL, NULL),
	(104, 'ufo', 'ufo@126.com', '$2y$10$2Wo2afSP4IyIcBTnSbrpIeTr2tZPhM0BUWuQoSssnOfyP/fWccKYu', NULL, '2018-08-08 14:28:37', '2018-08-08 14:28:37', NULL, NULL),
	(105, 'werw', 'we@124.com', '$2y$10$Hk6ggbZNgd56IGysH91N5OcixUSKU3zFw3kk2aRDox6NXT7Q8zpa.', NULL, '2018-08-08 14:35:18', '2018-08-08 14:42:45', NULL, 0),
	(106, 'asd', 'asd@126.com', '$2y$10$ZxYvUcHf/iNLfq.fApZtSu2cclU15YutroRlMjX5.8DRmtjP3dfkO', NULL, '2018-08-08 14:47:15', '2018-08-08 14:47:15', NULL, NULL),
	(107, 'f', 'f@12.com', '$2y$10$2t8Jj1BBYgiMb93XWJvJi.cBBQR3UB9wV9gfe7k.05paIE4zb.EvC', NULL, '2018-08-08 16:00:33', '2018-08-08 16:01:39', NULL, 15),
	(108, 'user1', 'user1@126.com', '$2y$10$ndi7Crn4ec2dnb/OrUX/u.S7KpstnOXOUD/NPhbIoN7hOnYfaybUC', NULL, '2018-08-13 11:17:58', '2018-08-13 11:18:09', NULL, 9),
	(109, 'Magnolia Hermiston', 'hilda98@example.net', '$2y$10$XaidpvDrzhnJM/rIGl7dmOldIzrwIRlhGPTfdAIfXauaaJVxnVzh.', 'Zfr4scD8L4', '2018-08-13 14:27:57', '2018-08-13 14:27:57', NULL, NULL),
	(110, 'Jamie O\'Connell', 'estrella.upton@example.net', '$2y$10$K42ZttKpUmOmCXuvyuaMq.V1lDQqk7YqFvxuHBoAuHWPdU/cBgz.K', 'iaXdgZOHaN', '2018-08-13 14:34:58', '2018-08-13 14:34:58', NULL, NULL),
	(111, 'Genesis Doyle', 'mckenzie.hessel@example.org', '$2y$10$zLrYmpj51P134IPyX/4mJ.J.FoxQ1qMOKMzt9ZEmcsQvR3/DOKIAy', 'dn45sYy6RU', '2018-08-13 14:34:58', '2018-08-13 14:34:58', NULL, NULL),
	(112, 'Maybelle Weissnat', 'kemmerich@example.com', '$2y$10$aKI/hJ6RORu4/nuW5Rz31e2IOgErBVTyubb6UT2b6Tn2y5oR/ByU.', 'o0pOm4vjlA', '2018-08-13 14:34:58', '2018-08-13 14:34:58', NULL, NULL),
	(113, 'Edmond Nitzsche', 'marshall.gottlieb@example.com', '$2y$10$fHNqohOqhUuaGe9U1VzboOzaWZvHa9eFO1a87pRt1FIAbMQOrwhuS', 'hGUZggzIpG', '2018-08-13 14:34:58', '2018-08-13 14:34:58', NULL, NULL),
	(114, 'Theodore Welch Sr.', 'weimann.nora@example.org', '$2y$10$HQdzqp1iTIKRKutB1Mmi.eX9GSwoI0OkcULEaLidV0F59EV2adEbe', 'L4o3WQ8XdF', '2018-08-13 14:34:58', '2018-08-13 14:34:58', NULL, NULL),
	(115, 'Kyler Runte', 'rory.towne@example.org', '$2y$10$qU817hL0trZ9KNZeKw2XC.k1EssV285/QOJbjd/8JSzTJWL41Hqd.', 'cBg4N4xxRZ', '2018-08-13 14:34:58', '2018-08-13 14:34:58', NULL, NULL),
	(116, 'Johann Koch', 'joseph.funk@example.org', '$2y$10$BTlD/mRHODB2AOOTVyR/Le02y9Eikktb4Vt5G/8oMkOQm9T1n6QXO', 'eUBET6dTvv', '2018-08-13 14:34:58', '2018-08-13 14:34:58', NULL, NULL),
	(117, 'Prof. Darwin Bogan III', 'ella91@example.org', '$2y$10$OPZGoixhRklY7Xwm5RL5.exMy2S272ybyY6m5I3hZ3Epr5JuRrT46', 'IQT5whze1Y', '2018-08-13 14:34:58', '2018-08-13 14:34:58', NULL, NULL),
	(118, 'Prof. Marlon Rutherford Jr.', 'delta.toy@example.org', '$2y$10$8p6rANGtNt1OXr02POZmKujS02q4ksosTworUtQ/vEbynvNFGXdd6', 'MZsGYj9gkZ', '2018-08-13 14:34:58', '2018-08-13 14:34:58', NULL, NULL),
	(119, 'Prof. Jeff Veum Sr.', 'mschaefer@example.org', '$2y$10$TAOK2v2K7GgbdKziQ4m4BuuOIgONYFVNU3IK1siTyNyG6fuhMTfuq', 'AReufv3WFG', '2018-08-13 14:34:58', '2018-08-13 14:34:58', NULL, NULL),
	(120, 'Mr. Royal Hane', 'kaden83@example.net', 'e10adc3949ba59abbe56e057f20f883e', '8w3Ycb2r7Y', '2018-08-13 14:37:36', '2018-08-13 14:37:36', NULL, NULL),
	(121, 'Josh Huel I', 'ffranecki@example.net', 'e10adc3949ba59abbe56e057f20f883e', '4ayC02W0ZC', '2018-08-13 14:37:36', '2018-08-13 14:37:36', NULL, NULL),
	(122, 'Dejuan Runolfsdottir IV', 'murphy.estrella@example.com', 'e10adc3949ba59abbe56e057f20f883e', 'txJ81UleHl', '2018-08-13 14:37:36', '2018-08-13 14:37:36', NULL, NULL),
	(123, 'Prof. Lowell Barrows DVM', 'akoss@example.net', 'e10adc3949ba59abbe56e057f20f883e', '8WvufOfMVx', '2018-08-13 14:37:36', '2018-08-13 14:37:36', NULL, NULL),
	(124, 'Tre Bergstrom II', 'jeremy46@example.org', 'e10adc3949ba59abbe56e057f20f883e', 'mhE6KQopDT', '2018-08-13 14:37:36', '2018-08-13 14:37:36', NULL, NULL),
	(125, 'Ms. Daphnee Simonis II', 'creola.jaskolski@example.net', 'e10adc3949ba59abbe56e057f20f883e', 'sz2ijBmTak', '2018-08-13 14:37:36', '2018-08-13 14:37:36', NULL, NULL),
	(126, 'Haleigh Kassulke', 'kbernier@example.org', 'e10adc3949ba59abbe56e057f20f883e', 'KIJ71FtA0t', '2018-08-13 14:37:36', '2018-08-13 14:37:36', NULL, NULL),
	(127, 'Mr. Royal Witting DVM', 'elouise12@example.net', 'e10adc3949ba59abbe56e057f20f883e', 'dFmNG13wjM', '2018-08-13 14:37:36', '2018-08-13 14:37:36', NULL, NULL),
	(128, 'Noe Sporer', 'raynor.kiera@example.com', 'e10adc3949ba59abbe56e057f20f883e', 'MEr9nIZMbi', '2018-08-13 14:37:36', '2018-08-13 14:37:36', NULL, NULL),
	(129, 'Thad Krajcik V', 'pfadel@example.org', 'e10adc3949ba59abbe56e057f20f883e', 'tsBOoss1yI', '2018-08-13 14:37:36', '2018-08-13 14:37:36', NULL, NULL);
/*!40000 ALTER TABLE `users` ENABLE KEYS */;

-- 导出  表 homestead.user_company 结构
CREATE TABLE IF NOT EXISTS `user_company` (
  `id` int(10) unsigned NOT NULL AUTO_INCREMENT,
  `user_id` int(11) NOT NULL,
  `company_id` int(11) NOT NULL,
  `created_at` timestamp NULL DEFAULT NULL,
  `updated_at` timestamp NULL DEFAULT NULL,
  PRIMARY KEY (`id`),
  KEY `user_company_user_id_index` (`user_id`),
  KEY `user_company_company_id_index` (`company_id`)
) ENGINE=InnoDB DEFAULT CHARSET=utf8 COLLATE=utf8_unicode_ci;

-- 正在导出表  homestead.user_company 的数据：~0 rows (大约)
/*!40000 ALTER TABLE `user_company` DISABLE KEYS */;
/*!40000 ALTER TABLE `user_company` ENABLE KEYS */;

-- 导出  表 homestead.user_log 结构
CREATE TABLE IF NOT EXISTS `user_log` (
  `logid` int(10) unsigned NOT NULL AUTO_INCREMENT,
  `userid` varchar(255) COLLATE utf8_unicode_ci NOT NULL COMMENT '用户id',
  `username` varchar(255) COLLATE utf8_unicode_ci NOT NULL COMMENT '姓名',
  `guard` varchar(30) COLLATE utf8_unicode_ci DEFAULT NULL COMMENT '守卫类型',
  `type` varchar(50) COLLATE utf8_unicode_ci NOT NULL COMMENT '操作类型',
  `ip` varchar(50) COLLATE utf8_unicode_ci NOT NULL COMMENT '操作者ip',
  `browser` varchar(150) COLLATE utf8_unicode_ci NOT NULL COMMENT '浏览器',
  `system` varchar(50) COLLATE utf8_unicode_ci NOT NULL COMMENT '操作系统',
  `url` varchar(150) COLLATE utf8_unicode_ci NOT NULL COMMENT 'url',
  `content` varchar(255) COLLATE utf8_unicode_ci NOT NULL COMMENT '操作描述',
  `updatetime` datetime NOT NULL COMMENT '操作时间',
  PRIMARY KEY (`logid`)
) ENGINE=InnoDB AUTO_INCREMENT=26 DEFAULT CHARSET=utf8 COLLATE=utf8_unicode_ci;

-- 正在导出表  homestead.user_log 的数据：~25 rows (大约)
/*!40000 ALTER TABLE `user_log` DISABLE KEYS */;
INSERT INTO `user_log` (`logid`, `userid`, `username`, `guard`, `type`, `ip`, `browser`, `system`, `url`, `content`, `updatetime`) VALUES
	(1, '1', 'Lauriane', 'api', 'update', '127.0.0.1', 'Chrome 67.0.3396.99', 'Windows 7', '/api/users/10', '更新的id:10', '2018-08-13 16:31:08'),
	(2, '1', 'Lauriane', 'api', 'update', '127.0.0.1', 'Chrome 67.0.3396.99', 'Windows 7', '/api/users/9', '更新的id:9', '2018-08-13 16:42:33'),
	(3, '1', 'Cynthia Lindgren', 'api', 'update', '192.168.1.11', 'Chrome 67.0.3396.99', 'Windows 7', '/api/control/886738733/update', '更新的id:', '2018-09-21 11:23:55'),
	(4, '1', 'Cynthia Lindgren', 'api', 'update', '192.168.1.11', 'Chrome 67.0.3396.99', 'Windows 7', '/api/control/886738733/update', '更新的id:886738733', '2018-09-21 11:27:54'),
	(5, '1', 'Cynthia Lindgren', 'api', 'update', '192.168.1.11', 'Chrome 67.0.3396.99', 'Windows 7', '/api/control/886738733/update', '更新的id:886738733', '2018-09-21 11:28:58'),
	(6, '1', 'Cynthia Lindgren', 'api', 'update', '192.168.1.11', 'Chrome 67.0.3396.99', 'Windows 7', '/api/control/886738733/update', '更新的id:886738733{"rd_updatetime":"2018-09-21 10:27:27","pdi_index":886738733,"device_status":1,"running_status":1}', '2018-09-21 11:36:37'),
	(7, '1', 'Cynthia Lindgren', 'api', 'update', '192.168.1.11', 'Chrome 67.0.3396.99', 'Windows 7', '/api/control/886738733/update', '更新的id:886738733{"pdi_index":886738733,"value":1,"field":"running_status","dpt_id":"117"}', '2018-09-21 11:48:49'),
	(8, '1', 'Cynthia Lindgren', 'api', 'update', '192.168.1.11', 'Chrome 67.0.3396.99', 'Windows 7', '/api/control/886738733/update', '更新的id:886738733{"pdi_index":886738733,"value":0,"field":"running_status","dpt_id":"117"}', '2018-09-21 11:49:29'),
	(9, '1', 'Cynthia Lindgren', 'api', 'update', '192.168.1.11', 'Chrome 67.0.3396.99', 'Windows 7', '/api/control/886738733/update', '更新的id:886738733{"pdi_index":886738733,"value":1,"field":"running_status","dpt_id":"117"}', '2018-09-21 11:52:15'),
	(10, '1', 'Cynthia Lindgren', 'api', 'update', '192.168.1.11', 'Chrome 67.0.3396.99', 'Windows 7', '/api/control/886738733/update', '更新的id:886738733{"pdi_index":886738733,"value":0,"field":"running_status","dpt_id":"117"}', '2018-09-21 11:52:24'),
	(11, '1', 'Cynthia Lindgren', 'api', 'update', '192.168.1.11', 'Chrome 67.0.3396.99', 'Windows 7', '/api/control/886738733/update', '更新的id:886738733{"pdi_index":886738733,"value":1,"field":"running_status","dpt_id":"117"}', '2018-09-21 12:05:14'),
	(12, '1', 'Cynthia Lindgren', 'api', 'update', '192.168.1.11', 'Chrome 67.0.3396.99', 'Windows 7', '/api/control/886738733/update', '更新的id:886738733{"pdi_index":886738733,"value":0,"field":"device_status","dpt_id":"117"}', '2018-09-21 12:05:26'),
	(13, '1', 'Cynthia Lindgren', 'api', 'update', '192.168.1.11', 'Chrome 67.0.3396.99', 'Windows 7', '/api/control/886738733/update', '更新的id:886738733{"pdi_index":886738733,"value":0,"field":"running_status","dpt_id":"117"}', '2018-09-21 12:06:47'),
	(14, '1', 'Cynthia Lindgren', 'api', 'update', '192.168.1.11', 'Chrome 67.0.3396.99', 'Windows 7', '/api/control/886738733/update', '更新的id:886738733{"pdi_index":886738733,"value":1,"field":"running_status","dpt_id":"117"}', '2018-09-21 14:03:31'),
	(15, '1', 'Cynthia Lindgren', 'api', 'update', '192.168.1.11', 'Chrome 67.0.3396.99', 'Windows 7', '/api/control/886738733/update', '更新的id:886738733{"pdi_index":886738733,"value":0,"field":"running_status","dpt_id":"117"}', '2018-09-21 14:03:43'),
	(16, '1', 'Cynthia Lindgren', 'api', 'update', '192.168.1.11', 'Chrome 67.0.3396.99', 'Windows 7', '/api/control/886738733/update', '更新的id:886738733{"pdi_index":886738733,"value":1,"field":"device_status","dpt_id":"117"}', '2018-09-21 14:20:57'),
	(17, '1', 'Cynthia Lindgren', 'api', 'update', '192.168.1.11', 'Chrome 67.0.3396.99', 'Windows 7', '/api/control/886738733/update', '更新的id:886738733{"pdi_index":886738733,"value":1,"field":"running_status","dpt_id":"117"}', '2018-09-21 14:21:07'),
	(18, '1', 'Cynthia Lindgren', 'api', 'update', '192.168.1.11', 'Chrome 67.0.3396.99', 'Windows 7', '/api/control/886738733/update', '更新的id:886738733{"pdi_index":886738733,"value":0,"field":"running_status","dpt_id":"117"}', '2018-09-21 14:28:41'),
	(19, '1', 'Cynthia Lindgren', 'api', 'update', '192.168.1.11', 'Chrome 67.0.3396.99', 'Windows 7', '/api/control/886738733/update', '更新的id:886738733{"pdi_index":886738733,"value":0,"field":"device_status","dpt_id":"117"}', '2018-09-21 14:28:54'),
	(20, '1', 'Cynthia Lindgren', 'api', 'update', '192.168.1.11', 'Chrome 67.0.3396.99', 'Windows 7', '/api/control/886738733/update', '更新的id:886738733{"pdi_index":886738733,"value":1,"field":"running_status","dpt_id":"117"}', '2018-09-21 14:32:36'),
	(21, '1', 'Cynthia Lindgren', 'api', 'update', '192.168.1.11', 'Chrome 67.0.3396.99', 'Windows 7', '/api/control/886738733/update', '更新的id:886738733{"pdi_index":886738733,"value":0,"field":"running_status","dpt_id":"117"}', '2018-09-21 14:33:42'),
	(22, '1', 'Cynthia Lindgren', 'api', 'update', '192.168.1.11', 'Chrome 67.0.3396.99', 'Windows 7', '/api/control/886738733/update', '更新的id:886738733{"pdi_index":886738733,"value":1,"field":"running_status","dpt_id":"117"}', '2018-09-21 14:47:05'),
	(23, '1', 'Cynthia Lindgren', 'api', 'update', '192.168.1.11', 'Chrome 67.0.3396.99', 'Windows 7', '/api/control/886738733/update', '更新的id:886738733{"pdi_index":886738733,"value":0,"field":"running_status","dpt_id":"117"}', '2018-09-21 14:47:29'),
	(24, '1', 'Cynthia Lindgren', 'api', 'update', '192.168.1.11', 'Chrome 67.0.3396.99', 'Windows 7', '/api/control/886738733/update', '更新的id:886738733{"pdi_index":886738733,"value":1,"field":"running_status","dpt_id":"117"}', '2018-09-21 14:51:08'),
	(25, '1', 'Cynthia Lindgren', 'api', 'update', '192.168.1.11', 'Chrome 67.0.3396.99', 'Windows 7', '/api/control/886738733/update', '更新的id:886738733{"pdi_index":886738733,"value":0,"field":"running_status","dpt_id":"117"}', '2018-09-21 14:51:19');
/*!40000 ALTER TABLE `user_log` ENABLE KEYS */;

/*!40101 SET SQL_MODE=IFNULL(@OLD_SQL_MODE, '') */;
/*!40014 SET FOREIGN_KEY_CHECKS=IF(@OLD_FOREIGN_KEY_CHECKS IS NULL, 1, @OLD_FOREIGN_KEY_CHECKS) */;
/*!40101 SET CHARACTER_SET_CLIENT=@OLD_CHARACTER_SET_CLIENT */;
